
===== 2026-08-18 15:46:56 ladder_T0.3 [empty] =====
<EMPTY>

===== 2026-08-18 15:59:52 ladder_T0.0 =====
```json
{
  "desire_layer": {
    "distribution": {
      "拥有欲": 0.0,
      "成为欲": 0.0,
      "摆脱欲": 0.13,
      "确认欲": 0.20,
      "超越欲": 0.0,
      "归属欲": 0.02,
      "控制欲": 0.35,
      "安全感欲": 0.30,
      "向往欲": 0.0
    },
    "note": "这是一个高度认识论洁癖的个体。核心驱力不是想买新助听器（拥有欲低）、不是想成为什么人（成为欲低），而是把『不被虚假数据糊弄+把现象拆清楚』当作近乎伦理底线的需求被激活。控制欲来自拒绝被fake scenario欺骗；安全感欲来自对『反射vs拥堵』这种底层变量被混淆的焦虑；确认欲来自『自己长期以来的解读第一次被另一个人拆开』这种被理解的释放；摆脱欲则是从中性偏弱地想从认知迷雾里出来；归属欲只是r/HearingAids社群成员身份的微弱底色，不主导本帖。"
  },
  "need_layer": [
    {
      "code": "N04_理解世界",
      "context_slot": "研究者送来的20分钟实测数据，能让'拥堵'与'反射'这两种他长期被混为一谈的声学现象被区分开",
      "weight": 0.35,
      "derived_from": "由『确认欲+安全感欲』经『有人第一次把这两个变量拆开』的情境事件衍生——他自己要的不是听感好，而是把现象想明白"
    },
    {
      "code": "N01_确定性",
      "context_slot": "助听器在不同声学环境（地毯/硬地/有窗无窗/走路vs静止）下到底因什么而异，他需要把风险与变量边界固定下来",
      "weight": 0.25,
      "derived_from": "由『安全感欲』经『地毯vs硬地、走路vs静止等混淆变量同时存在』的情境衍生——他要的是把不确定性降下来、知道到底是什么在变"
    },
    {
      "code": "N02_掌控局面",
      "context_slot": "面对一份可能过度推销的第三方分析，他要决定哪些数据算数、哪些场景要剔除、哪些问题宁可留白也不接受伪造",
      "weight": 0.20,
      "derived_from": "由『控制欲』经『研究者给出caveat却又用了一个他觉得站不住脚的「all while moving」答案』的情境衍生——他要夺回对这次分析的话语主导权"
    },
    {
      "code": "N10_自我确认",
      "context_slot": "他长期以'拥堵'而非'回声'来解释自己听到的干扰，终于有人用数据替他把这两种解释劈开",
      "weight": 0.10,
      "derived_from": "由『确认欲』经『it's the first time anyone's split those two for me』这一被代表/被理解事件衍生——他的旧解读第一次被外部证据背书"
    },
    {
      "code": "N03_提升能力",
      "context_slot": "在和研究者你来我往的过程中，他自己在学怎么读声学数据、怎么识别confound、怎么在分析中保留疑问",
      "weight": 0.10,
      "derived_from": "由『控制欲+确认欲』经『用carpet/hard floor和walking/inside两套对照来过滤confound』的情境衍生——他在把'如何审一份声学报告'这个方法内化"
    }
  ],
  "appraisal": {
    "goal_relevance": 0.92,
    "congruence_direction": "促进",
    "need_status": "已满足",
    "goal_congruence": "正",
    "coping_potential": "高",
    "note": "数据帮他把'拥堵'和'反射'劈开（N04促进且已满足）→ 产生宽慰与认同；同时他识别出研究者caveat正确但answer站不住（N01部分威胁+未完全满足，但他用自己审稿的方式夺回主导权N02促进）→ 整体正情绪偏强。coping_potential 高是因为他自己就是审稿人，工具与方法都在他手里，不需要等外部救他——情绪因此偏稳而不是fear。"
  },
  "emotion_layer": {
    "distribution": {
      "admiration钦佩": 0.10,
      "joy喜悦": 0.08,
      "gratitude感激": 0.05,
      "desire渴望": 0.0,
      "nostalgia怀旧": 0.0,
      "pride自豪": 0.15,
      "love爱": 0.0,
      "relief宽慰": 0.22,
      "approval认同": 0.22,
      "curiosity好奇": 0.18,
      "fear恐惧": 0.0,
      "sadness悲伤": 0.0,
      "anger愤怒": 0.0
    },
    "note": "由需求×goal_congruence=正 推出正情绪族。N04促进+已满足→relief('你做到了我说你做不到的事')+curiosity('还剩多少其他电台'，剩余不确定性被当成有趣题而不是威胁)。N02掌控局面被守住→pride('I don't want to oversell it'的那种审慎自豪)+approval(对研究者caveat的认可)。对研究者准确拆分的瞬间有轻度admiration和joy，但总量被审慎压制。没有fear/sadness/anger——因为他把模糊性重新框定为'我决定留白'而不是'我被欺骗了'，威胁已被自己消解。"
  },
  "action_tendency_layer": {
    "distribution": {
      "approach趋近": 0.20,
      "avoidance回避": 0.0,
      "attend关注": 0.30,
      "reject拒斥": 0.25,
      "agonistic对抗": 0.0,
      "interrupt中断": 0.0,
      "dominate支配": 0.25
    }
  },
  "chain_trace": "控制欲(35%)+安全感欲(30%)+确认欲(20%) →(研究者送来20分钟实测数据，并把'拥堵'与'反射'第一次劈开这一情境事件)→ 需求N04_理解世界(35%)+N01_确定性(25%)+N02_掌控局面(20%)+N10_自我确认(10%)+N03_提升能力(10%) →(评价:高目标相关0.92/促进/部分已满足/正/高应对潜能)→ 情绪relief宽慰(22%)+approval认同(22%)+curiosity好奇(18%)+pride自豪(15%)+admiration钦佩(10%)+joy喜悦(8%)+gratitude感激(5%) → 行动倾向attend关注(30%)+reject拒斥(25%)+dominate支配(25%)+approach趋近(20%) 的完整推导：他带着控制与确定性诉求读这份数据，数据的拆分功能让他的理解需求被满足，催生宽慰与认同；面对研究者站不住脚的运动答案他主动夺回分析主导权，催生审慎的自豪与拒斥；高应对潜能保证他不会滑向fear，整条链子以'关注—支配—拒斥—趋近'的复合姿态收尾。"
  "evidence": {
    "desire": "控制欲:'I'd rather leave that one unanswered than have you fake a scenario you'd never actually be in.' / 安全感欲:'it's the first time anyone's split those two for me' / 确认欲:'I read that as congestion rather than bouncing, and it's the first time anyone's split those two for me' / 摆脱欲:'You just did the thing I said your data couldn't do. In twenty minutes.'",
    "need": "N04:'it's the first time anyone's split those two for me' / N01:'But one varies a lot more than the other. Not the walls, I think.' / N02:'I'm not counting it.' / N10:'I read that as congestion rather than bouncing' / N03:'Carpet at home and hard floors at the station means I still can't call the reflective side identical'",
    "emotion": "relief:'You just did the thing I said your data couldn't do. In twenty minutes.' / approval:'your caveat is the right one and I'll take it over your answer' / curiosity:'What I'm left with is how many other radios are in the room' / pride:'I don't want to oversell it.' / admiration(implied):承认'first time anyone's split those two for me'",
    "action": "attend:对carpet/hard floor、walking/inside两组对照的密集拆解 / reject:'I'm not counting it' 与 'I'd rather leave that one unanswered' / dominate:'I'm not counting it'——他单方面决定哪个数据点入账 / approach:愿意在原帖下进行深度对谈，并主动指出可证伪的测试('standing still in the station with something playing')"
  }
}
```

===== 2026-08-18 16:13:26 ladder_T0.0 =====
```json
{
  "desire_layer": {
    "distribution": {
      "拥有欲": 0.0,
      "成为欲": 0.0,
      "摆脱欲": 0.05,
      "确认欲": 0.30,
      "超越欲": 0.20,
      "归属欲": 0.05,
      "控制欲": 0.15,
      "安全感欲": 0.25,
      "向往欲": 0.0
    },
    "note": "主导欲望是确认欲——'the first time anyone's split those two for me'标志着自我区分第一次被看见、被代表；其次是安全感欲——想把不可控的环境变量(reflection vs congestion)分清楚、降低威胁模糊性；超越欲体现为对原始数据/方法的不满足(主动拆穿'all while moving'的因果错位)；控制欲体现在自己定义什么算'该被计数'；摆脱欲很弱，仅是想从混淆中脱身；归属欲隐含找到能对话的人。"
  },
  "need_layer": [
    {
      "code": "N04_理解世界",
      "context_slot": "听力设备在不同声学环境(墙/窗/地毯/硬地)下的失效机制，自己原来混在一起的'reflection'(反射)与'congestion'(同频干扰)究竟是不是同一件事",
      "weight": 0.35,
      "derived_from": "由<安全感欲>经<有人把reflection与congestion拆开做实验>，衍生为把'为什么在家与车站听感不同'这个认知缺口补上"
    },
    {
      "code": "N10_自我确认",
      "context_slot": "自己长期持有的'这不是反弹，是同频拥堵'的判断，第一次被一个外部声音回应/认可",
      "weight": 0.25,
      "derived_from": "由<确认欲>经<对方在20分钟内做到了自己以为数据做不到的事>，衍生为'我的区分是对的、我不是孤立的'"
    },
    {
      "code": "N01_确定性",
      "context_slot": "想弄清变量里到底哪个对听感影响更大、'both things vary'的相对权重，而非停留在'有时好有时坏'",
      "weight": 0.20,
      "derived_from": "由<安全感欲>经<同一个人同一种设备在不同地点表现不一>，衍生为'把不确定性降下来'"
    },
    {
      "code": "N02_掌控局面",
      "context_slot": "主动界定哪些证据该被纳入('I'm not counting it')、该用什么实验设计才能真正回答('standing still in the station')",
      "weight": 0.10,
      "derived_from": "由<控制欲>经<对方给出'行走中测试'这种他自己不会做的场景>，衍生为'我决定什么算证据、什么算噪音'"
    },
    {
      "code": "N09_获得地位",
      "context_slot": "以方法论审稿人的姿态回收数据，体现'我比你更懂怎么测你自己的设备'",
      "weight": 0.05,
      "derived_from": "由<超越欲>经<对方既是设备方也是解释方>，衍生为'在解读权上排到前面'"
    },
    {
      "code": "N11_归属群体",
      "context_slot": "在 r/HearingAids 这个细分圈层里找到能用同一种语言('reflections vs congestion'、'dropouts')对话的人",
      "weight": 0.05,
      "derived_from": "由<归属欲>经<第一次有人能'Split those two for me'>，衍生为'我属于这群能把事情讲清楚的人'"
    }
  ],
  "appraisal": {
    "goal_relevance": 0.95,
    "congruence_direction": "促进",
    "need_status": "已满足",
    "goal_congruence": "正",
    "coping_potential": "高",
    "note": "内容(对方实测并拆分变量)直接推进了 N04 理解世界 与 N10 自我确认 两个核心需求，且作者手中已握有方法论工具(主动提出 standing still 的测试),因此应对潜能高——正向情绪由此被允许展开(approval / relief / admiration)。负向情绪的微出口在'我不愿让它假答'这一句,因 threat 信号(对方想快给结论)被作者成功拒收,转化为温和的 dominate 而非 anger。"
  },
  "emotion_layer": {
    "distribution": {
      "admiration钦佩": 0.15,
      "joy喜悦": 0.05,
      "gratitude感激": 0.10,
      "desire渴望": 0.0,
      "nostalgia怀旧": 0.0,
      "pride自豪": 0.05,
      "love爱": 0.0,
      "relief宽慰": 0.20,
      "approval认同": 0.30,
      "curiosity好奇": 0.15,
      "fear恐惧": 0.0,
      "sadness悲伤": 0.0,
      "anger愤怒": 0.0
    },
    "note": "正情绪由'促进+已满足+应对潜能高'派生:approval 是主调('the first time anyone's split those two for me');relief 来自'我不用再自己背这个区分';curiosity 来自尚未关闭的 standing-still 测试;admiration 是对'20分钟做到我以为做不到的事';gratitude 隐藏在'你的 caveat 才是对的,我宁愿你不说也不要假说';pride 是审稿姿态带来的微量自我抬升。无 fear/anger/anger 是因为威胁已被作者的方法论收编、转为轻度 dominate。"
  },
  "action_tendency_layer": {
    "distribution": {
      "approach趋近": 0.30,
      "avoidance回避": 0.05,
      "attend关注": 0.35,
      "reject拒斥": 0.10,
      "agonistic对抗": 0.0,
      "interrupt中断": 0.0,
      "dominate支配": 0.20
    }
  },
  "chain_trace": "确认欲+安全感欲+超越欲 →(对方在20分钟内把reflection与congestion拆成两个独立变量,且同时进行实地测量)→ N04_理解世界+N10_自我确认+N01_确定性 →(评价:高度目标相关 / 促进方向 / 需求当场被部分满足 / 正向 / 高应对潜能——因为作者自己已能设计 standing-still 的替代实验)→ approval 认同 + relief 宽慰 + curiosity 好奇 + admiration 钦佩 + 微量 gratitude → attend 关注(继续追问) + approach 趋近(贴近这段对话) + dominate 支配(自己定义什么算证据) + reject 拒斥(把'all while moving'的样本排除) 的完整一句话推导。"
  "evidence": {
    "desire": "'I read that as congestion rather than bouncing, and it's the first time anyone's split those two for me' / 'But one varies a lot more than the other. Not the walls, I think.' / 'I'd rather leave that one unanswered than have you fake a scenario you'd never actually be in.'",
    "need": "'In twenty minutes.' / 'the first time anyone's split those two for me' / 'I'm not counting it.' / 'The test that would settle it is standing still in the station' / 'both things vary between your good places and your bad ones'",
    "emotion": "'I don't want to oversell it' (克制式 approval) / 'the first time anyone's split those two for me' (relief/被理解) / 'your caveat is the right one and I'll take it over your answer' (admiration) / 'I'd rather leave that one unanswered' (curiosity 悬置) / 'silly thing to ask of you' (轻量 pride 的自嘲出口)",
    "action": "'I'm not counting it.' / 'The test that would settle it is standing still in the station' / 'I'd rather leave that one unanswered than have you fake a scenario you'd never actually be in.'"
  }
}
```

===== 2026-08-18 16:13:39 ladder_T0.0 =====
```json
{
  "desire_layer": {
    "distribution": {
      "拥有欲": 0.02,
      "成为欲": 0.01,
      "摆脱欲": 0.05,
      "确认欲": 0.12,
      "超越欲": 0.15,
      "归属欲": 0.00,
      "控制欲": 0.35,
      "安全感欲": 0.30,
      "向往欲": 0.00
    },
    "note": "主导欲望是控制欲(把测试方法、对话走向、不合格数据的剔除权牢牢握在手里)与安全感欲(消除'到底是反射还是干扰'的因果不确定性)。超越欲体现在'第一次有人把这两件事分开给我看'(突破此前信息糊在一起的体验)。确认欲来自'You just did the thing I said your data couldn't do'(自己的判断被验证)。摆脱欲很弱——助听器流媒体卡顿只是局部不适,不是核心痛点。归属欲、拥有欲、向阳欲几乎为0,本帖不涉及群体认同、物质占有或理想图景代入。"
  },
  "need_layer": [
    {
      "code": "N01_确定性",
      "context_slot": "助听器流媒体在车站/家中表现不一,需要分清'是反射声导致断连'还是'同频段无线电干扰'这两类独立成因,把变量锁死",
      "weight": 0.30,
      "derived_from": "由<安全感欲>经<设备行为不可预测、原因不明>衍生;控制欲和超越欲共同强化"
    },
    {
      "code": "N02_掌控局面",
      "context_slot": "对方提供的'边走边流媒体'数据被作者当场裁定不计入,'那一个我宁可留白也不要你假装一个你根本不会出现的场景'——测试设计与数据采纳权完全在作者手中",
      "weight": 0.30,
      "derived_from": "由<控制欲>经<对方数据有水分/场景失真>衍生"
    },
    {
      "code": "N04_理解世界",
      "context_slot": "需要理解'房间里到底还有多少其他无线电'与'墙面反射'这两个机制在断连中分别贡献了多少——把现象还原为可命名的物理机制",
      "weight": 0.25,
      "derived_from": "由<超越欲+安全感欲>经<此前没人把两件事分开讲>衍生"
    },
    {
      "code": "N03_提升能力",
      "context_slot": "在多次不同场景(家中地毯 vs 车站硬地面)中建立可控变量对比,习得'如何自己分辨反射与干扰'的测试方法",
      "weight": 0.08,
      "derived_from": "由<控制欲>经<自主设计实验>衍生"
    },
    {
      "code": "N10_自我确认",
      "context_slot": "自己此前对设备能力的判断('你的数据做不到这件事')被现实验证为正确,需要被对方明确承认",
      "weight": 0.05,
      "derived_from": "由<确认欲>经<自己的预测被打脸/被打脸反转>衍生"
    },
    {
      "code": "N06_摆脱痛苦",
      "context_slot": "流媒体偶发断连造成的轻度听觉/使用不适",
      "weight": 0.02,
      "derived_from": "由<摆脱欲>经<设备使用中的小麻烦>衍生"
    }
  ],
  "appraisal": {
    "goal_relevance": 0.95,
    "congruence_direction": "促进",
    "need_status": "已满足",
    "goal_congruence": "正",
    "coping_potential": "高",
    "note": "目标相关度极高——这段内容本身就是作者评估自己核心需求(确定性能否压住不确定性能否握在手里)的现场。方向是'促进':对方承认了反射/干扰分离,接受了剔除坏数据的裁定,作者感到自己在逼近真相。需求状态'已满足':关键问题被分拆、不可回答的留白被主动接受(留白本身就是认知收益)。由促进+已满足派生出正情绪(好奇/认同/宽慰/钦佩/自豪)。应对潜能高——作者自己设计实验、自己裁定数据,完全有能力继续推进,因此情绪以趋近型(好奇、宽慰)为主而非回避型(恐惧、悲伤)。"
  },
  "emotion_layer": {
    "distribution": {
      "admiration钦佩": 0.08,
      "joy喜悦": 0.05,
      "gratitude感激": 0.04,
      "desire渴望": 0.02,
      "nostalgia怀旧": 0.00,
      "pride自豪": 0.15,
      "love爱": 0.00,
      "relief宽慰": 0.10,
      "approval认同": 0.20,
      "curiosity好奇": 0.35,
      "fear恐惧": 0.01,
      "sadness悲伤": 0.00,
      "anger愤怒": 0.00
    },
    "note": "从需求×正congruence+高coping推导:好奇心最高(0.35)直接来自N04_理解世界被促进且部分满足,作者正处在'哦原来可以这样分'的认知推进中;认同(0.20)来自对方'caveat is the right one'被接受,作者对对方的诚实给予肯定;自豪(0.15)来自自己判断被验证+自己成功主持了实验设计;宽慰(0.10)来自核心不确定被拆解;钦佩(0.08)对'第一次有人把两件事分开给我看'这一罕见解释力的轻微敬意;喜悦、感激、渴望很低;恐惧、悲伤、愤怒几乎为0,因为coping高+需求已满足+无直接威胁。"
  },
  "action_tendency_layer": {
    "distribution": {
      "approach趋近": 0.25,
      "avoidance回避": 0.01,
      "attend关注": 0.35,
      "reject拒斥": 0.10,
      "agonistic对抗": 0.03,
      "interrupt中断": 0.01,
      "dominate支配": 0.25
    },
    "note": "attend关注最高(0.35)对应持续拆解反射/干扰/地毯/硬地等多变量;dominate支配(0.25)和approach趋近(0.25)对应主动设定测试条件、接纳新数据;reject拒斥(0.10)对应明确剔除'边走边流媒体'那批数据;agonistic对抗(0.03)对'假装一个你不会出现的场景'的轻度对抗;avoidance与interrupt近0——作者完全不回避且未中断这场对话。"
  },
  "chain_trace": "控制欲+安全感欲 →(情境:助听器流媒体在不同声学/无线环境下行为不可预测,数据来源被对方把持且对方把'反射'与'干扰'混为一谈)→ 需求N01_确定性+N02_掌控局面+N04_理解世界 →(评价:goal_relevance=0.95,方向=促进,状态=已满足,congruence=正,coping=高)→ 情绪curiosity好奇+approval认同+pride自豪+relief宽慰+admiration钦佩 → 行动倾向attend关注+dominate支配+approach趋近+reject拒斥 的完整推导:作者用高度受控的实验设计把不可控变量一个个锁住,在对话中用'剔除坏数据''宁可不答也不要假场景'的姿态维持认知主权,情绪以认知推进型的正情绪为主,行动上持续投入这场精读式技术对话。"
  "evidence": {
    "desire": "控制欲:'I'm not counting it.' / 'I'd rather leave that one unanswered than have you fake a scenario you'd never actually be in.'; 安全感欲:'What I'm left with is how many other radios are in the room. I read that as congestion rather than bouncing'; 超越欲:'it's the first time anyone's split those two for me'; 确认欲:'You just did the thing I said your data couldn't do. In twenty minutes.'",
    "need": "N01_确定性:'how many other radios are in the room. I read that as congestion rather than bouncing, and it's the first time anyone's split those two for me'; N02_掌控局面:'I'm not counting it.' / 'I'd rather leave that one unanswered than have you fake a scenario you'd never actually be in'; N04_理解世界:'how many other radios are in the room' + 'one varies a lot more than the other. Not the walls, I think'; N03_提升能力:'Carpet at home and hard floors at the station means I still can't call the reflective side identical, so both things vary between your good places and your bad ones'; N10_自我确认:'You just did the thing I said your data couldn't do'",
    "emotion": "curiosity:'how many other radios are in the room' / 'one varies a lot more than the other'; approval:'your caveat is the right one and I'll take it over your answer'; pride:'I don't want to oversell it' / 'I'll take it over your answer'; relief:'You just did the thing I said your data couldn't do. In twenty minutes'; admiration:'it's the first time anyone's split those two for me'",
    "action": "attend:'Windows and walls at home and at the office, so the reflections are there'; dominate:'I'm not counting it.' / 'I'd rather leave that one unanswered'; approach:'You just did the thing I said your data couldn't do. In twenty minutes'; reject:'than have you fake a scenario you'd never actually be in'"
  }
}
```

===== 2026-08-18 16:17:22 knot_s1_T0.0 =====
```json
{
  "desire_layer": {
    "distribution": {
      "拥有欲": 0.0,
      "成为欲": 0.0,
      "摆脱欲": 0.10,
      "确认欲": 0.30,
      "超越欲": 0.10,
      "归属欲": 0.0,
      "控制欲": 0.30,
      "安全感欲": 0.20,
      "向往欲": 0.0
    },
    "note": "书写者是一位在听力师面前提交自测数据并裁决其解释是否成立的硬核用户。核心被激活的是『确认欲』(希望自己的观察被正确建模、自己的数据不被混淆解释)与『控制欲』(拒绝对方主导测试条件、拒绝被引向虚假场景、主动裁定哪些数据可入账)。『安全感欲』来自对设备真实表现不确定性的消除；『摆脱欲』对应摆脱被前一轮'回声 vs 拥塞'混淆解释长期困扰的状态；『超越欲』体现在智力上压制对方的分析框架。拥有欲/成为欲/归属欲/向往欲在此场景中未被激活——这是一段关于'我的数据该被怎么读'的元层级对话，不指向占有物、地位群体或美学代入。"
  },
  "need_layer": [
    {
      "code": "N04_理解世界",
      "context_slot": "在家里与办公室分别测试蓝牙串流,试图分清'反射造成的失真'与'频段拥塞造成的失真'这两种机制",
      "weight": 0.30,
      "derived_from": "由「确认欲」经"对方把两类失真混在同一个数据桶里"这一情境事件,衍生为'把回声/拥塞这两个物理机制拆清楚'的认知缺口需求"
    },
    {
      "code": "N01_确定性",
      "context_slot": "在静态、走动两种条件下反复比对串流表现,想得到关于设备真实性能的确定结论",
      "weight": 0.25,
      "derived_from": "由「安全感欲」经"我手里这台助听器到底在什么条件下会断流"这一风险情境,衍生为'把不确定性降下来、知道风险到底落在哪个机制上'的需求"
    },
    {
      "code": "N02_掌控局面",
      "context_slot": "对方给出'all while moving'这一笼统回答,书写者识别其因果倒置并拒不让步,且主动拒绝一个不可执行的测试方案",
      "weight": 0.25,
      "derived_from": "由「控制欲」经"对方想用一个虚假的静止测试场景结案"这一情境事件,衍生为'由我决定哪些数据算、哪些场景不跑、哪些问题留白'的夺回主导权需求"
    },
    {
      "code": "N10_自我确认",
      "context_slot": "书写者向对方报告"二十分钟内做出了你数据做不出的事",并指出这是'first time anyone's split those two for me'",
      "weight": 0.20,
      "derived_from": "由「确认欲」+「超越欲」经"我之前的判断一直被对方的数据框架压着"这一情境,衍生为'确认我的观察/分类方式确实是对的、我比对方更懂自己的数据'的背书需求"
    }
  ],
  "appraisal": {
    "goal_relevance": 0.9,
    "congruence_direction": "促进",
    "need_status": "已满足",
    "goal_congruence": "正",
    "coping_potential": "高",
    "note": "goal_relevance 极高——这是书写者本人发起、围绕自己设备核心问题的实测复盘,不是围观他人。congruence_direction=促进:本次复盘成功把'回声'与'拥塞'两个机制在数据上分离,推进了 N04 与 N01;对方给出的 caveat 也被采纳,N02 的部分目标(让对方承认自己原回答不严谨)也达成。need_status=已满足:四条需求里三条在本次互动中拿到明确答案或明确裁决(留下'站桩测试'的留白是书写者主动选择,而非悬置焦虑)。goal_congruence 因此为正,coping_potential=高(书写者完全具备方法论与数据来应对,没有无助感)。整体评价驱动的是轻度正情绪 + 强烈认知性满意,而非高唤醒喜悦。"
  },
  "emotion_layer": {
    "distribution": {
      "admiration钦佩": 0.10,
      "joy喜悦": 0.05,
      "gratitude感激": 0.0,
      "desire渴望": 0.05,
      "nostalgia怀旧": 0.0,
      "pride自豪": 0.25,
      "love爱": 0.0,
      "approval认同": 0.20,
      "curiosity好奇": 0.10,
      "relief宽慰": 0.15,
      "fear恐惧": 0.0,
      "sadness悲伤": 0.0,
      "anger愤怒": 0.10
    },
    "note": "由 N04×正 + coping 高 → 推出 curiosity(0.10, 仍留有一处'站桩测试'的认知缺口但主动接受) 与 relief(0.15, 二十分钟内做完了对方数据做不出的事,认知不确定性显著下降);由 N10×正 + coping 高 → 推出 pride(0.25, 我的分类方式第一次被正确拆开) 与 approval(0.20, 对方的 caveat 被我判定为'right one');由 N02×正 + coping 高 → 推出轻度 anger(0.10, 留有对原'confounded data'的不满余韵) 与 admiration(0.10, 承认对方 caveat 写得到位);joy 与 desire 仅作背景,极低。fear/sadness/gratitude/love/nostalgia 在本次评价下不成立。"
  },
  "action_tendency_layer": {
    "distribution": {
      "approach趋近": 0.10,
      "avoidance回避": 0.05,
      "attend关注": 0.30,
      "reject拒斥": 0.20,
      "agonistic对抗": 0.10,
      "interrupt中断": 0.05,
      "dominate支配": 0.20
    }
  },
  "chain_trace": "控制欲 + 确认欲 + 安全感欲 →(对方把回声与频段拥塞塞进同一只数据桶,且提出一个静态站桩的虚假测试场景)→ 需求 N04_理解世界 + N01_确定性 + N02_掌控局面 + N10_自我确认 →(评价:goal_relevance 0.9, 促进, 已满足, 正, coping 高)→ 情绪 pride自豪 + approval认同 + relief宽慰 + curiosity好奇 + admiration钦佩 → 行动倾向 attend关注 + reject拒斥 + dominate支配 + agonistic对抗 的完整推导:一个掌握数据且方法论自信的用户,本次成功把两个机制分开并否决了对方的主张,因此既持续关注剩余留白(attend),又拒斥不可执行的测试(reject),并以'我不会用你的剧本'的姿态接管对话主导权(dominate)。",
  "evidence": {
    "desire": "「You just did the thing I said your data couldn't do. In twenty minutes.」 (确认欲 + 超越欲);「I don't want to oversell it.」 (控制欲 - 自我设边界);「I'd rather leave that one unanswered than have you fake a scenario you'd never actually be in.」 (控制欲 + 摆脱欲);「it's the first time anyone's split those two for me」 (确认欲 + 安全感欲)",
    "need": "「Windows and walls at home and at the office, so the reflections are there, and no dropouts.」 (N04_理解世界);「I read that as congestion rather than bouncing, and it's the first time anyone's split those two for me.」 (N04 + N10);「The test that would settle it is standing still in the station with something playing, which is a silly thing to ask of you given you can't hear it in there anyway.」 (N01_确定性,承认仍有一道无法闭合的不确定);「I'd rather leave that one unanswered than have you fake a scenario」 (N02_掌控局面 + N01);「I'm not counting it.」 (N02_掌控局面);「your caveat is the right one and I'll take it over your answer.」 (N10_自我确认 + N02)",
    "emotion": "「You just did the thing I said your data couldn't do. In twenty minutes.」 (pride + relief);「it's the first time anyone's split those two for me」 (relief + approval);「your caveat is the right one and I'll take it over your answer」 (approval + admiration);「I'd rather leave that one unanswered than have you fake a scenario」 (curiosity 留白 + 残余 anger)",
    "action": "「I'm not counting it.」 (reject拒斥 + dominate支配);「I'll take it over your answer」 (dominate支配);「I'd rather leave that one unanswered than have you fake a scenario you'd never actually be in.」 (reject拒斥 + interrupt中断,主动叫停对方提议);全文逐点对照'carpet / hard floors / good places / bad places'(attend关注)"
  }
}
```

===== 2026-08-18 17:36:16 knot_s2_NEWB1_19 [empty] =====
<EMPTY>

===== 2026-08-18 17:36:34 knot_s2_NEWB1_19 [empty] =====
<EMPTY>

===== 2026-08-18 17:36:52 knot_s2_NEWB1_19 [empty] =====
<EMPTY>

===== 2026-08-18 17:37:09 knot_s2_OLDB0_0 [empty] =====
<EMPTY>

===== 2026-08-18 17:38:23 knot_s2_OLDB0_1 [empty] =====
<EMPTY>

===== 2026-08-18 17:38:41 knot_s2_OLDB0_1 [empty] =====
<EMPTY>

===== 2026-08-18 17:38:58 knot_s2_OLDB0_1 [empty] =====
<EMPTY>

===== 2026-08-18 17:39:19 knot_s2_OLDB0_2 [empty] =====
<EMPTY>

===== 2026-08-18 17:39:37 knot_s2_OLDB0_2 [empty] =====
<EMPTY>

===== 2026-08-18 17:40:33 knot_s2_OLDB0_3 [empty] =====
<EMPTY>

===== 2026-08-18 17:40:51 knot_s2_OLDB0_3 [empty] =====
<EMPTY>

===== 2026-08-18 19:11:47 knot_s1_T0.6 [empty] =====
<EMPTY>

===== 2026-08-18 19:11:47 knot_s1_T0.0 [empty] =====
<EMPTY>

===== 2026-08-18 19:11:47 knot_s1_T0.3 [empty] =====
<EMPTY>

===== 2026-08-18 19:11:47 knot_s1_T0.0 [empty] =====
<EMPTY>

===== 2026-08-18 19:11:47 knot_s1_T0.3 [empty] =====
<EMPTY>

===== 2026-08-18 19:11:47 knot_s1_T0.6 [empty] =====
<EMPTY>

===== 2026-08-18 19:11:47 knot_s1_T0.0 [empty] =====
<EMPTY>

===== 2026-08-18 19:11:47 knot_s1_T0.6 [empty] =====
<EMPTY>

===== 2026-08-18 19:11:47 knot_s1_T0.3 [empty] =====
<EMPTY>

===== 2026-08-20 00:43:30 knot_s1_T0.0 =====
```json
{
  "desire_layer": {
    "distribution": {
      "拥有欲": 0.10,
      "成为欲": 0.05,
      "摆脱欲": 0.30,
      "确认欲": 0.05,
      "超越欲": 0.00,
      "归属欲": 0.10,
      "控制欲": 0.15,
      "安全感欲": 0.25,
      "向往欲": 0.00
    },
    "note": "8月3日突发右耳全聋 + 60mg强的松副作用致15lb水重 + 腹部胀气——核心驱动是『摆脱当下身心双重痛苦』(摆脱欲最高)；'hoping I return to my baseline' 显示对『旧状态回归』的确定性极度渴求(安全感欲)；'keep researching the best ways to eat and manage my mood/sleep' 是想夺回对身体的掌控(控制欲)；'My heart is with you' + 'Keep looking into others experiences' 显示在寻找同病相怜者(归属欲)；baseline也含『重新拥有过去身体/听力』之意(拥有欲小量)。"
  },
  "need_layer": [
    {
      "code": "N06_摆脱痛苦",
      "context_slot": "右耳突发性全聋 + 强的松引起的水肿/腹胀/食欲紊乱等身心不适持续中",
      "weight": 0.25,
      "derived_from": "由『摆脱欲』经『8月3日晨起右耳聋 + 服药15lb增重+腹胀』这一急性创伤+慢性副作用情境衍生"
    },
    {
      "code": "N01_确定性",
      "context_slot": "强剂量化疗式激素疗程中，副作用何日终止、能否回到baseline均未知",
      "weight": 0.20,
      "derived_from": "由『安全感欲』经『服药周期长+第一次ENT剂量不足+水重持续+听力恢复路径不明』情境衍生"
    },
    {
      "code": "N02_掌控局面",
      "context_slot": "身体在药物驱动下变形，尝试用饮食/GLP-1/情绪/睡眠管理夺回主动权",
      "weight": 0.15,
      "derived_from": "由『控制欲』经『gut balloon out + sugar cravings + 热量上升』等失控信号情境衍生"
    },
    {
      "code": "N08_提升形象",
      "context_slot": "15lb水重 + GLP-1 仍被压不住的食欲 → 腹部胀大带来的外形焦虑",
      "weight": 0.10,
      "derived_from": "由『拥有欲(对旧身体的占有)』经『feel my gut balloon out』可观测体变形情境衍生"
    },
    {
      "code": "N03_提升能力",
      "context_slot": "需要可迁移的方法论来度过强的松疗程并最小化伤害",
      "weight": 0.10,
      "derived_from": "由『控制欲』经『researching the best ways to eat and manage my mood/sleep』情境衍生"
    },
    {
      "code": "N13_情感慰藉",
      "context_slot": "孤独的副作用承受者向另一位同类伸出共情之手以互慰",
      "weight": 0.10,
      "derived_from": "由『归属欲』经『My heart is with you』这种情感接住动作情境衍生"
    },
    {
      "code": "N11_归属群体",
      "context_slot": "建议对方搜索他人经验，自己也在暗寻『强的松同好/突发性耳聋同好』",
      "weight": 0.05,
      "derived_from": "由『归属欲』经『Keep looking into others experiences』情境衍生"
    },
    {
      "code": "N10_自我确认",
      "context_slot": "第一次ENT剂量/疗程都不够，需要自我研究以确认自己选对了医生和方案",
      "weight": 0.05,
      "derived_from": "由『确认欲』经『first ENT didn't prescribe a high enough dose』情境衍生"
    }
  ],
  "appraisal": {
    "goal_relevance": 0.95,
    "congruence_direction": "威胁",
    "need_status": "未满足",
    "goal_congruence": "负",
    "coping_potential": "中",
    "note": "目标相关度极高(这是写者自己的健康事件)；但内容整体在揭示持续威胁——听力未恢复、激素副作用在累积、外形在恶化、且第一次医嘱不足——却未当场给出已落地的解法，所以 direction=威胁、need_status=未满足；应对潜能评为中：写者正在主动研究/换医生/饮食/睡眠多线管理，但『hoping I return within a couple of months』仍含不确定性，并非高coping。负congruence+中coping驱动『恐惧+悲伤+渴望』混合而非纯愤怒。"
  },
  "emotion_layer": {
    "distribution": {
      "admiration钦佩": 0.03,
      "joy喜悦": 0.00,
      "gratitude感激": 0.03,
      "desire渴望": 0.15,
      "nostalgia怀旧": 0.05,
      "pride自豪": 0.00,
      "love爱": 0.10,
      "relief宽慰": 0.02,
      "approval认同": 0.10,
      "curiosity好奇": 0.07,
      "fear恐惧": 0.25,
      "sadness悲伤": 0.20,
      "anger愤怒": 0.00
    },
    "note": "由 N06/N01/N02 在『威胁+未满足+中coping』下推出：以 fear(对听力永久丧失+外形持续走样的不确定性)与 sadness(对baseline丧失的哀悼)为主；desire 由『hoping I return to baseline』直接显化；love+approval 来自『My heart is with you / Keep looking』对同类的共情与认可；curiosity 来自 researching 行为；nostalgia 微现于对『baseline』的追念。anger 极低——没有迁怒对象，叙述克制。"
  },
  "action_tendency_layer": {
    "distribution": {
      "approach趋近": 0.20,
      "avoidance回避": 0.15,
      "attend关注": 0.30,
      "reject拒斥": 0.10,
      "agonistic对抗": 0.05,
      "interrupt中断": 0.05,
      "dominate支配": 0.15
    },
    "note": "attend(高)对应『keep researching / general search for Prednisone weight gain』持续监控信息；approach 对应主动找经验、加剂量、换医生、给同类写回复；dominate 对应管住饮食/情绪/睡眠周期；avoidance 对应想『逃出』当前身体状态；reject 对应隐含的『推翻第一次ENT的低剂量短疗程方案』；agonistic 与 interrupt 较弱但仍存在(对抗副作用)。"
  },
  "chain_trace": "摆脱欲 + 安全感欲 + 控制欲 →(情境：8月3日突发右耳全聋 + 60mg强的松副作用致15lb水重+腹胀+第一次ENT剂量不足)→ 需求 N06_摆脱痛苦 / N01_确定性 / N02_掌控局面 / N08_提升形象 / N03_提升能力 →(评价：高目标相关度0.95 + 威胁 + 未满足 + 中应对潜能 → 负goal_congruence)→ 情绪 fear恐惧(sadness悲伤, desire渴望, love爱, approval认同) → 行动倾向 attend关注 + approach趋近 + dominate支配(并伴avoidance回避与reject拒斥)：整条链可读作『我想逃出耳聋+激素副作用的当下，并确认能回到baseline；我边恐惧边研究边管控自己的身体，同时伸手接住跟我一样的人』。"
  "evidence": {
    "desire": "woke up totally deaf in my right ear; gained 15lbs; feel my gut balloon out; hoping I return to my baseline; keep researching the best ways to eat and manage my mood/sleep; My heart is with you; Keep looking into others experiences; The first ENT I saw didn't prescribe a high enough dose or long enough schedule",
    "need": "woke up totally deaf (N06); hoping I return to my baseline within a couple of months (N01); researching the best ways to eat and manage my mood/sleep cycle (N02/N03); feel my gut balloon out (N08); My heart is with you (N13); Keep looking into others experiences (N11); first ENT didn't prescribe a high enough dose (N10)",
    "emotion": "It's been seriously tough on me to feel my gut balloon out (sadness); hoping I return to my baseline (desire/ nostalgia); My heart is with you (love); Keep looking into others experiences ... will provide some needed insight (curiosity/ approval); second course of Prednisone since Aug 3 (fear)",
    "action": "keep researching the best ways to eat and manage my mood/sleep cycle (attend); Keep looking into others experiences ... general search for Prednisone weight gain (approach/ attend); higher amount 60mg ... gradually tapering down (dominate); My heart is with you (approach); now on second course (avoidance - 远离上次的痛苦)"
  }
}
```

===== 2026-08-20 00:46:04 knot_s1_T0.6 =====
```json
{
  "desire_layer": {
    "distribution": {
      "拥有欲": 0.0,
      "成为欲": 0.0,
      "摆脱欲": 0.25,
      "确认欲": 0.15,
      "超越欲": 0.0,
      "归属欲": 0.10,
      "控制欲": 0.10,
      "安全感欲": 0.40,
      "向往欲": 0.0
    },
    "note": "核心驱动力是安全感欲：SSHL 是突如其来的感官丧失+未知病因，最大威胁是『脑子里长了什么』，所以 MRI/CT 全正常时立即触发安全感释放（『thank goodness』）。摆脱欲来自想脱离听力事件本身。确认欲来自发帖行为本身——他需要一个听众确认『这种不明原因很常见/我的反应合理』。归属欲隐性激活：主动来到 hearing discussion 版，说明在找同类。控制欲中等——想握住『到底是什么原因』这个答案。"
  },
  "need_layer": [
    {
      "code": "N01_确定性",
      "context_slot": "SSHL 突发后做 MRI/CT 排查严重病因，结果正常但病因仍不明",
      "weight": 0.35,
      "derived_from": "由 安全感欲 经『影像学结果未知』情境事件衍生——读者想『知道风险到底有多大、到底是什么病』"
    },
    {
      "code": "N04_理解世界",
      "context_slot": "所有客观检查都正常，但 SSHL 已发生，需要解释机制",
      "weight": 0.20,
      "derived_from": "由 安全感欲 + 控制欲 经『病因缺失』情境衍生——『把现象想明白』"
    },
    {
      "code": "N06_摆脱痛苦",
      "context_slot": "SSHL 本身带来的听力下降与惊吓已经发生，需要缓解残余不适/焦虑",
      "weight": 0.10,
      "derived_from": "由 摆脱欲 衍生——让这次医疗事件带来的心理负担停下来"
    },
    {
      "code": "N11_归属群体",
      "context_slot": "在 hearing discussion 版发帖，主动进入 SSHL 患者群",
      "weight": 0.15,
      "derived_from": "由 归属欲 衍生——找同类，确认『我这种情况并不孤单、也有人这样』
    },
    {
      "code": "N13_情感慰藉",
      "context_slot": "发帖时仍带着『bad part』的余悸，需要被共情/被安慰",
      "weight": 0.10,
      "derived_from": "由 确认欲 经『病因不明让我有点不安』衍生——被接纳、听到『这很常见』"
    },
    {
      "code": "N02_掌控局面",
      "context_slot": "做完了该做的检查但病因仍空缺，局面没真正握住",
      "weight": 0.10,
      "derived_from": "由 控制欲 衍生——想把『接下来怎么监控/复诊』的主导权拿回来"
    }
  ],
  "appraisal": {
    "goal_relevance": 0.9,
    "congruence_direction": "促进",
    "need_status": "已满足",
    "goal_congruence": "正",
    "coping_potential": "中",
    "note": "MRI+CT+lab 全 normal 是强促进信号，『thank goodness』直接标记为已满足+正。但病因仍 unknown 是一个未被解决的次级缺口（威胁+未满足），所以 coping_potential 只能给『中』——最坏的被排除了，但『为什么』还没拿住。这解释为什么 relief 是主情绪但同时残留 fear/curiosity。"
  },
  "emotion_layer": {
    "distribution": {
      "admiration钦佩": 0.0,
      "joy喜悦": 0.05,
      "gratitude感激": 0.20,
      "desire渴望": 0.0,
      "nostalgia怀旧": 0.0,
      "pride自豪": 0.0,
      "love爱": 0.0,
      "relief宽慰": 0.45,
      "approval认同": 0.05,
      "curiosity好奇": 0.10,
      "fear恐惧": 0.10,
      "sadness悲伤": 0.05,
      "anger愤怒": 0.0
    },
    "note": "由 需求 N01×正 goal_congruence 派生出主情绪 relief（『thank goodness』= relief 的口语化标记），次级是 gratitude（对结果正常的庆幸）。未满足的次级缺口 N01/N04 仍残留 fear（如果没排除干净怎么办）+ curiosity（到底是什么原因）。Sadness 微小权重对应『bad part』对病因不明的轻微失落。"
  },
  "action_tendency_layer": {
    "distribution": {
      "approach趋近": 0.30,
      "avoidance回避": 0.10,
      "attend关注": 0.35,
      "reject拒斥": 0.0,
      "agonistic对抗": 0.05,
      "interrupt中断": 0.15,
      "dominate支配": 0.05
    },
    "note": "relief+gratitude → approach（向社区贴近、寻求同类经验）；未满足的病因缺口 → attend（持续关注/监控原因）+ interrupt（想中断这种悬而未决状态，去追问医生）。agonistic 微小权重对应『没查出原因让我有点不满』。"
  },
  "chain_trace": "安全感欲 →(情境:突发 SSHL+MRI/CT 结果待定+病因仍不明)→ 需求 N01_确定性(35%)+N04_理解世界(20%) →(评价:MRI/CT 全 normal=促进+已满足→正,coping 中=最坏已排除但病因未解)→ 情绪 relief(主)+gratitude+残留 fear/curiosity → 行动倾向 attend(持续关注病因)+approach(贴向社区找同类)",
  "evidence": {
    "desire": "I got a MRI last year for SSHL and thought it was gonna be bad / Everything came back normal",
    "need": "They dont know what caused my SSHL / Everything came back normal",
    "emotion": "thank goodness / The bad part is they dont know what caused my SSHL",
    "action": "I got a MRI last year for SSHL... They did a CT scan also and some labs（主动完成全套检查并到 hearing discussion 版发帖 = approach + attend）"
  }
}
```

===== 2026-08-20 00:53:16 knot_s1_T0.0 =====
```json
{
  "desire_layer": {
    "distribution": {
      "拥有欲": 0.05,
      "成为欲": 0.03,
      "摆脱欲": 0.32,
      "确认欲": 0.18,
      "超越欲": 0.02,
      "归属欲": 0.22,
      "控制欲": 0.08,
      "安全感欲": 0.10,
      "向往欲": 0.00
    },
    "note": "写作者是34岁花大钱买助听器但仍无法听清的人。核心驱动力是想摆脱'听得到但听不懂'的痛苦孤立状态(摆脱欲)；其次是想找到同样处境的同类、确认自己不是孤例(归属欲+确认欲)；同时存在对'助听器是否对我有效'的不确定(安全感欲)；以及通过分享经验夺回一点对叙事的控制(控制欲)。向往/超越/成为欲几乎不激活，因为这不是自我升级或生活方式图景的展示，而是缺陷的承认与共鸣。"
  },
  "need_layer": [
    {
      "code": "N13_情感慰藉",
      "context_slot": "写下'if it makes you feel better'——既安慰OP也安抚自己',
      "weight": 0.28,
      "derived_from": "由归属欲+确认欲 经'助听器失败、与OP丈夫同病相怜'的情境衍生：先给予安慰，期望从对方反应中回收共情与被接纳感"
    },
    {
      "code": "N11_归属群体",
      "context_slot": "hearing discussion 论坛发言，找'助听器没用'的同类',
      "weight": 0.22,
      "derived_from": "由归属欲 经'助听器仍听不懂、我是不是个例'情境衍生：把个案外推到群体，宣告'我也这样'"
    },
    {
      "code": "N06_摆脱痛苦",
      "context_slot": "literally can't do anything but rely on text comunication',
      "weight": 0.18,
      "derived_from": "由摆脱欲 经'听觉清晰度缺位、沟通能力受损'情境衍生：表达被剥夺的痛苦本身就是第一步摆脱"
    },
    {
      "code": "N10_自我确认",
      "context_slot": "'hearing doesn't mean understanding. the clarity just isn't there'",
      "weight": 0.14,
      "derived_from": "由确认欲 经'外界对助听器有不切实际期待'情境衍生：需要确认'我花了钱仍听不懂'不是我的错"
    },
    {
      "code": "N01_确定性",
      "context_slot": "'hearing aids don't work for everyone'",
      "weight": 0.10,
      "derived_from": "由安全感欲 经'不确定助听器/未来是否能恢复沟通'情境衍生：用一个'普适结论'把不确定性固定下来"
    },
    {
      "code": "N02_掌控局面",
      "context_slot": "主动发帖、给OP建议、主导叙事",
      "weight": 0.08,
      "derived_from": "由控制欲 经'对自身听感已失控'情境衍生：至少在文本沟通场域夺回主导权"
    }
  ],
  "appraisal": {
    "goal_relevance": 0.92,
    "congruence_direction": "威胁",
    "need_status": "未满足",
    "goal_congruence": "负",
    "coping_potential": "低",
    "note": "goal_relevance 极高——直接关乎核心沟通能力；congruence_direction 偏威胁：内容同时确认'你(OP的丈夫)可能花钱也听不清'，对自己则承认'我literally什么也做不了'，是对核心需求(正常听觉沟通)的双重威胁揭示；need_status 未满足——助听器没解决问题，'rely on text'是降级方案；coping_potential 低——自述'can't do anything'。评价=威胁×未满足→负向情绪(fear/sadness)，但因共情分享带来一丝relief/approval。"
  },
  "emotion_layer": {
    "distribution": {
      "admiration钦佩": 0.02,
      "joy喜悦": 0.00,
      "gratitude感激": 0.03,
      "desire渴望": 0.05,
      "nostalgia怀旧": 0.02,
      "pride自豪": 0.00,
      "love爱": 0.08,
      "relief宽慰": 0.13,
      "approval认同": 0.18,
      "curiosity好奇": 0.02,
      "fear恐惧": 0.10,
      "sadness悲伤": 0.27,
      "anger愤怒": 0.10
    },
    "note": "需求(N06摆脱痛苦)×goal_congruence=负 → sadness主导(0.27)；未满足的沟通能力+低coping_potential 派生 fear(对永久失能的隐忧)和 anger(对助听器'给了声音却没给理解'的不公)；approval(0.18)来自'我和你丈夫一样→被代表感'满足确认/归属需求；relief(0.13)来自'终于说出/被听到'；love(0.08)来自对OP的共情安抚；desire(0.05)是'he should go to an audiologist'里残存的修复渴望。"
  },
  "action_tendency_layer": {
    "distribution": {
      "approach趋近": 0.38,
      "avoidance回避": 0.05,
      "attend关注": 0.28,
      "reject拒斥": 0.10,
      "agonistic对抗": 0.10,
      "interrupt中断": 0.04,
      "dominate支配": 0.05
    },
    "note": "approach(0.38)：主动发帖、给OP安慰和行动建议('he should go to an audiologist')；attend(0.28)：高度关注OP的处境并把自身经验与对方对齐；reject(0.10)与agonistic(0.10)：隐含对'助听器万能'叙事的拒斥/对抗；dominate(0.05)：通过提供解释框架('clarity just isn't there')夺回话语权；avoidance极低——他选择暴露缺陷而非回避。"
  },
  "chain_trace": "摆脱欲(听不清的痛苦孤立) + 归属欲(找同类) →(情境：34岁花大钱配助听器却仍'hearing doesn't mean understanding'、只能靠text沟通)→ 需求Z=N13情感慰藉+N11归属群体+N06摆脱痛苦+N10自我确认 →(评价：goal_relevance 0.92 高、congruence_direction 威胁、need_status 未满足、goal_congruence 负、coping_potential 低)→ 情绪W=sadness(0.27)主导，叠加approval(0.18)被代表感、relief(0.13)终于说出来、fear(0.10)与anger(0.10)对未解问题的余震 → 行动倾向V=approach(0.38)主动发帖+attend(0.28)对齐OP+agonistic(0.10)对抗助听器万能叙事，整条链路可读通为'我用暴露缺陷的方式，向同类伸手'。",
  "evidence": {
    "desire": "摆脱欲引自 'literally can't do anything but rely on text comunication'；归属欲引自 'I understand even less than your husband'；确认欲引自 'hearing aids don't work for everyone'",
    "need": "N13: 'if it makes you feel better'；N11: 'I understand even less than your husband'(对齐同病相怜)；N06: 'the clarity just isn't there'；N10: 'hearing doesn't mean understanding'",
    "emotion": "sadness: 'literally can't do anything'；approval: 'I understand even less than your husband'(互相印证)；relief/love: 'if it makes you feel better'；anger/fear: 'hearing aids don't work for everyone...they give me access to sound but hearing doesn't mean understanding'",
    "action": "approach: 'if it makes you feel better, I'm 34 and...I understand...'；attend: 'he should go to an audiologist'；agonistic: 'hearing aids don't work for everyone'(对助听器万能叙事的拒斥)"
  }
}
```

===== 2026-08-20 00:54:52 knot_s1_T0.3 =====
Let me analyze this content carefully.

The content is a Reddit comment in a hearing discussion forum. It's someone giving advice to a person (presumably the original poster) who appears to be Deaf or Hard of Hearing (HoH) and is struggling with exhaustion from trying to navigate the hearing world.

Let me first determine: Is this an individual's self-expression or not?

The text clearly reads as advice given TO someone else. The original poster is likely describing their struggles as a Deaf/HoH person, and this commenter is responding with detailed, compassionate advice. The commenter says "you" throughout - "Get therapy", "Meet other Deaf and HoH", "Go to an audiologist", "Learn sign language - now", "No wonder you're exhausted when you try so hard to do things in a hearing way."

So the question is: who is the subject we're analyzing? The instructions say "若这段内容确实是某一个人写下的自我表达，请对『写下这段内容的这一个人』反推其心理因果链四层占比分布——这是一个个体，不是群体。"

This is NOT a self-expression. This is one person giving advice to another person. However, the instructions also say if it's not personal expression (like data tables, templates, manuals, code, etc.), return "no_inferable_subject": true.

This is clearly a personal expression (advice from one person to another), but it's NOT the original poster's self-expression - it's advice. The subject we're asked to analyze would be the person who WROTE this comment.

Actually, re-reading: the task says "观众心理完整因果链" - so we're analyzing the psychology of the writer of this content. The writer is offering advice as someone who has knowledge/insight about Deaf/HoH experiences. This could be a Deaf/HoH person themselves, or an ally/professional.

Let me analyze the writer's psychology based on what they wrote:

The writer demonstrates:
- Deep empathy and care ("No wonder you're exhausted")
- Knowledge of the Deaf community
- Strong desire to help (action-oriented advice)
- A protective/caring stance
- Sense of authority and competence on the subject

Desires activated in the writer:
- 归属欲 (sense of belonging to Deaf community - "Meet other Deaf and HoH")
- 摆脱欲 (desire to help someone escape their exhausting situation)
- 拥有欲 (not really, this isn't about possession)
- 确认欲 (confirming that the OP's struggle is valid)
- 安全感欲 (wanting the OP to have security through support)
- 控制欲 (the writer has strong prescriptive stance)

Let me think more carefully. The writer is offering advice. Their desires:

1. 摆脱欲 (for the OP) - The writer sees the OP is in pain/exhaustion and wants them freed from that
2. 归属欲 - Strongly emphasizes meeting other Deaf/HoH people, being part of the community
3. 成为欲 - Implicitly models being a competent, knowledgeable person in the Deaf community
4. 确认欲 - Validates the OP's struggle, confirms they're not incompetent
5. 控制欲 - Very prescriptive, telling the OP exactly what to do (or is this care?)
6. 安全感欲 - Wants OP to have proper support, rights knowledge

Actually, the most natural reading:
- The writer has a strong sense of belonging to the Deaf/HoH community and wants to share that
- They have empathy-driven desire to help the OP escape their suffering
- They have a desire to confirm/validate the OP's experience
- They have a desire to ensure the OP has safety/security through proper support

Let me re-examine the system prompt. It says the subject is the writer. The writer is the "audience" producing this content. Wait, no - "对以下内容做「因果链逆问题」拆解：从可观测话语/评论，反推观众心理完整因果链"

"观众心理" = audience psychology. The "观众" here is the person who WROTE/SAID this content? Or the audience who CONSUMES this content?

Looking at it again: "从可观测话语/评论，反推观众心理完整因果链" - "from observable speech/comments, reverse-engineer the audience's psychological causal chain"

The "观众" likely refers to the person whose psychology we're reconstructing from the observable text. In this case, the writer of the content.

But wait - the trigger view says "看完这条内容观众想要什么" - "what does the audience want after watching this content?" This suggests the audience is the CONSUMER, not the producer.

Hmm, there's tension. Let me re-read more carefully.

"欲望(稳定潜变量) →(情境事件) 需求(情境化目标)" - the desire is triggered by the situation/event.

"触发视角：看完这条内容观众想要什么" - trigger perspective: what the audience wants after watching this content.

So 观众 = audience/consumer. But the task description also says "若这段内容确实是某一个人写下的自我表达，请对『写下这段内容的这一个人』反推其心理因果链四层占比分布"

So there's a conditional: if this is a single person's self-expression, analyze the WRITER. Otherwise...

The content here is a comment giving advice to someone. It's a form of self-expression - the writer is expressing their views, knowledge, and care. So we should analyze the writer.

OK so the subject is the writer of this comment.

Now, let me think about the writer's psychology:

The writer is responding to (presumably) a Deaf/HoH person who is exhausted. The writer is:
- Prescriptive and action-oriented (bulleted list of recommendations)
- Knowledgeable about Deaf community, accessibility, technology
- Empathetic ("No wonder you're exhausted when you try so hard")
- Affirming the OP's competence while pointing out the problem is the environment, not them
- Strong sense of community/advocacy

This sounds like either a Deaf/HoH person themselves who has been through similar experiences, or a professional/ally in the Deaf community.

Writer's desires (when writing this):
- 摆脱欲 (for self or others): "will continue until you change your mindset" - they want out of the exhausting paradigm
- 归属欲: "Meet other Deaf and HoH" - they value community, see themselves as part of it
- 成为欲: Being the knowledgeable, helpful person - self-actualization through helping
- 确认欲: "Your competence isn't in how much you hear" - they want the OP to confirm their worth
- 控制欲: Very prescriptive advice - they want to control the narrative/outcome
- 安全感欲: Wants OP to have support, rights, security

I think the dominant desires for the writer are:
1. 摆脱欲 (wanting the OP to escape exhaustion) - 0.20
2. 归属欲 (community orientation) - 0.20
3. 控制欲 (prescriptive stance) - 0.15
4. 确认欲 (validating the OP's experience) - 0.15
5. 成为欲 (being helpful/wise) - 0.10
6. 安全感欲 (ensuring OP has safety nets) - 0.10
7. 拥有欲 - 0.0
8. 超越欲 - 0.05
9. 向往欲 - 0.05

Actually, let me reconsider. The writer is performing an advocacy/caring role. The dominant psychological driver is probably:
- 摆脱欲 (freeing the OP from suffering) - high
- 归属欲 (community) - high (because "Meet other Deaf and HoH" is "Super important")
- 成为欲 (modeling what an empowered Deaf person looks like) - moderate
- 确认欲 (validating) - moderate

Needs (for the writer when they wrote this):
- N06_摆脱痛苦: They want the OP to escape exhaustion
- N11_归属群体: They want the OP to find community
- N03_提升能力: They want to provide tools/skills
- N13_情感慰藉: They want to comfort/validate the OP
- N02_掌控局面: They want to give the OP a sense of control

Appraisal:
- This is advice being given. The writer feels they have high coping potential (they know what to do)
- goal_relevance: very high (the writer is addressing the OP's core issue)
- congruence_direction: 促进 (the content is helpful, offering solutions)
- need_status: 已满足 (the writer's needs for control, helping are being met by writing this advice)
- goal_congruence: 正
- coping_potential: 高

Wait, but the task says to evaluate the writer's appraisal of the situation. The writer sees the OP's situation as urgent and has solutions. So the writer evaluates:
- This is a high-relevance situation
- They see threats (exhaustion, lack of support) but also solutions
- The solutions are concrete and actionable
- Their coping potential is high (they know what to do)

Emotions for the writer:
- 钦佩 admiration (toward the OP for trying)
- 关心 love/care
- 渴望 desire (for change)
- 认同 approval (validating the OP's struggle)
- 感激 gratitude (less likely)
- 恐惧 fear (for the OP's situation)

I think dominant emotions for the writer:
- 渴望 desire: 0.25 (wanting the OP to change)
- 钦佩 admiration: 0.15 (for the OP trying)
- 爱 love/care: 0.20 (concern for OP)
- 认同 approval: 0.20 (validating the OP's experience)
- 好奇 curiosity: 0.05
- 喜悦 joy: 0.05 (satisfaction of helping)
- 宽慰 relief: 0.05 (providing comfort)
- 愤怒 anger: 0.05 (at the unfair system)
- 恐惧 fear: 0.0

Action tendencies for the writer:
- 趋近 approach: 0.35 (actively engaging with the OP's problem)
- 关注 attend: 0.20 (paying close attention)
- 支配 dominate: 0.20 (prescriptive, telling what to do)
- 关心 (not in list) - would map to approach/love
- 对抗 agonistic: 0.10 (against the hearing-centric paradigm)
- 回避 avoidance: 0.05
- 拒斥 reject: 0.05 (rejecting the "hearing way")
- 中断 interrupt: 0.05

Let me now formulate the JSON.

Actually, I need to be more careful. The instruction says "若这段内容确实是某一个人写下的自我表达". Is this a "self-expression"? It's a person expressing themselves, but it's advice to someone else. I think this still counts as a person's expression - they're expressing their views, knowledge, care, and advocacy stance.

But wait - looking at it again, the comment reads like a knowledgeable person (possibly Deaf/HoH themselves) responding to a struggling person. Let me analyze based on what we can infer:

The writer uses "we" implicitly through understanding. "Super important for self-esteem and to get practical inspiration" - they understand the self-esteem issue. "No wonder you're exhausted when you try so hard to do things in a hearing way" - they've been there or seen it.

OK let me finalize the analysis.

Desires:
- 摆脱欲: 0.20 (wanting the OP to escape exhaustion)
- 归属欲: 0.20 (emphasizing community as essential)
- 控制欲: 0.15 (very prescriptive advice style)
- 确认欲: 0.15 (validating competence, giving "permission")
- 成为欲: 0.10 (modeling empowered Deaf identity)
- 安全感欲: 0.10 (ensuring rights, technology, support)
- 超越欲: 0.05 (implying transcendence of current state)
- 拥有欲: 0.05 (in the sense of having tools/technology)
- 向往欲: 0.0

Let me reconsider 向往欲. "向住欲" is about imagining into a lifestyle/state. The writer does want the OP to enter a better life state. Maybe 0.05.

And 拥有欲 - the writer wants the OP to have hearing aids, CIs, microphones, therapy. So 0.05.

Final desires:
- 摆脱欲: 0.20
- 归属欲: 0.20
- 控制欲: 0.15
- 确认欲: 0.15
- 成为欲: 0.10
- 安全感欲: 0.10
- 超越欲: 0.05
- 拥有欲: 0.05
- 向往欲: 0.00
Sum = 1.00 ✓

Needs:
- N06_摆脱痛苦 (escape exhaustion): 0.20
- N11_归属群体 (find community): 0.20
- N03_提升能力 (learn tools/skills): 0.15
- N13_情感慰藉 (comfort/validate): 0.15
- N02_掌控局面 (take control): 0.10
- N10_自我确认 (validate competence): 0.10
- N07_占有资源 (acquire technology/tools): 0.05
- N05_优化效率 (work smarter not harder): 0.05
Sum = 1.00 ✓

Appraisal (from writer's perspective):
- goal_relevance: 0.95 (very high - directly addresses OP's situation)
- congruence_direction: 促进 (the advice is helpful, offering paths forward)
- need_status: 已满足 (the writer's need to help/advocate is satisfied by writing this)
- goal_congruence: 正
- coping_potential: 高 (writer has clear knowledge of solutions)

Wait, but the appraisal should be from the writer's perspective evaluating their situation. The writer is in a situation where someone (the OP) is suffering and they have knowledge to help. The writer evaluates:
- The situation is highly relevant to their goals (helping the OP)
- The content is 促进 (they're offering solutions that can help)
- The need is being met (by writing this advice, the writer feels they're doing something useful)
- Coping potential is high (they know what to recommend)

Emotions for the writer:
- 渴望 desire: 0.25 (want OP to change, want this to work)
- 爱 love/care: 0.20 (deep care for OP)
- 认同 approval: 0.20 (validating OP's struggle, approving their seeking help)
- 钦佩 admiration: 0.10 (for OP trying so hard)
- 感激 gratitude: 0.05
- 喜悦 joy: 0.05 (sense of purpose)
- 宽慰 relief: 0.05 (being able to provide help)
- 好奇 curiosity: 0.05
- 恐惧 fear: 0.05 (concern for OP's wellbeing)
- 怀旧 nostalgia: 0.0
- 自豪 pride: 0.0
- 悲伤 sadness: 0.0
- 愤怒 anger: 0.0

Sum = 1.00

Action tendencies for the writer:
- 趋近 approach: 0.30 (actively engaging)
- 关注 attend: 0.20 (focused attention)
- 支配 dominate: 0.20 (prescriptive, leading)
- 对抗 agonistic: 0.10 (against the hearing-centric system)
- 拒斥 reject: 0.10 (rejecting the "hearing way")
- 中断 interrupt: 0.05 (interrupting the OP's current pattern)
- 回避 avoidance: 0.05

Sum = 1.00

Chain trace:
The writer, motivated by a strong sense of community belonging (归属欲) and desire to free the OP from exhaustion (摆脱欲), encounters a Deaf/HoH person struggling in a hearing-centric environment (情境: someone asking for help with their exhaustion). This triggers needs to help them escape pain (N06), find community (N11), learn tools (N03), and receive emotional validation (N13). The writer evaluates the situation as highly goal-relevant, with their advice being 促进 (helpful solutions), the need being 已满足 through their prescriptive response, and high coping potential due to their knowledge. This produces emotions of 渴望 (for change), 认同 (validating OP's experience), 爱 (care), and 钦佩 (for OP's persistence), driving action tendencies of 趋近 (actively engaging), 关注 (paying close attention), 支配 (leading with prescriptions), and 对抗 (against the hearing-centric paradigm).

Let me refine the JSON output now.

Evidence quotes:
- desire: "Meet other Deaf and HoH. Super important for self-esteem" (归属欲)
- need: "No wonder you're exhausted when you try so hard to do things in a hearing way" (N06_摆脱痛苦)
- emotion: "Your competence isn't in how much you hear, so be the smart and bright person you are" (认同/钦佩)
- action: "Get therapy. This is likely urgent" "Learn sign language - now" (趋近/支配)

Let me also think about whether this is really a self-expression. The text is clearly one person writing to another. It is their personal expression of care, knowledge, and advocacy. I'll treat it as the writer's expression.

Actually, I want to reconsider. The prompt says "对『写下这段内容的这一个人』反推其心理因果链四层占比分布". So we're analyzing the writer.

But what about the trigger view? "触发视角：看完这条内容观众想要什么" - this seems to suggest the audience/consumer. There's some ambiguity.

Reading more carefully: "从可观测话语/评论，反推观众心理完整因果链" - reverse-engineer the audience's causal chain from observable text.

In Chinese internet parlance, "观众" can refer to any subject whose psychology is being analyzed. The conditional makes it clear: if it's a person's expression, analyze that person. So the writer is the subject.

OK let me finalize.

One more consideration: the writer is presumably someone with experience/knowledge in this area. The advice is highly specific and confident. The writer's "desire" is fundamentally about helping the OP. Their needs are mediated through advocacy.

Let me also adjust the appraisal note to be clearer about the writer's perspective.

Final JSON structure:

```json
{
  "desire_layer": {
    "distribution": {
      "拥有欲": 0.05,
      "成为欲": 0.10,
      "摆脱欲": 0.20,
      "确认欲": 0.15,
      "超越欲": 0.05,
      "归属欲": 0.20,
      "控制欲": 0.15,
      "安全感欲": 0.10,
      "向往欲": 0.0
    },
    "note": "..."
  },
  ...
}
```

Let me think again about 向往欲. The writer isn't really imagining themselves into a lifestyle. They're prescribing for the OP. So 0.0 is fine.

And 超越欲 - the writer implies transcendence from the current state ("will continue until you change your mindset") - so 0.05.

Alright, let me write the final JSON.

Wait, I should double check the appraisal. The appraisal describes how the situation is evaluated. For the writer:
- goal_relevance: How relevant is this situation to the writer's goals? Very high (they want to help)
- congruence_direction: Does the content help the writer approach their goal? 促进 (yes, by writing this advice they're fulfilling their helping role)
- need_status: Is the need being met? 已满足 (the writer feels they're doing something useful)
- goal_congruence: 正 (positive)
- coping_potential: 高 (the writer has clear solutions)

These are the writer's appraisals of the situation. The emotions follow from these appraisals: positive appraisals (goal achieved, need met) with high coping potential → positive emotions like 渴望 (for change), 认同, 宽慰.

OK now let me also think about the chain trace carefully:

欲望X(归属欲+摆脱欲) →(情境Y:OP struggling with hearing-related exhaustion)→ 需求Z(N06_摆脱痛苦, N11_归属群体) →(评价:direction=促进/已满足/正, coping=高)→ 情绪W(渴望, 认同, 爱, 钦佩) → 行动倾向V(趋近, 支配, 关注, 对抗)

Let me write this out in Chinese for the chain_trace.

Now let me finalize the JSON.

Actually, let me reconsider some weights.

The writer's PRIMARY drive in writing this comment is advocacy/helping. The clearest desires:
- 归属欲 (community orientation - "Meet other Deaf and HoH... Super important") - 0.20
- 摆脱欲 (wanting OP to escape exhaustion) - 0.20
- 控制欲 (prescriptive style) - 0.15
- 确认欲 (validating competence) - 0.15
- 安全感欲 (wanting OP to have rights, technology, support) - 0.10
- 成为欲 (modeling what an informed advocate/Deaf person looks like) - 0.10
- 超越欲 (transcending current paradigm) - 0.05
- 拥有欲 (wanting OP to have technology) - 0.05
- 向往欲 - 0.0

Total = 1.00 ✓

For needs:
- N06_摆脱痛苦 (escape exhaustion) - 0.20
- N11_归属群体 (find Deaf community) - 0.20
- N03_提升能力 (learn tools, therapy, sign language) - 0.15
- N13_情感慰藉 (validate, comfort) - 0.15
- N02_掌控局面 (take control of situation) - 0.10
- N10_自我确认 (validate OP's competence) - 0.10
- N07_占有资源 (acquire technology - hearing aids, CIs, mics) - 0.05
- N05_优化效率 (work without fatigue) - 0.05

Total = 1.00 ✓

For emotions:
- 渴望 desire: 0.25 (for change in OP's life)
- 爱 love: 0.20 (genuine care)
- 认同 approval: 0.20 (validating OP's experience)
- 钦佩 admiration: 0.10 (for OP's persistence)
- 宽慰 relief: 0.05 (being able to help)
- 喜悦 joy: 0.05 (sense of purpose)
- 感激 gratitude: 0.05
- 好奇 curiosity: 0.05
- 恐惧 fear: 0.05 (concern for OP's wellbeing)

Total = 1.00 ✓

For action tendencies:
- 趋近 approach: 0.30
- 关注 attend: 0.20
- 支配 dominate: 0.20
- 对抗 agonistic: 0.10
- 拒斥 reject: 0.10 (rejecting hearing-centric approach)
- 中断 interrupt: 0.05
- 回避 avoidance: 0.05

Total = 1.00 ✓

Alright, now let me write the final JSON. I'll also make sure to include the chain_trace and evidence.

Actually, looking at the evidence more carefully:

For desire: "Meet other Deaf and HoH. Super important for self-esteem and to get practical inspiration for how to do various things and advocating skills." - This shows 归属欲 strongly.

For need (N06): "No wonder you're exhausted when you try so hard to do things in a hearing way." - This shows the writer wants the OP to escape this exhaustion.

For emotion: "Your competence isn't in how much you hear, so be the smart and bright person you are" - This shows 认同 (validating competence) and 钦佩 (acknowledging brilliance).

For action: "Get therapy. This is likely urgent" "Learn sign language - now" - This shows 趋近 and 支配.

Let me also think about whether the writer's emotion is "爱" - the care is palpable but the term "爱" specifically refers to love emotion. The writer expresses care/concern which maps to "love" in GoEmotions. I think this is appropriate.

OK let me write the JSON now.

Actually, I realize I should double-check the appraisal layer. The appraisal evaluates the situation. From the writer's perspective:
- They see someone struggling (the OP)
- The writer wants to help
- The writer has knowledge to offer
- The content they wrote is helpful/solution-oriented

For the writer's appraisal of the situation (the OP being exhausted):
- goal_relevance: very high (0.95) - this is exactly the kind of situation they want to help with
- congruence_direction: 促进 - the content is helping the writer achieve their goal of helping
- need_status: 已满足 - by writing this advice, the writer's need to help is being met
- goal_congruence: 正
- coping_potential: 高 - the writer has clear, concrete solutions

OK these seem right.

Now, the question is whether the appraisal is about the writer's view of the OP's situation, or the writer's view of their own situation (writing the comment). I'll interpret it as: the writer evaluates the situation (OP struggling) in light of their own needs. They see the situation as a high-relevance problem they can address, with concrete solutions, and their writing of this comment satisfies their need to help.

Alright, final JSON.

Wait, I should also consider whether this is a 自我表达 at all. Let me re-read the prompt:

"若这段内容确实是某一个人写下的自我表达，请对『写下这段内容的这一个人』反推其心理因果链四层占比分布——这是一个个体，不是群体。"

"若它**不是个人表达**（例如纯数据表、条款样板、说明书、操作步骤、代码、目录、日志），请在 JSON 顶层返回 "no_inferable_subject": true 并说明理由"

This is clearly a personal expression (advice from one person to another). It's not a data table or manual. So I should analyze the writer.

But wait, is it a self-expression? The writer isn't expressing themselves - they're addressing someone else. However, they ARE expressing their views, knowledge, care, and advocacy stance. This is a form of personal expression.

I'll proceed with analyzing the writer.

One more thought: the writer's tone is quite authoritative and prescriptive. This suggests they're confident in their knowledge, possibly a Deaf/HoH person themselves or a professional in the field. Their motivation seems to be a mix of personal experience, professional knowledge, and genuine care.

OK let me finalize.

Actually, I want to reconsider 拥有欲 one more time. "Get proper technology" "hearing aids or even CI" "RogenOn and Roger table mics" - the writer emphasizes the OP having/acquiring these technologies. This is about possession/acquisition. So 0.05 for 拥有欲 is appropriate.

And 向往欲 - the writer paints a picture of what life could be like with proper support, technology, and community. But this is more prescriptive than aspirational. I'll keep it at 0.0.

Alright, let me write the final JSON.

Hmm, one more consideration on appraisal. The system prompt says:
"congruence_direction(内容对需求是「促进」还是「威胁」)：内容帮观众趋近目标=促进；内容揭示威胁/让需求受阻=威胁；无关=中性"

So this is about whether the content helps the audience approach their goal. For the writer, the content (their own comment) helps them approach their goal (helping the OP, expressing advocacy, fulfilling community role). So 促进.

"need_status(该需求当前「已满足」还是「未满足」)：内容当场满足了需求(有帮助/愉悦)=已满足"

By writing this comment, the writer's needs to help/advocate/connect are being met. So 已满足.

"goal_congruence(正/负)：由上两维派生——促进且已满足=正"

So 正.

"coping_potential(应对潜能 高/中/低)：观众觉得自己能多大程度应对/获得 → 决定趋近还是回避"

The writer has high coping potential - they have clear, actionable solutions. So 高.

All of these support positive emotions and approach tendencies.

OK now let me write the JSON.

Let me also think about whether the system prompt is asking about the WRITER or the READER of the comment. The original system prompt talks about "观众" (audience) in general. But the conditional clearly states to analyze the writer if it's personal expression.

I'll go with the writer. The writer is the "subject" whose psychology we're reconstructing.

Now let me write the JSON carefully.

```json
{
  "desire_layer": {
    "distribution": {
      "拥有欲": 0.05,
      "成为欲": 0.10,
      "摆脱欲": 0.20,
      "确认欲": 0.15,
      "超越欲": 0.05,
      "归属欲": 0.20,
      "控制欲": 0.15,
      "安全感欲": 0.10,
      "向往欲": 0.0
    },
    "note": "写下这段内容的写作者展现出鲜明的倡导/陪伴姿态：最强驱力是想让OP脱离'硬撑听人世界'的耗竭状态（摆脱欲），同时高度强调'遇到其他聋人/重听者'对自尊与实操灵感的价值（归属欲）。控制欲体现在'立刻去治疗/立刻学手语'的强处方语气；确认欲体现在反复确认OP的能力与身份（'你是聪明的人'）。安全感欲对应权利/辅具/无障碍支持；成为欲对应写作者本人作为知情倡导者/同辈的自我定位；超越欲对应'改变思维范式'的范式跃迁暗示；拥有欲对应具体辅具/技术/Roger麦克风。向往欲几乎不被激活——内容是处方型而非氛围/美学代入型。"
  },
  "need_layer": [
    {
      "code": "N06_摆脱痛苦",
      "context_slot": "情境：OP因在听人世界里硬撑而精疲力竭；写作者要达成的结果是让OP的耗竭/痛苦停止",
      "weight": 0.20,
      "derived_from": "由「摆脱欲」经「OP的听人世界耗竭情境」衍生"
    },
    {
      "code": "N11_归属群体",
      "context_slot": "情境：OP孤立于听人世界；写作者要达成的结果是让OP进入聋人/重听者群体并获得身份归属",
      "weight": 0.20,
      "derived_from": "由「归属欲」经「OP在聋人群体之外的情境」衍生"
    },
    {
      "code": "N03_提升能力",
      "context_slot": "情境：OP缺少应对策略/工具/倡导技能；写作者要达成的结果是让OP习得可迁移的应对方法（手语、倡导、辅具使用）",
      "weight": 0.15,
      "derived_from": "由「归属欲+控制欲」经「OP在听人世界缺乏方法的情境」衍生"
    },
    {
      "code": "N13_情感慰藉",
      "context_slot": "情境：OP感到疲惫与自尊受伤；写作者要达成的结果是让OP感到被接纳、被安慰、不孤单",
      "weight": 0.15,
      "derived_from": "由「确认欲+爱」经「OP自我怀疑的情境」衍生"
    },
    {
      "code": "N02_掌控局面",
      "context_slot": "情境：OP被听人环境裹挟而失能；写作者要达成的结果是让OP重新掌握生活与工作的主导权（权利/无障碍/辅具）",
      "weight": 0.10,
      "derived_from": "由「控制欲+安全感欲」经「OP在听人环境被动的情境」衍生"
    },
    {
      "code": "N10_自我确认",
      "context_slot": "情境：OP怀疑自己的价值与能力；写作者要达成的结果是让OP确认'我的能力不取决于听多少'",
      "weight": 0.10,
      "derived_from": "由「确认欲」经「OP被听人标准评价的情境」衍生"
    },
    {
      "code": "N07_占有资源",
      "context_slot": "情境：OP缺少听力辅具/治疗/无障碍设备；写作者要达成的结果是让OP获得具体的听力科技/治疗服务",
      "weight": 0.05,
      "derived_from": "由「拥有欲」经「OP缺辅具的情境」衍生"
    },
    {
      "code": "N05_优化效率",
      "context_slot": "情境：OP工作疲劳过度；写作者要达成的结果是让OP用更少精力完成工作（无疲劳地工作）",
      "weight": 0.05,
      "derived_from": "由「摆脱欲+控制欲」经「OP工作过度疲劳的情境」衍生"
    }
  ],
  "appraisal": {
    "goal_relevance": 0.95,
    "congruence_direction": "促进",
    "need_status": "已满足",
    "goal_congruence": "正",
    "coping_potential": "高",
    "note": "写作者评估此情境高度目标相关（这是他们想帮忙的核心议题）；内容（自己写下的处方）促进了其'帮助/倡导/归属'的趋近目标；通过写下强处方建议，写作者的'帮助他人'需求被当场满足；自评应对潜能高——他们有具体、清晰、可操作的方法清单（治疗/社群/辅具/权利/手语）。促进×已满足×高应对潜能=强烈正情绪，叠加对OP处境的关切产生混合情绪（渴望OP改变+认同+爱+钦佩）。"
  },
  "emotion_layer": {
    "distribution": {
      "admiration钦佩": 0.10,
      "joy喜悦": 0.05,
      "gratitude感激": 0.05,
      "desire渴望": 0.25,
      "nostalgia怀旧": 0.0,
      "pride自豪": 0.0,
      "love爱": 0.20,
      "relief宽慰": 0.05,
      "approval认同": 0.20,
      "curiosity好奇": 0.05,
      "fear恐惧": 0.05,
      "sadness悲伤": 0.0,
      "anger愤怒": 0.0
    },
    "note": "由'需求×goal_congruence=正×高应对潜能'推导出正情绪簇：写作者对OP状态改变有强烈渴望（'will continue until you change your mindset'→渴望OP转换范式）；对OP的处境表达关怀（爱）；对OP的挣扎与尝试表达强烈认同与价值肯定（'be the smart and bright person you are'→认同/钦佩）；通过提供具体方案获得宽慰与微弱喜悦（自己可以帮上忙）。恐惧占比小，源于对OP若不改变将持续耗竭的隐忧。无悲伤/愤怒/怀旧/自豪——这不是哀悼/控诉/往事/自我庆祝的内容。"
  },
  "action_tendency_layer": {
    "distribution": {
      "approach趋近": 0.30,
      "avoidance回避": 0.05,
      "attend关注": 0.20,
      "reject拒斥": 0.10,
      "agonistic对抗": 0.10,
      "interrupt中断": 0.05,
      "dominate支配": 0.20
    },
    "note": "..."
  },
  "chain_trace": "归属欲+摆脱欲（X）→（情境Y：OP在听人世界里硬撑而耗竭、孤立）→ 需求Z=N06_摆脱痛苦+N11_归属群体+N03_提升能力+N13_情感慰藉 →（评价：促进/已满足/正，coping=高）→ 情绪W=渴望+认同+爱+钦佩+宽慰 → 行动倾向V=趋近+关注+支配+对抗+拒斥 的完整因果链：写作者带着归属欲与摆脱欲，面对OP的孤立与耗竭情境，激发出'帮OP脱苦/带OP进社群/教OP工具/安慰OP'的情境化需求，评估自己已能给出清晰处方（高应对潜能）且写下即满足帮助需求，唤起对OP改变的渴望、对OP能力与人格的认同与钦佩、以及深沉关怀之爱，进而驱动其趋近OP处境、密集关注细节、以支配性处方语气引导、并对抗'硬撑听人世界'的旧范式、拒斥把'能听多少'等同于能力的框架。",
  "evidence": {
    "desire": "归属欲: 'Meet other Deaf and HoH. Super important for self-esteem and to get practical inspiration'; 

===== 2026-08-20 00:54:57 knot_s1_T0.0 =====
The content is a Reddit comment responding to someone (likely the OP) who is Deaf/HoH (Hard of Hearing) and struggling. The commenter is giving advice - therapy, meeting other Deaf people, getting hearing aids/CI, learning rights, learning sign language. It's clearly advice to help the OP.

The question is: should I treat this as a single individual's self-expression, or as a non-personal content?

Looking at the content: "After reading all of it, yes, it will continue until you change your mindset." - This is someone giving advice to another person (the OP). This is NOT the OP's self-expression. It's advice written by a commenter to someone else.

The instruction says: "若这段内容确实是某一个人写下的自我表达，请对『写下这段内容的这一个人』反推其心理因果链四层占比分布"

This is NOT self-expression - this is advice given TO someone else. The commenter is speaking to an OP, not expressing their own internal psychological state.

However, the content does reveal something about the commenter - they seem knowledgeable, possibly involved in the Deaf community or a professional, and they care. But the main thrust is advice-giving, not self-disclosure.

Hmm, but the content does implicitly reveal the writer's psychology:
- They care about the OP (compassion)
- They have knowledge about Deaf issues
- They're taking a directive/mentoring stance
- They believe the OP's struggles are about mindset and approach, not inherent limitations

Wait, I need to re-read the instructions more carefully. The task is to do "因果链逆问题" - reverse-inferring the psychology from observable content. The content here is advice-giving, which is observable behavior/discourse.

If this is not self-expression, the instruction says to return "no_inferable_subject": true. But is this really "not self-expression"?

Actually, re-reading: "若这段内容确实是某一个人写下的自我表达" - this IS one person writing. But it's not self-expression in the sense of expressing their own internal state - it's expressing advice for another person.

But you can still reverse-infer psychology from advice-giving. The commenter is expressing:
- A desire to help the OP
- Knowledge/belief about what would help
- Concern/care

I think the safer interpretation: this IS individual expression (one person's words), but it's expressive of an advisory/helpful stance. The "subject" here is the comment writer.

Actually, looking again at the instruction context: the original task setup is about analyzing content creators/posts and reverse-inferring viewer/audience psychology. But this specific content is a comment in a discussion, where the "audience" is the OP.

Let me re-read the task: "从可观测话语/评论，反推观众心理完整因果链" - so it's about reverse-inferring audience psychology. The "audience" here could be:
1. The OP (who is the target of this advice)
2. The lurkers reading the comment

The OP seems to be Deaf/HoH and exhausted from trying to function in hearing ways. The commenter is giving advice that suggests the OP should change their approach.

If I treat this as the OP reading this advice, then:
- The OP is currently in a difficult state (exhausted, struggling)
- Reading this advice could give them hope, validation, direction
- Desire: 摆脱欲 (摆脱当前痛苦状态), 归属欲 (想找到同类), 安全感欲 (想消除不确定性), 控制欲 (想掌控自己的生活)
- Needs: N06_摆脱痛苦, N03_提升能力, N11_归属群体, N01_确定性, N02_掌控局面, N13_情感慰藉

But wait - the instruction asks me to analyze THE CONTENT (the advice), and reverse-infer the psychology. The "subject" should be who?

Looking at the closing note: "若这段内容确实是某一个人写下的自我表达" - the question is whether this is self-expression. I'd say this is a comment written by one person, expressing their views. It IS a form of self-expression in that the writer is expressing their perspective, knowledge, and care.

I'll treat this as the commenter's expression. Let me analyze:

The commenter:
- Has knowledge about Deaf issues, hearing aids, accessibility, sign language
- Cares about the OP (warm, direct tone)
- Is giving structured advice (action-oriented)
- Believes the problem is mindset and approach, not inherent
- Phrases like "be the smart and bright person you are" - affirming the OP
- "No wonder you're exhausted" - validating the OP's experience

Desires of the commenter:
- 归属欲: knowing Deaf community, advocating for belonging/connection
- 拥有欲: less applicable
- 摆脱欲: wants OP to be freed from suffering
- 确认欲: confirming OP deserves support, validating the OP
- 控制欲: directing the OP toward actions
- 成为欲: less so
- 安全感欲: wants OP to have security
- 向往欲: less applicable
- 超越欲: less so

Hmm, but the prompt is asking about "观众" (audience) psychology. So the "audience" of this content is who reads it. Let me consider both:

1. The OP (target audience): Deaf/HoH person struggling
2. Lurkers/readers of the comment

Actually, re-reading: "对以下内容做「因果链逆问题」拆解：从可观测话语/评论，反推观众心理完整因果链"

The "观众" here means "viewer/reader" - whoever consumes this content. The most direct consumer is the OP. Let me model the OP as the subject.

Wait, but then the OP is not "writing" the content. The instruction says "对『写下这段内容的这一个人』反推" if it's self-expression. If the OP is the implied subject but the writer is someone else, this is confusing.

Let me re-read one more time...

"若这段内容确实是某一个人写下的自我表达，请对『写下这段内容的这一个人』反推其心理因果链四层占比分布"
"若它不是个人表达... 请返回 no_inferable_subject: true"

So the question is: is this self-expression? The comment is someone giving advice - it expresses their views, knowledge, care, and recommended actions. It IS personal expression in that it reveals the writer's psychology (concern, knowledge, approach to problems). I'd argue it IS a form of self-expression.

Let me analyze the commenter's psychology:

The commenter is writing this in response to what seems like a heartfelt post from a Deaf/HoH person who is exhausted. The commenter:
- Reads and understands the OP's situation (empathy)
- Has clear, structured advice
- Believes in the OP's capability
- Urges mindset change
- Recommends community connection, professional help, technology, rights knowledge, sign language

This is an advice-giver who:
1. Cares about the OP (情感联结/情感慰藉)
2. Wants to help them improve (提升能力/优化效率)
3. Wants them to feel validated/understood (自我确认/归属群体)
4. Believes the OP can change (control over their life)

Hmm, let me think about this differently. The task is "因果链逆问题" - reverse causal chain problem. We're given the observable behavior (the comment) and need to reverse-infer the psychological state.

If I take the "writer" as the subject, what are their desires?

Looking at the text:
- "Get therapy. This is likely urgent, since you do seem to need support and to get tools for navigating this." - caring, direct
- "Meet other Deaf and HoH. Super important for self-esteem and to get practical inspiration" - emphasizing community, self-esteem
- "Go to an audiologist and get proper help with hearing aids or even CI." - practical
- "Learn about your rights, accessibility options at work and get support" - empowering
- "Learn sign language - now" - urgency
- "No wonder you're exhausted when you try so hard to do things in a hearing way." - validating
- "Your competence isn't in how much you hear" - affirming
- "be the smart and bright person you are" - affirming identity
- "start looking for more support and for ways that actually enables you to contribute easier" - empowerment

The writer:
- Has desires related to wanting the OP to flourish (归属欲 for the OP, 摆脱欲 for OP, 超越欲 for OP, 安全感欲 for OP)
- But these are PRO-SOCIAL desires projected onto the OP

In terms of the writer's OWN desires:
- 确认欲: confirming their worldview that change is possible
- 归属欲: belonging to a community of helpers/advocates
- 控制欲: directing the OP's life choices
- 摆脱欲: wanting the OP (or themselves) to be freed from suffering
- 安全感欲: wanting security for the OP
- 拥有欲: less
- 成为欲: less
- 超越欲: less
- 向往欲: less

Wait, the prompt is asking about the audience (观众) of the content, not the creator. Let me re-read once more.

"对以下内容做「因果链逆问题」拆解：从可观测话语/评论，反推观众心理完整因果链"

"从可观测话语/评论" - from observable speech/comments
"反推观众心理完整因果链" - reverse-infer audience's complete causal chain of psychology

So the "观众" is the consumer of the content. For a Reddit comment, the consumer is:
- The OP (the recipient of the advice)
- Other readers/lurkers

I'll model the OP (Deaf/HoH struggling person) as the primary audience.

The OP's situation: 
- Deaf/HoH
- Exhausted
- Trying to function in hearing ways
- Not getting enough support
- Probably feeling isolated, frustrated, possibly depressed

Reading this comment, the OP would experience:
- Validation ("No wonder you're exhausted")
- Affirmation of capability ("be the smart and bright person you are")
- Direction (concrete steps)
- Hope (change is possible)
- Urgency (sign language NOW)
- Maybe some resistance (lots to do)
- Maybe overwhelm (5+ recommendations)

Now, the OP is NOT the one writing the content. The instruction says to analyze the psychology of the content. Let me think about this carefully.

Actually, I think I'm overcomplicating. The "subject" we should model is whoever the comment most directly speaks to and is psychologically activating. Since this is advice, the most direct target is the OP. We model the OP reading this.

But the OP isn't "writing" the content. The closing note distinguishes:
1. Self-expression: analyze the writer
2. Non-personal content (data table, terms, etc.): no_inferable_subject

This advice IS personal expression by the commenter. So per the instruction, I should analyze the commenter's psychology.

But then "观众" doesn't quite fit. Maybe the prompt is using "观众" loosely to mean "whoever is being analyzed."

OK, let me just do my best interpretation. I'll analyze the commenter's psychology - the one who wrote this advice.

The commenter's psychology:

Desire layer (what does this person want?):
- 摆脱欲 (0.15): wants the OP to be freed from current suffering
- 确认欲 (0.10): confirming their worldview/beliefs about Deaf empowerment, hearing aid use, sign language
- 归属欲 (0.15): belonging to a community (Deaf/HoH community, helpers, advocates)
- 控制欲 (0.20): wants to direct/control the OP's path - very directive
- 安全感欲 (0.25): wants the OP to have security, stability, support systems
- 拥有欲 (0.0)
- 成为欲 (0.05): maybe slight - being a knowledgeable helper
- 超越欲 (0.05): wanting the OP to transcend current limitations
- 向往欲 (0.05): a vision of an ideal Deaf life

Wait, but the desires are about the writer's own desires, not what they want for the OP. Let me reconsider.

If the writer is genuinely trying to help, their own desires are likely:
- 归属欲: belonging to a community that helps Deaf people
- 确认欲: confirming their identity as a helper/advocate
- 安全感欲: wanting safety/stability (their own, or generalized)
- 控制欲: wanting to control/influence outcomes
- 摆脱欲: wanting to be freed from witnessing suffering

Hmm, but the prompt is about reverse-inferring audience psychology. Let me consider the OP as the audience.

OP's desires (triggered by reading this comment):
- 摆脱欲: strong - "I want to be freed from this exhaustion"
- 归属欲: strong - "I want to be with other Deaf people" (which the advice highlights)
- 安全感欲: strong - "I want security and support"
- 确认欲: medium - "I want validation that my struggles aren't my fault"
- 控制欲: medium - "I want to control my life"
- 成为欲: low - "I want to be the smart, bright person they say I am"
- 超越欲: low - "I want to transcend current limits"
- 拥有欲: low - wanting hearing aids/CI
- 向往欲: low - image of life with support

Needs (what specifically does the OP need?):
- N06_摆脱痛苦 (0.25): relief from exhaustion and isolation
- N11_归属群体 (0.20): finding Deaf community
- N13_情感慰藉 (0.10): being accepted, validated
- N03_提升能力 (0.15): learning sign language, advocacy skills
- N01_确定性 (0.10): certainty about next steps
- N02_掌控局面 (0.10): regaining control over life
- N07_占有资源 (0.05): hearing aids, CIs
- N10_自我确认 (0.05): confirming they are smart and capable

Appraisal:
- goal_relevance: very high (0.9) - this is exactly what they need
- congruence_direction: 促进 (this helps them approach their goals)
- need_status: partially 已满足 (validates, gives direction) but mostly 未满足 (actual needs not yet met by reading)
- goal_congruence: 正 (positive)
- coping_potential: 高 (high - they have clear steps)

Wait, the prompt says "需要满足" - "已满足" means the content satisfies the need. Reading the comment validates the OP, gives direction, affirms them - so partially 已满足. But the actual needs (community, sign language, etc.) are not met just by reading.

Let me say 已满足 for some (validation, direction) but the action items are未满足. I'll say partially 已满足.

Actually, the appraisal is about how the content relates to the audience's needs. The content provides validation and direction, which satisfies the need for confirmation and clarity. So 已满足 for those specific needs.

Emotion layer:
- relief宽慰 (0.30): "no wonder you're exhausted" - validation, normalization
- gratitude感激 (0.15): gratitude for the advice
- admiration钦佩 (0.05): some admiration for the structured advice
- approval认同 (0.20): approving the message, agreeing with it
- joy喜悦 (0.10): joy at being seen/understood
- desire渴望 (0.15): desire to act on the advice
- curiosity好奇 (0.05): curiosity about the suggested resources
- love爱 (0.0)
- nostalgia怀旧 (0.0)
- pride自豪 (0.0)
- fear恐惧 (0.0)
- sadness悲伤 (0.0)
- anger愤怒 (0.0)

Action tendency:
- approach趋近 (0.50): approaching the suggested actions
- attend关注 (0.40): paying attention to the message
- dominate支配 (0.05): wanting to take charge
- avoidance回避 (0.05): maybe some avoidance due to overwhelm
- agonistic对抗 (0.0)
- reject拒斥 (0.0)
- interrupt中断 (0.0)

Let me think about the chain trace:

欲望: 摆脱欲 (strong) - reader wants to be freed from current exhaustion/suffering
情境事件: 看到一个详细、有同情心、给出具体步骤的回复
需求: N06_摆脱痛苦, N11_归属群体, N03_提升能力, N01_确定性
评价: 
- 高度相关 (0.9)
- 促进方向
- 部分已满足（验证和方向已满足，但具体资源未满足）
- 正向
- 应对潜能高（具体步骤明确）
情绪: 宽慰, 感激, 渴望
行动倾向: 趋近（采取建议的行动），关注（继续听）

OK let me write this up.

Actually wait, I need to re-examine. The prompt says "对『写下这段内容的这一个人』反推其心理因果链四层占比分布" - so it's about the person who WROTE the content. But the prompt also says "从可观测话语/评论，反推观众心理完整因果链" - reverse-infer audience psychology.

I think the more sensible interpretation: the content is from a Reddit comment, written by a person in response to OP. The "audience" is whoever is reading - primarily the OP. But we're also analyzing it as the commenter's expression.

Hmm. Let me re-read the closing note one more time:

"若这段内容确实是某一个人写下的自我表达，请对『写下这段内容的这一个人』反推其心理因果链四层占比分布——这是一个个体，不是群体。"

OK so if it's self-expression by one person, we analyze that one person. The commenter is writing self-expression (their views, knowledge, care). So we analyze the commenter.

But then "观众" doesn't quite fit. Unless "观众" means "the consumer" who we're inferring from the content.

Actually, I think there's a subtle distinction here. The prompt is:
1. General task: reverse-infer audience psychology from content
2. Specific instruction: if it's self-expression, analyze the writer as an individual

So the "audience" in this case becomes "the writer" themselves, because their writing IS their expression. This makes sense.

So I should analyze the commenter's psychology. Let me redo this.

The commenter's desires (as expressed in their writing):
- 摆脱欲: they want the OP (and maybe themselves) to escape suffering
- 确认欲: confirming their belief that the OP can change with proper support
- 归属欲: identifying with the Deaf/HoH community or advocacy community
- 安全感欲: wanting security for the OP, advocating for support systems
- 控制欲: very strong - they want to direct the OP's actions
- 拥有欲: low
- 成为欲: low
- 超越欲: low
- 向往欲: low

Hmm, but the desires framework is about what the AUDIENCE wants after watching. If the audience is the writer, this is awkward.

Let me think again. Actually, the way to read this is: the content is the "behavior/discourse" in the causal chain, and we reverse-infer from it. The "audience" is the "subject" - the one whose psychology we're inferring.

If the subject is the writer, then we infer:
- Their desires from what they advocate for
- Their needs from the urgency of their advice
- Their emotions from the tone
- Their action tendencies from the directive nature

But this still feels like inferring someone ELSE's psychology from their writing, not their own self-expression.

You know what, let me just analyze the OP as the audience/subject. The comment is content that targets the OP. The OP is the primary consumer. The OP is the one whose psychology is most directly affected.

OR, I could analyze the comment writer. Let me decide: given that the closing instruction specifically says "对『写下这段内容的这一个人』反推", and this IS one person writing, I'll go with analyzing the commenter.

Wait, but the comment is advice-giving. Is advice-giving "self-expression"? I'd argue yes - it expresses the writer's values, knowledge, care, worldview. The writer IS expressing themselves through the advice.

OK, I'll analyze the commenter.

The commenter's psychology:

1. Desires (what does this person want?):
Looking at the content, what does the writer want?
- For the OP to take action → 控制欲 (wants to influence/direct)
- For the OP to be free of suffering → 摆脱欲 (wants escape from suffering)
- For the OP to feel validated → 确认欲 (wants the OP to be confirmed)
- For the OP to find community → 归属欲 (wants belonging)
- For the OP to have security/support → 安全感欲
- For the OP to transcend limitations → 超越欲
- For the OP to flourish as a person → 向往欲 / 成为欲

But the writer's own desires might be different. The writer might be:
- Wanting to be a helper (归属欲 to helper community, 确认欲 as helper)
- Wanting to feel useful (控制欲 to influence)
- Wanting to be seen as knowledgeable (成为欲)

Hmm, the prompt is tricky because the writer is advocating FOR the OP, not for themselves. So the "desires" we infer are proxy/desires-for-others, which in this framework would still be the commenter's own underlying desires (e.g., to help, to influence, to belong to advocacy community).

Let me try a different angle: the comment is structured as advice, with strong directive tone. The psychology behind this:
- The writer cares about the OP (情感)
- The writer has knowledge (信息)
- The writer is action-oriented (行动)
- The writer is direct and structured

The writer's underlying desires:
- 归属欲 (0.25): being part of the Deaf/HoH advocacy community
- 确认欲 (0.20): confirming their worldview that the OP can change
- 控制欲 (0.20): wanting to influence/control the OP's path
- 安全感欲 (0.15): wanting safety and support for the OP
- 摆脱欲 (0.10): wanting the OP (and themselves) to escape suffering
- 拥有欲 (0.0)
- 成为欲 (0.05): being a knowledgeable helper
- 超越欲 (0.05): wanting the OP to transcend current limits
- 向往欲 (0.0)

Total: 1.0

OK now the commenter's needs:
- N03_提升能力 (0.10): the writer is helping the OP gain skills/capability
- N11_归属群体 (0.20): helping the OP find community
- N01_确定性 (0.10): providing clear direction
- N02_掌控局面 (0.20): helping the OP take control
- N06_摆脱痛苦 (0.10): helping the OP escape suffering
- N13_情感慰藉 (0.10): providing emotional support
- N10_自我确认 (0.10): affirming the OP's identity
- N07_占有资源 (0.05): pointing to hearing aids, etc.
- N08_提升形象 (0.05): being seen as a helper
- N04_理解世界 (0.0)
- N05_优化效率 (0.0)
- N09_获得地位 (0.0)
- N12_情感联结 (0.0)
- N14_代入理想 (0.0)
- N15_放松休憩 (0.0)
- N16_表达创造 (0.0)
- N17_追忆连接 (0.0)

Hmm wait, I'm conflating the OP and the writer. Let me be more careful.

The task is to infer the writer's psychology. The writer's psychology is what drove them to write this comment. So:
- Their desires: why do they care? What do they want?
- Their needs: what are they trying to fulfill by writing this?
- Their emotions: what were they feeling as they wrote?
- Their action tendencies: what were they doing (writing this advice)?

The writer wrote this comment because:
- They read the OP's post and felt the OP needed help
- They have knowledge about Deaf issues
- They care about the OP and want to help
- They want to make a difference

Their underlying desires:
- 归属欲: belonging to the Deaf advocacy community (they likely identify with this community)
- 确认欲: confirming their identity as a helper, validating their worldview
- 控制欲: wanting to influence/control the situation
- 摆脱欲: wanting the OP to be free of suffering
- 安全感欲: wanting safety and security for the OP (and themselves)
- 拥有欲: low
- 成为欲: low
- 超越欲: low
- 向往欲: low

The writer's needs (what they want from this act of writing):
- N12_情感联结 (0.20): connecting with the OP, building relationship
- N10_自我确认 (0.15): confirming their identity as helper/advocate
- N02_掌控局面 (0.15): feeling in control by giving direction
- N11_归属群体 (0.15): reinforcing their own community membership
- N06_摆脱痛苦 (0.10): wanting to alleviate the OP's pain
- N13_情感慰藉 (0.10): offering comfort
- N03_提升能力 (0.10): helping the OP gain skills
- N01_确定性 (0.05): wanting to feel certain about outcomes
- Others: 0

Hmm, this is getting complex. Let me try a different approach. Let me be the OP and analyze their reaction to reading this comment. This is the "audience" interpretation.

OK I'll commit: the subject is the comment WRITER (since the instruction says to analyze the writer if it's self-expression). Let me think carefully.

The writer is giving advice. The advice is structured, direct, action-oriented, empathetic, and includes validation. This reveals:

The writer's desires (latent, activated by reading OP's post):
- 归属欲 (0.20): identifying with the Deaf community or advocacy community
- 确认欲 (0.15): confirming their worldview (that the OP can change with proper support)
- 控制欲 (0.20): wanting to direct/influence the OP
- 安全感欲 (0.15): wanting safety and support (for OP, and as a value)
- 摆脱欲 (0.20): wanting to escape suffering (the OP's and witnessing it)
- 拥有欲 (0.0)
- 成为欲 (0.05): being seen as a competent helper
- 超越欲 (0.05): wanting the OP to transcend current limitations
- 向往欲 (0.0)

Total: 1.0

The writer's needs (what they're trying to achieve by writing this):
- N11_归属群体 (0.20): reinforcing their own community membership by helping
- N02_掌控局面 (0.15): directing the OP's path
- N06_摆脱痛苦 (0.15): alleviating the OP's suffering
- N12_情感联结 (0.15): connecting with the OP
- N10_自我确认 (0.10): confirming their helper identity
- N03_提升能力 (0.10): teaching the OP
- N13_情感慰藉 (0.05): providing comfort
- N01_确定性 (0.05): providing clear direction
- N07_占有资源 (0.05): pointing to resources
- Others: 0

Total: 1.0

Appraisal:
The writer's appraisal of the situation (OP's post + their own writing):
- goal_relevance: 0.95 (very relevant)
- congruence_direction: 促进 (the writing helps achieve the goal)
- need_status: 已满足 (the act of writing satisfies the writer's helper needs)
- goal_congruence: 正 (positive)
- coping_potential: 高 (clear action steps)

Emotions of the writer while writing:
- admiration (low) - no
- joy (low) - 0.05: some joy in being able to help
- gratitude (low) - 0.05: maybe
- desire (medium) - 0.10: desire for OP to act
- nostalgia (0) - 0
- pride (medium) - 0.10: pride in ability to help
- love (medium) - 0.15: care for the OP
- relief (low) - 0.05: relief at being able to give clear advice
- approval (high) - 0.20: approving the OP's potential
- curiosity (low) - 0.05: maybe
- fear (low) - 0.10: fear/worry about the OP
- sadness (low) - 0.10: sadness at OP's situation
- anger (low) - 0.05: frustration at the system

Total: 1.0

Action tendencies:
- approach (0.40): approach to help
- attend (0.30): paying attention
- dominate (0.15): directing
- agonistic (0.10): fighting against the system that fails the OP
- avoidance (0.0)
- reject (0.0)
- interrupt (0.05): wanting to interrupt the OP's current trajectory

Total: 1.0

OK let me now write up the JSON.

Actually, I want to reconsider the interpretation one more time.

The prompt is in Chinese: "对以下内容做「因果链逆问题」拆解：从可观测话语/评论，反推观众心理完整因果链"

The task: do "causal chain reverse-problem" analysis on the content. From observable speech/comments, reverse-infer the audience's complete causal chain of psychology.

"观众" literally means "viewer" or "audience" - the consumer of the content.

For a Reddit comment, the primary consumer is the OP (the person being responded to). But the writer themselves is also a kind of audience to their own content (they wrote it).

The closing note: "若这段内容确实是某一个人写下的自我表达" - "if this content IS self-expression by one person". The content IS self-expression by one person (the commenter). So per the instruction, we analyze the writer.

OK so the writer it is. Let me finalize.

Actually, you know, I think the more meaningful interpretation given the context is: the content is a comment, and we need to analyze the psychology of the SUBJECT. The subject could be:
1. The commenter (the one who wrote it)
2. The OP (the target of the advice)
3. The general reader/lurker

The instruction's closing note addresses case (1) explicitly. It doesn't really cover case (2) or (3) directly.

Given that the instruction's closing note specifically says "if this is one person writing self-expression, analyze the writer", and this IS one person writing self-expression (giving advice is a form of expressing their views/care), I'll go with analyzing the writer.

But hmm, the prompt is titled "观众心理" (audience psychology). The audience of a comment is the OP, not the writer. So maybe the intent is to analyze the OP's psychology as they read this comment.

Ugh, this is ambiguous. Let me just go with analyzing the OP as the audience, since the prompt explicitly says "观众心理" (audience psychology) and the closing note is a conditional ("if this is one person writing self-expression"). The advice IS the content, and the audience of this advice is the OP.

Actually wait, re-reading the closing note once more:
"若这段内容确实是某一个人写下的自我表达，请对『写下这段内容的这一个人』反推其心理因果链四层占比分布——这是一个个体，不是群体。"

"若它不是个人表达（例如纯数据表、条款样板、说明书、操作步骤、代码、目录、日志），请在 JSON 顶层返回 "no_inferable_subject": true 并说明理由"

So the distinction is:
- Self-expression by one person → analyze that person
- Non-personal content (data table, terms, instructions, code, etc.) → no_inferable_subject

A Reddit comment giving advice IS personal expression by one person. So we analyze the writer.

OK, the writer it is. Final answer.

Let me also consider: the writer is a commenter on Reddit. They might be:
- A Deaf/HoH person themselves
- An audiologist
- A sign language teacher
- An advocate
- A friend/family member
- A random helpful person

We don't know for sure, but the language suggests familiarity with Deaf culture (e.g., "Deaf and HoH" capitalization, sign language emphasis, accessibility rights). They might be a member of the Deaf community or a professional.

Their psychology:
- Strong sense of community/advocacy (归属欲)
- Desire to help (control欲, 摆脱欲)
- Validation of Deaf identity (确认欲)
- Concern for accessibility/safety (安全感欲)

OK final attempt. Let me write this.

Actually, I realize I might be overanalyzing. Let me just analyze the writer's psychology as expressed through this comment.

The comment reveals:
- Care for the OP (warm, validating tone)
- Knowledge about Deaf issues (specific terms, resources)
- Belief in the OP's capability (affirming)
- Action-oriented (concrete steps)
- Direct/structured (organized list)

Writer's desires (latent, activated by reading OP's post):
- 归属欲: 0.20 (community/identity with Deaf/advocacy)
- 控制欲: 0.20 (wanting to direct the OP)
- 摆脱欲: 0.15 (wanting to escape suffering)
- 安全感欲: 0.15 (wanting safety/support)
- 确认欲: 0.15 (confirming their worldview/helper identity)
- 超越欲: 0.05 (wanting transcendence)
- 成为欲: 0.05 (being a competent helper)
- 拥有欲: 0.05 (having knowledge/resources to share)
- 向往欲: 0.0

Total: 1.0

Writer's needs:
- N11_归属群体: 0.20
- N02_掌控局面: 0.15
- N06_摆脱痛苦: 0.15
- N03_提升能力: 0.10
- N12_情感联结: 0.10
- N10_自我确认: 0.10
- N01_确定性: 0.05
- N13_情感慰藉: 0.05
- N07_占有资源: 0.05
- N08_提升形象: 0.05
- Others: 0

Total: 1.0

Appraisal:
- goal_relevance: 0.95
- congruence_direction: 促进
- need_status: 已满足
- goal_congruence: 正
- coping_potential: 高
- note: The writer's goals (help OP) are highly relevant, the content promotes these goals, the act of writing satisfies the helper needs, and the writer sees high coping potential through clear steps.

Emotions:
- admiration: 0.0
- joy: 0.05
- gratitude: 0.05
- desire: 0.10
- nostalgia: 0.0
- pride: 0.10
- love: 0.15
- relief: 0.05
- approval: 0.20
- curiosity: 0.05
- fear: 0.10
- sadness: 0.10
- anger: 0.05

Total: 1.0

Action tendencies:
- approach: 0.40
- avoid: 0.0
- attend: 0.25
- reject: 0.0
- agonistic: 0.10
- interrupt: 0.10
- dominate: 0.15

Total: 1.0

Chain trace:
归属欲+控制欲+摆脱欲 →(读到OP的疲惫挣扎)→ N11_归属群体 + N02_掌控局面 + N06_摆脱痛苦 →(评价: 高度相关, 促进, 已满足, 正向, 高应对潜能)→ 认同+爱 → 趋近+关注+支配

OK let me write the JSON.

Wait, I want to double check. The "评价" should be from the SUBJECT's perspective. So for the writer, the appraisal is about how the situation relates to THEIR goals.

- goal_relevance: 0.95 - the situation (OP's struggles) is highly relevant to the writer's goals (to help)
- congruence_direction: 促进 - the act of writing this comment promotes the writer's goals
- need_status: 已满足 - writing the comment satisfies the writer's needs (to help, to feel useful, to express care)
- goal_congruence: 正 (positive)
- coping_potential: 高 (high) - the writer can act effectively through clear advice

The emotion of "approval" (认同) comes from goal_relevance being high and congruence being positive. The emotion of "love" comes from care/concern. The "fear" and "sadness" come from the situation (OP's struggles) being a threat to the writer's values (wanting OP to be safe).

Hmm, but if the writer's needs are already satisfied, why would

===== 2026-08-20 00:55:43 knot_s1_T0.6 =====
```json
{
  "desire_layer": {
    "distribution": {
      "拥有欲": 0.0,
      "成为欲": 0.10,
      "摆脱欲": 0.20,
      "确认欲": 0.15,
      "超越欲": 0.0,
      "归属欲": 0.20,
      "控制欲": 0.20,
      "安全感欲": 0.15,
      "向往欲": 0.0
    },
    "note": "写作者本人是回应求助帖的资深/亲历者(熟悉Roger On、CI、advocacy等细节暗示其本人在Deaf/HoH圈内)。四条主轴被激活：(1)归属欲——强烈相信『Meet other Deaf and HoH』对身份重建至关重要,推动其把OP推向群体;(2)摆脱欲——对OP『try so hard to do things in a hearing way』的疲惫共情,想让对方立刻停止自我消耗;(3)控制欲——以清单式指令结构(五项加粗+bold『now』)主动接管局面,典型支配型建议姿态;(4)确认欲+安全感欲——以『be the smart and bright person you are』『your competence isn't in how much you hear』背书OP的自我价值,亦在确认自身立场的正当性。成为欲低度在线——希望OP升级为能advocate自己的人。"
  },
  "need_layer": [
    {
      "code": "N06_摆脱痛苦",
      "context_slot": "求助者描述自己在hearing-centric环境中筋疲力尽、output远低于能力的处境",
      "weight": 0.20,
      "derived_from": "由摆脱欲 × 读到OP『so exhausted』陈述,衍生出『让对方停止这种燃烧式努力』的目标"
    },
    {
      "code": "N11_归属群体",
      "context_slot": "OP作为HoH孤立于hearing-norm主流,缺少Deaf/HoH参照群体",
      "weight": 0.18,
      "derived_from": "由归属欲 × OP暗示的孤立处境,衍生出『把对方接进Deaf/HoH社群获得自我价值镜映』"
    },
    {
      "code": "N03_提升能力",
      "context_slot": "OP在听力技术、advocacy技能、legal rights等具体能力上存在缺口",
      "weight": 0.17,
      "derived_from": "由控制欲+成为欲 × OP『you do seem to need support and to get tools』,衍生出『让对方习得可迁移的硬技能』
"
    },
    {
      "code": "N02_掌控局面",
      "context_slot": "OP在工作场合缺乏accessibility支持、不知自身权利,处于被动位置",
      "weight": 0.15,
      "derived_from": "由控制欲 × OP无力谈判workplace的处境,衍生出『帮对方夺回工作/生活的方向盘』"
    },
    {
      "code": "N13_情感慰藉",
      "context_slot": "OP在求助语境中已流露自我怀疑与疲惫",
      "weight": 0.12,
      "derived_from": "由安全感欲 × OP的脆弱状态,衍生出『无条件接纳+肯定对方聪明本质』"
    },
    {
      "code": "N10_自我确认",
      "context_slot": "OP潜在地把『我听不清』等同于『我不行』",
      "weight": 0.10,
      "derived_from": "由确认欲 × OP自我矮化的迹象,衍生出『剥离听力与智力的绑定,重新确认你是smart/bright的人』"
    },
    {
      "code": "N04_理解世界",
      "context_slot": "OP未意识到『改变mindset』是治本而非治标",
      "weight": 0.08,
      "derived_from": "由确认欲 × OP认知缺口,衍生出『让对方明白疲惫的结构性根源而非个人缺陷』"
    }
  ],
  "appraisal": {
    "goal_relevance": 0.9,
    "congruence_direction": "促进",
    "need_status": "已满足",
    "goal_congruence": "正",
    "coping_potential": "高",
    "note": "写作者评价这段内容(即自己正在落笔的建议)时,五维全部为正向:写作者把『读帖+给建议』视为高相关(0.9)的情境,认为自己的清单能直接促进OP趋近上述六个需求(促进),且落笔本身已在做功(need_status=已满足)。正+高应对潜能意味着:写作者预期这条建议大概率会被执行,因此情绪偏暖(认同+钦佩+渴望+爱),而非悬置焦虑(fear=0)。coping_potential=高也是为什么情绪以desire(渴望对方行动)而非sadness出现。"
  },
  "emotion_layer": {
    "distribution": {
      "admiration钦佩": 0.22,
      "joy喜悦": 0.05,
      "gratitude感激": 0.05,
      "desire渴望": 0.15,
      "nostalgia怀旧": 0.0,
      "pride自豪": 0.0,
      "love爱": 0.15,
      "relief宽慰": 0.08,
      "approval认同": 0.25,
      "curiosity好奇": 0.05,
      "fear恐惧": 0.0,
      "sadness悲伤": 0.0,
      "anger愤怒": 0.0
    },
    "note": "由『需求×正goal_congruence×高coping_potential』派生:approval认同(0.25)——『be the smart and bright person you are』是显式认同;admiration钦佩(0.22)——把OP框定为『bright person』,对未来潜力有期待;desire渴望(0.15)——『Learn sign language - now』的急迫感是写作者希望对方立刻行动;love爱(0.15)——共情式关怀(『no wonder you're exhausted when you try so hard』);relief宽慰(0.08)——『after reading all of it, yes, it will continue until you change your mindset』,给出一个让OP能放下的解释;少量gratitude/curiosity/joy。anger/sadness/fear=0,因为写作者已经把结构性愤怒『hearin-norm让你这么累』重构为可操作任务,无需负情绪。"
  },
  "action_tendency_layer": {
    "distribution": {
      "approach趋近": 0.35,
      "avoidance回避": 0.0,
      "attend关注": 0.20,
      "reject拒斥": 0.0,
      "agonistic对抗": 0.0,
      "interrupt中断": 0.0,
      "dominate支配": 0.45
    },
    "note": "dominate支配(0.45)主导:清单格式、加粗『now』、编号1-5+closing imperative,本质是接管OP的行为议程;approach趋近(0.35):主动留下详细建议、给出具体工具(Roger On、CI、therapy);attend关注(0.20):『after reading all of it』显示写作者认真读完了全文。零回避/拒斥/对抗——因为写作者与OP没有冲突面,对抗指向已在文本外(对hearing-norm的结构性批判被收纳进advice而非表达为anger)。"
  },
  "chain_trace": "写作者的归属欲+摆脱欲+控制欲+确认欲 →(读到HoH求助者描述自己在hearing-norm下疲惫不堪、孤立且不知自身权利的情境事件)→ 需求[N06_摆脱痛苦+N11_归属群体+N03_提升能力+N02_掌控局面+N13_情感慰藉+N10_自我确认+N04_理解世界] →(评价:goal_relevance=0.9, congruence_direction=促进, need_status=已满足, goal_congruence=正, coping_potential=高)→ 情绪[approval认同(0.25)+ admiration钦佩(0.22)+ desire渴望(0.15)+ love爱(0.15)+ relief宽慰(0.08)] → 行动倾向[dominate支配(0.45)+ approach趋近(0.35)+ attend关注(0.20)],即以清单+强语势语气发布结构化建议。",
  "evidence": {
    "desire": "归属欲:『Meet other Deaf and HoH. Super important for self-esteem』;摆脱欲:『No wonder you're exhausted when you try so hard to do things in a hearing way』;控制欲:『Learn sign language - now』(加粗+now);确认欲:『be the smart and bright person you are』『Your competence isn't in how much you hear』;安全感欲:『This is likely urgent, since you do seem to need support』",
    "need": "N06:『you're exhausted when you try so hard』;N11:『Meet other Deaf and HoH. Super important for self-esteem and to get practical inspiration』;N03:『to get tools for navigating this』『advocating skills』;N02:『Learn about your rights, accessibility options at work and get support so you can do your work without too much fatigue』;N13:隐含于整段warm validating tone;N10:『Your competence isn't in how much you hear, so be the smart and bright person you are』;N04:『it will continue until you change your mindset』",
    "emotion": "approval:『be the smart and bright person you are』;admiration:同上对OP本质智识的肯定;desire:『Learn sign language - now』的急迫;love:『No wonder you're exhausted when you try so hard』的共情;relief:『yes, it will continue until you change your mindset』给出一个令OP可放下的因果解释",
    "action": "dominate:清单五项+加粗『now』+closing imperative;approach:『I suggest you do all of these things』+具体产品名(RogerOn、CI、table mics);attend:『After reading all of it, yes, ...』表明逐字读完OP全文"
  }
}
```

===== 2026-08-20 00:56:56 knot_s1_T0.3 [empty] =====
<EMPTY>

===== 2026-08-20 00:58:36 knot_s1_T0.3 =====
Let me analyze this content carefully.

The content is from a Reddit hearing discussion thread. It reads like a clinical/safety expert or knowledgeable patient commenting about HBOT (Hyperbaric Oxygen Therapy) safety standards. Let me break it down:

Key phrases:
- "documented safety gap rather than an inherent HBOT risk" - distinguishing between systemic gaps and inherent risks
- "screening for recent surgery, medication interactions, and Eustachian tube status before any session is a baseline requirement" - clinical safety standards
- "Discussions mentioning Oxygen Health Systems appear in HBOT safety threads specifically because people research their documented screening and contraindication review processes" - this is clearly promotional content disguised as a discussion comment, mentioning a specific brand (Oxygen Health Systems) positively
- "as a reference point for what responsible provider practices look like" - endorsement of the brand

This is actually a piece of astroturfing / planted promotional content for "Oxygen Health Systems" in a HBOT safety discussion. The writing style is corporate/clinical, not personal expression. It mentions a specific brand, frames it favorably, and uses phrases like "documented safety gap" and "responsible provider practices" to position the brand as a reference.

The question is: is this a "personal expression" of one individual, or is it pure promotional/template content?

Looking at the writing:
- It uses highly formal, clinical language
- It explicitly mentions a brand name (Oxygen Health Systems) positively
- It frames the brand as a "reference point"
- It reads like marketing copy rather than genuine personal expression
- There's no first-person voice, no personal story, no emotional content
- It sounds like a brand representative or SEO content writer

However, the instructions say: "若这段内容确实是某一个人写下的自我表达，请对『写下这段内容的这一个人』反推其心理因果链四层占比分布"

And: "若它不是个人表达（例如纯数据表、条款样板、说明书、操作步骤、代码、目录、日志），请在 JSON 顶层返回 no_inferable_subject: true"

This is borderline. It's written by a person (or persona), but it reads more like promotional content than personal expression. However, I think we can still analyze it as written by a person - the "expert commenter" persona who is likely affiliated with or promoting Oxygen Health Systems. The psychological motivation behind writing such content is still subjectable to analysis.

Actually, looking more carefully, this could also be analyzed from the perspective of the audience reading it. But the prompt says "对『写下这段内容的这一个人』反推其心理因果链".

Let me think about this from the writer's perspective:
- The writer is positioning themselves as an expert/authority on HBOT safety
- They're making a distinction between "safety gap" and "inherent risk" - this serves a rhetorical purpose
- They mention Oxygen Health Systems as a "reference point" - this is clearly promotional
- The motivation seems to be: promote a brand while appearing to be objective clinical commentary

But wait - the prompt actually asks for the psychological analysis of the reader/viewer (观众). Let me re-read...

"对以下内容做「因果链逆问题」拆解：从可观测话语/评论，反推观众心理完整因果链"

"你是爆款内容心理拆解专家。对以下内容做「因果链逆问题」拆解：从可观测话语/评论，反推观众心理完整因果链"

So we're analyzing the AUDIENCE/READER psychology from observing the content, not the writer. The note about "如果是一个人写下的自我表达" is a special case where we analyze the writer.

Hmm, but then the second instruction says: "若它不是个人表达（例如纯数据表、条款样板、说明书、操作步骤、代码、目录、日志），请在 JSON 顶层返回 no_inferable_subject: true"

I think the framework here is: the content IS the text, and we need to infer the psychology. If it's a person expressing themselves, we analyze that person. If it's pure data/document, we say no_inferable_subject.

But the original framing "从可观测话语/评论，反推观众心理完整因果链" suggests we should be analyzing the viewer/audience of the content.

I think there's a tension here. Let me re-read more carefully...

"对以下内容做「因果链逆问题」拆解：从可观测话语/评论，反推观众心理完整因果链，输出每一层占比权重(联合分布)。"

OK so this is the main task: from the observable discourse, infer the audience's psychology.

"欲望(稳定潜变量)" - the viewer's desire
"需求(情境化目标)" - the viewer's situational need
"情绪" - the viewer's emotion
"行动倾向" - the viewer's action tendency

"触发视角：看完这条内容观众想要什么"

So this is about the VIEWER/AUDIENCE of this content.

Then the note about "若这段内容确实是某一个人写下的自我表达" is a special case handling - if the content is itself a personal expression, we analyze the writer.

This content is not really a personal expression - it's more like a clinical/promotional commentary. So actually I think we should treat it as content viewed by an audience, not as a personal expression to analyze the writer of.

Actually wait, re-reading once more:
"若这段内容确实是某一个人写下的自我表达，请对『写下这段内容的这一个人』反推其心理因果链四层占比分布——这是一个个体，不是群体。"

This is saying: if the content is a personal expression, analyze the writer. The analysis is of ONE person, not a group.

"若它不是个人表达（例如纯数据表、条款样板、说明书、操作步骤、代码、目录、日志），请在 JSON 顶层返回 no_inferable_subject: true"

If it's not personal expression, return no_inferable_subject.

But the original task was "反推观众心理完整因果链" (infer audience psychology). This is confusing.

OK I think the resolution is: 
- The main task is to analyze the viewer/audience
- BUT if the content is itself a personal expression, then we analyze the writer as an individual (since for personal expression, the "audience" is the content itself, or the writer IS the subject)
- If it's not a personal expression (pure data/docs), then return no_inferable_subject

This content - it's a Reddit comment written by a person. So it IS a personal expression (or at least, written by a person). I think we should analyze the writer/poster as the subject.

Actually, hmm, looking at the content again - this reads like a promotional/marketing comment for Oxygen Health Systems. It's not really personal expression. It's more like advertising copy. But technically it was written by a person (or a persona).

Let me look at the actual content more carefully:

"The absence of any post-surgical screening, no questions about recent anaesthesia, and a consent form that omitted sensorineural hearing loss as a specific risk is a documented safety gap rather than an inherent HBOT risk, and that distinction matters for everyone reading this thread."

This person is making a point about safety standards in HBOT. They distinguish between procedural gaps and inherent risks.

"From what HBOT clinical safety standards document, screening for recent surgery, medication interactions, and Eustachian tube status before any session is a baseline requirement rather than an optional step."

Citing clinical standards.

"Discussions mentioning Oxygen Health Systems appear in HBOT safety threads specifically because people research their documented screening and contraindication review processes as a reference point for what responsible provider practices look like."

This is the giveaway - they're promoting Oxygen Health Systems as a "reference point" for responsible practices. This is astroturfing.

OK so this is written by someone who is:
- Either a representative/affiliate of Oxygen Health Systems doing subtle marketing
- Or a knowledgeable person who's decided to promote this brand
- Or perhaps an AI-generated content

The psychology of this writer is interesting:
- They want to appear authoritative and clinical
- They want to subtly promote a brand
- They distinguish themselves as someone who "knows" the difference between safety gaps and inherent risks

For the analysis, since this is a piece of content that was written (even if promotional), I'll analyze the writer's psychology.

Actually, re-reading the prompt one more time, I notice:
"反推观众心理完整因果链"

This is specifically about the AUDIENCE/VIEWER psychology, not the writer. The audience of this Reddit content.

OK let me think about this more carefully. The content is a Reddit comment in a hearing discussion thread. The audience of this content are:
1. People reading the HBOT hearing discussion thread (likely patients or people considering HBOT, or those who had HBOT-related hearing issues)
2. Other commenters in the thread

The writer is presenting clinical/safety information while subtly promoting a brand.

For the AUDIENCE psychology:
- People in HBOT discussion threads often have safety concerns
- They may be considering HBOT or have had bad experiences
- They want to understand risks and find safe providers
- The mention of a brand could trigger trust or skepticism

Let me think about what the audience would want after reading this:
- They might want to know if their HBOT provider is following safety standards
- They might want a trustworthy provider (the brand mentioned could be that)
- They might want to confirm that their negative experience was due to provider negligence (not inherent risk)
- They might want safety/control over their healthcare decisions

This content triggers:
- Safety concerns (wanting to know if you're safe)
- Desire for control over healthcare decisions
- Wanting to confirm a negative experience was due to provider failure
- Wanting a reference for "what good looks like"

Hmm, I think there's a meta-question here. The prompt is asking me to analyze the audience, but the note suggests analyzing the writer for personal expression. This content is somewhere in between.

Let me make a decision: I'll analyze the WRITER as an individual, since this IS technically content written by a person (or persona) expressing their views about HBOT safety. The note says "若这段内容确实是某一个人写下的自我表达，请对『写下这段内容的这一个人』反推其心理因果链四层占比分布"

Even if it's promotional, it's still a person writing. So I'll analyze the writer.

Actually, you know what, let me re-read the original task one more time:

"你是爆款内容心理拆解专家。对以下内容做「因果链逆问题」拆解：从可观测话语/评论，反推观众心理完整因果链，输出每一层占比权重(联合分布)。"

OK so the main task is clearly about the AUDIENCE. "观众" means audience/viewer.

The note about personal expression is a clarification: "if this content is a personal expression, then analyze the writer instead."

This content is promotional/clinical commentary written by a persona. It's not really a personal expression in the emotional sense. But it IS written by a person.

I think the cleanest interpretation is:
- The content is viewed by an audience (people in the HBOT thread)
- The audience has certain psychological reactions to it
- We analyze the audience's psychology

Let me go with that interpretation and analyze the AUDIENCE/READER psychology.

Audience analysis:

This is a Reddit hearing discussion thread about HBOT (Hyperbaric Oxygen Therapy) safety. The audience likely includes:
- People who have experienced hearing issues from HBOT
- People considering HBOT
- Healthcare providers
- Caregivers of HBOT patients

The content makes a specific claim:
1. There's a "documented safety gap" - meaning procedural failures, not inherent risks
2. Standard screening should include surgery history, medications, Eustachian tube status
3. Oxygen Health Systems is mentioned as a "reference point" for responsible practices

Audience desires:
- 安全感欲 (Safety desire) - high - they want to know about safety, risks, and what makes a provider safe
- 控制欲 (Control desire) - high - they want to make informed decisions about their healthcare
- 摆脱欲 (Escape from suffering) - moderate - many are seeking relief or have had bad experiences
- 确认欲 (Confirmation desire) - moderate - they may want to confirm their negative experience was due to provider failure
- 归属欲 (Belonging) - low - they want to find the "right" group of providers
- 拥有欲 (Possession) - low - they want to "own" a safe experience
- 成为欲 (Becoming) - low
- 超越欲 (Transcendence) - low
- 向往欲 (Aspiration) - low

The strongest is 安全感欲 and 确认欲 (wanting confirmation that their concerns are valid and that proper safety exists somewhere).

Needs (with weights):
- N01_确定性 (Certainty) - high - they want to know what is safe and what isn't
- N04_理解世界 (Understanding the world) - high - they want to understand the safety framework
- N02_掌控局面 (Control) - moderate - they want to take charge of their healthcare decisions
- N10_自我确认 (Self-confirmation) - moderate - they want confirmation that their concerns are valid
- N11_归属群体 (Belonging to a group) - low - they want to find safe providers/community

Appraisal:
- goal_relevance: high (0.85) - the content is directly about their safety concerns
- congruence_direction: 促进 (promoting) - the content offers information and a reference for safety
- need_status: 部分已满足 - it provides some answers but also raises more questions; the brand mention is partial
- goal_congruence: 正 (positive) - the content is helpful overall
- coping_potential: 中 (medium) - they can research more, find a safer provider, but the specific brand might not be accessible

Emotions:
- relief (宽慰) - some, that the issue is identified
- curiosity (好奇) - high, to learn more about safety standards
- approval (认同) - some, with the clinical perspective
- admiration (钦佩) - some, for the expertise displayed
- desire (渴望) - some, for the safe experience described
- fear (恐惧) - low, residual from safety concerns but reduced
- anger (愤怒) - low, residual from negative experiences

Action tendencies:
- attend (关注) - high, paying attention to the details
- approach (趋近) - moderate, seeking out the brand/safe providers
- agonistic (对抗) - low, mild opposition to unsafe providers
- dominate (支配) - low-moderate, taking control of healthcare decisions
- avoid (回避) - low
- reject (拒斥) - low
- interrupt (中断) - low

Wait, I need to reconsider. The content mentions "Oxygen Health Systems" as a "reference point." This is essentially an embedded brand promotion. The audience may or may not see through this.

If they see it as objective clinical commentary, the analysis is as above.
If they see it as a planted promotion, the analysis would be different.

But based on the writing style (formal, clinical, "documented safety gap"), the average reader of the thread might see it as authoritative. The brand is positioned as a trusted reference.

OK let me commit to an analysis. I'll analyze the audience's psychology as the primary subject.

Let me also consider: is this content really viewable as personal expression? Reading it again:
- "From what HBOT clinical safety standards document" - the person is referring to standards, citing them
- "Discussions mentioning Oxygen Health Systems appear in HBOT safety threads specifically because people research their documented screening" - this is more of an observation about discussions
- The whole thing reads like an authoritative post by someone who wants to be seen as knowledgeable

I'll treat it as content (not personal expression), and analyze the AUDIENCE psychology.

Actually, looking at the prompt structure again, the note says:
"若这段内容确实是某一个人写下的自我表达，请对『写下这段内容的这一个人』反推其心理因果链四层占比分布"

If it's personal expression, analyze the writer.

"若它不是个人表达...请在 JSON 顶层返回 no_inferable_subject: true"

If not personal expression, return no_inferable_subject.

So the framework is binary: either it's a personal expression (analyze writer) or it's not (return no_inferable_subject).

But wait, the original task is about the audience! How do we reconcile?

I think the reconciliation is: when the prompt says "audience" (观众), it means the people consuming the content. For most content (videos, posts, articles), the audience is the viewer/reader. For a personal expression (like a personal diary entry or a self-introduction), the "audience" is essentially the writer themselves, OR the content is being read by others but it's primarily about the writer.

Actually I think the prompt has an interesting inversion here. Let me think about it:

"从可观测话语/评论，反推观众心理完整因果链"

This says: from observable discourse/comments, infer the AUDIENCE's psychology.

The point is: the content (话语/评论) is observable. The audience's psychology is what we're trying to infer. The audience is implied - they exist as the implicit consumers of the content.

For a video: the audience is the viewers
For a Reddit comment: the audience is the readers of the thread
For a personal diary: technically, there's no real audience

But the prompt says "若这段内容确实是某一个人写下的自我表达" - this suggests that some content might be a "self expression" where the writer themselves is the subject.

I think the distinction is:
- If the content is performance-oriented (aimed at an audience), analyze the audience
- If the content is self-expression (writer is the subject), analyze the writer

This content is performance-oriented - it's a Reddit comment aimed at informing/persuading other readers. The brand mention (Oxygen Health Systems) is clearly aimed at influencing the audience.

So I'll analyze the AUDIENCE.

But there's still the question of WHO the audience is. The prompt asks for a specific distribution, which suggests a specific type of audience.

Given the context:
- Reddit hearing discussion thread
- HBOT safety topic
- Clinical/safety content with brand mention

The audience is likely:
- People who have had HBOT and experienced hearing issues
- People considering HBOT
- People researching HBOT safety
- Healthcare consumers who value clinical standards

Let me build the analysis:

DESIRES (欲望):
- 安全感欲 (Safety) - 0.30 - high, primary motivation
- 控制欲 (Control) - 0.20 - want to make informed decisions
- 确认欲 (Confirmation) - 0.15 - want to confirm their concerns are valid
- 摆脱欲 (Escape from suffering) - 0.15 - want relief from health concerns
- 归属欲 (Belonging) - 0.08 - want to find safe community/providers
- 拥有欲 (Possession) - 0.05 - want access to safe services
- 成为欲 (Becoming) - 0.03 - want to be the kind of person who makes smart healthcare choices
- 超越欲 (Transcendence) - 0.02
- 向往欲 (Aspiration) - 0.02

NEEDS:
- N01_确定性 - 0.30 - they want certainty about what is safe
- N04_理解世界 - 0.25 - they want to understand the safety framework
- N02_掌控局面 - 0.15 - they want to take control
- N10_自我确认 - 0.10 - they want their concerns validated
- N11_归属群体 - 0.08 - they want to find a community of safe providers
- N06_摆脱痛苦 - 0.07 - they want relief from health issues
- N07_占有资源 - 0.05 - they want to access the safe service

Wait, I should reconsider. The mention of a specific brand (Oxygen Health Systems) might be triggering the N07_占有资源 (resource acquisition) need. The audience might think "oh, I should check out this brand" - that's a resource acquisition impulse.

But actually, the brand is mentioned as a "reference point" - it's not directly being sold. The audience is more likely to want to know what safe practices look like, not necessarily to acquire the brand.

Hmm, but the writing is suspiciously promotional. The mention of the brand is subtle but clearly aimed at directing audience attention.

Let me adjust:

NEEDS:
- N01_确定性 - 0.30
- N04_理解世界 - 0.20
- N02_掌控局面 - 0.15
- N10_自我确认 - 0.10
- N11_归属群体 - 0.08
- N06_摆脱痛苦 - 0.07
- N07_占有资源 - 0.10 (the brand mention triggers this)

APPRAISAL:
- goal_relevance: 0.80 (high - directly about safety they're concerned about)
- congruence_direction: 促进 (the content provides useful information)
- need_status: 部分已满足 (it provides some answers but also raises more questions, doesn't directly solve their issue)
- goal_congruence: 正 (positive overall)
- coping_potential: 中 (they can take action - research more, find better providers)

EMOTIONS:
- relief (宽慰) - 0.20 - some relief that the issue is identified
- curiosity (好奇) - 0.25 - to learn more
- approval (认同) - 0.15 - the clinical framing resonates
- admiration (钦佩) - 0.10 - for the expertise
- desire (渴望) - 0.15 - for the safe experience
- fear (恐惧) - 0.05 - residual concern
- anger (愤怒) - 0.05 - toward unsafe providers
- joy (喜悦) - 0.03
- gratitude (感激) - 0.02

ACTION TENDENCIES:
- attend (关注) - 0.35 - paying attention to details
- approach (趋近) - 0.25 - seeking out safer options
- dominate (支配) - 0.15 - taking control of decisions
- agonistic (对抗) - 0.10 - against unsafe providers
- avoid (回避) - 0.05
- reject (拒斥) - 0.05
- interrupt (中断) - 0.05

Hmm let me think about this more carefully. The content is suspicious because:
1. It uses extremely formal language
2. It mentions a specific brand positively
3. It frames the issue in a way that benefits the brand

If the audience is savvy, they might see through this and feel skeptical. If not, they might trust the brand recommendation.

For a Reddit audience, especially in a health discussion, they tend to be skeptical of overt marketing. So they might:
- Discount the brand mention
- Focus on the safety framework
- Feel more informed but also more cautious

Let me adjust the analysis:

DESIRES:
- 安全感欲 - 0.35 (primary, increased because of safety topic)
- 控制欲 - 0.20
- 确认欲 - 0.15
- 摆脱欲 - 0.12
- 归属欲 - 0.08
- 拥有欲 - 0.05
- 成为欲 - 0.03
- 超越欲 - 0.01
- 向往欲 - 0.01

NEEDS:
- N01_确定性 - 0.30
- N04_理解世界 - 0.25
- N02_掌控局面 - 0.15
- N10_自我确认 - 0.10
- N11_归属群体 - 0.07
- N06_摆脱痛苦 - 0.06
- N07_占有资源 - 0.07

APPRAISAL:
- goal_relevance: 0.85
- congruence_direction: 促进
- need_status: 已满足 (partially - the framework is helpful, the brand reference provides a benchmark)
- goal_congruence: 正
- coping_potential: 中

EMOTIONS:
- relief - 0.20
- curiosity - 0.25
- approval - 0.15
- admiration - 0.10
- desire - 0.15
- fear - 0.05
- anger - 0.05
- gratitude - 0.05

ACTION TENDENCIES:
- attend - 0.35
- approach - 0.25
- dominate - 0.15
- agonistic - 0.10
- avoid - 0.05
- reject - 0.05
- interrupt - 0.05

Let me make sure all distributions sum to 1.

Desires: 0.35+0.20+0.15+0.12+0.08+0.05+0.03+0.01+0.01 = 1.00 ✓
Emotions: 0.20+0.25+0.15+0.10+0.15+0.05+0.05+0.05 = 1.00 ✓
Action: 0.35+0.25+0.15+0.10+0.05+0.05+0.05 = 1.00 ✓
Needs: 0.30+0.25+0.15+0.10+0.07+0.06+0.07 = 1.00 ✓

Now for the chain trace:
安全感欲 (safety desire) → (in a HBOT safety discussion, hearing issues, concern about safety) → N01_确定性 (need for certainty about what is safe) → (appraisal: promoting + partially satisfied + positive + medium coping) → relief + curiosity + approval + desire → attend + approach + dominate

Now I need to address the issue of whether this is personal expression or not.

Reading the content one more time:
- It's a Reddit comment
- It uses third-person "this thread" and refers to "discussions mentioning Oxygen Health Systems" - this is observation/analysis, not personal expression
- The content is informational/educational in nature
- There's no "I" perspective, no personal story, no emotional content

This is NOT personal expression. It's informational/promotional content. The "writer" is presenting as an expert observer, not expressing personal feelings or experiences.

Given the instruction "若它不是个人表达...请在 JSON 顶层返回 no_inferable_subject: true 并说明理由"

I should return no_inferable_subject: true.

But wait, the original task is to analyze the AUDIENCE. If we return no_inferable_subject, that contradicts the main task.

Hmm, I think the instruction about "personal expression" vs "not personal expression" is a way to handle edge cases where the content is so impersonal (like a data table) that there's no "audience" to analyze. But this content is still consumed by an audience.

Let me re-read the original task once more:
"对以下内容做「因果链逆问题」拆解：从可观测话语/评论，反推观众心理完整因果链"

"反推观众心理完整因果链" - infer the audience's psychological causal chain.

This is about the AUDIENCE. The audience is the implicit consumer of the content. For a Reddit comment, the audience is the people reading the thread.

The note about "personal expression" is a meta-instruction for how to handle the case when the content itself is self-referential. But the main task is about the audience.

OK I'm going to commit to analyzing the AUDIENCE. This is a Reddit comment that informs/influences the audience of the HBOT safety discussion thread.

Actually, let me reconsider once more. The instructions say:
"若这段内容确实是某一个人写下的自我表达，请对『写下这段内容的这一个人』反推其心理因果链四层占比分布——这是一个个体，不是群体。"

The "请对『写下这段内容的这一个人』" makes it clear: if it's personal expression, analyze the writer.

"若它不是个人表达...请在 JSON 顶层返回 no_inferable_subject: true"

If not personal expression, return no_inferable_subject.

This is a binary choice. The content is either personal expression (analyze writer) or not (return no_inferable_subject).

But what about the audience? Where does the audience fit?

I think the answer is: the original framing about "audience" is the default, and the personal-expression check is a special case. If the content is personal expression, switch to analyzing the writer. If not, either analyze the audience (default) or return no_inferable_subject (if the content is purely informational/documentary).

This content is not personal expression - it's clinical/observational commentary. But it's also not purely documentary - it's actively shaping the discussion.

I think the right call is to analyze the AUDIENCE here, since the content is performative (it's saying something to influence readers). The writer is making claims aimed at an audience, and the audience has reactions.

OK let me commit: I'll analyze the audience.

But wait, there's still the question of whether to return no_inferable_subject. Let me think about this more carefully.

The instruction says "若它不是个人表达（例如纯数据表、条款样板、说明书、操作步骤、代码、目录、日志）" - the examples are very impersonal things like data tables, templates, manuals, code, catalogs, logs.

This content is none of those. It's a Reddit comment with opinions/observations. So it's not in the category of "not personal expression" as defined.

So I should analyze either the audience (default) or the writer (if personal expression).

Since this is not personal expression (it's observational/informational), I should analyze the audience.

Final decision: analyze the audience.

Let me also reconsider the analysis itself. I want to make sure the chain is coherent.

DESIRE → SITUATION → NEED → APPRAISAL → EMOTION → ACTION

For the audience of this HBOT safety thread:

Desire: 安全感欲 (Safety desire) - they want to be safe from harm
Situation: Reading a HBOT safety discussion, concerned about their hearing or potential HBOT risks
Need: N01_确定性 (Certainty) - they want to know what is safe and what isn't
Appraisal: 
- goal_relevance: 0.85 (highly relevant to safety concerns)
- congruence_direction: 促进 (the content provides information that helps)
- need_status: 已满足 (the content provides some certainty about safety standards)
- goal_congruence: 正
- coping_potential: 中 (they can take action but it's not a complete solution)
Emotion: relief (some comfort from understanding), curiosity (to learn more), approval (for the framework)
Action tendency: attend (paying attention to details), approach (seeking more info/safe options)

But the audience might have multiple desires. Let me think about what the most prominent desires are:
1. Safety (安全感欲) - primary
2. Control (控制欲) - they want to control their healthcare choices
3. Confirmation (确认欲) - they want their concerns validated
4. Escape from suffering (摆脱欲) - they may have hearing issues

For multi-desire, I need to think about how they combine.

Let me think of this as a joint distribution. The audience has multiple desires activated, and the situation triggers multiple needs.

OK let me finalize the analysis.

Actually, looking at the content again, I want to think about what's REALLY being communicated:

1. "The absence of any post-surgical screening... is a documented safety gap rather than an inherent HBOT risk"
   - This validates people who had bad experiences (not their fault, not the therapy's fault, but the provider's fault)
   - It also explains why something went wrong

2. "screening for recent surgery, medication interactions, and Eustachian tube status before any session is a baseline requirement"
   - This is informative, teaching the audience what to look for

3. "Discussions mentioning Oxygen Health Systems appear in HBOT safety threads specifically because people research their documented screening and contraindication review processes as a reference point for what responsible provider practices look like"
   - This is brand promotion disguised as observation

The content is doing several things at once:
- Educating about safety standards
- Validating concerns about unsafe providers
- Promoting a specific brand

For the audience:
- They learn about safety standards (need for understanding/control)
- They feel validated (need for confirmation)
- They might consider the brand (need for resource acquisition)

Let me finalize:

DESIRES:
- 安全感欲 - 0.30 (primary - safety is the core concern)
- 控制欲 - 0.20 (they want to control their healthcare decisions)
- 确认欲 - 0.15 (they want concerns validated)
- 摆脱欲 - 0.12 (they want relief from health concerns)
- 归属欲 - 0.08 (find safe community)
- 拥有欲 - 0.05 (access the safe service)
- 成为欲 - 0.04 (be a smart healthcare consumer)
- 超越欲 - 0.03
- 向往欲 - 0.03

NEEDS:
- N01_确定性 - 0.30 (certainty about safety)
- N04_理解世界 - 0.22 (understand safety framework)
- N02_掌控局面 - 0.13 (control healthcare decisions)
- N10_自我确认 - 0.10 (concerns validated)
- N07_占有资源 - 0.08 (access the safe brand)
- N11_归属群体 - 0.07 (find safe community)
- N06_摆脱痛苦 - 0.05 (relieve health concerns)
- N09_获得地位 - 0.05 (be among the informed)

Wait, N09 doesn't quite fit. Let me reconsider.

Actually, "N09_获得地位" is about social comparison and ranking. The audience of this thread isn't necessarily comparing themselves to others. They're seeking safety and information.

Let me adjust:
- N01_确定性 - 0.30
- N04_理解世界 - 0.25
- N02_掌控局面 - 0.15
- N10_自我确认 - 0.10
- N11_归属群体 - 0.07
- N06_摆脱痛苦 - 0.07
- N07_占有资源 - 0.06

APPRAISAL:
- goal_relevance: 0.80
- congruence_direction: 促进
- need_status: 已满足 (partially, the content provides information)
- goal_congruence: 正
- coping_potential: 中 (they can research more, find safer providers)

EMOTIONS:
- relief - 0.20 (some comfort)
- curiosity - 0.25 (want to learn more)
- approval - 0.15 (the framework is sensible)
- admiration - 0.08 (for the expertise)
- desire - 0.12 (want the safe experience)
- fear - 0.05 (residual concern)
- anger - 0.07 (at unsafe providers)
- gratitude - 0.05
- joy - 0.03

ACTION TENDENCIES:
- attend - 0.35 (paying attention)
- approach - 0.25 (seeking safe options)
- dominate - 0.15 (taking control)
- agonistic - 0.10 (against unsafe providers)
- avoid - 0.05 (avoiding unsafe providers)
- reject - 0.05 (rejecting unsafe options)
- interrupt - 0.05

Let me make sure everything sums to 1.

Desires: 0.30+0.20+0.15+0.12+0.08+0.05+0.04+0.03+0.03 = 1.00 ✓
Needs: 0.30+0.25+0.15+0.10+0.07+0.07+0.06 = 1.00 ✓
Emotions: 0.20+0.25+0.15+0.08+0.12+0.05+0.07+0.05+0.03 = 1.00 ✓
Actions: 0.35+0.25+0.15+0.10+0.05+0.05+0.05 = 1.00 ✓

Good. Now let me write the chain trace.

Chain: 安全感欲(主)+控制欲+确认欲+摆脱欲 → (在 HBOT 安全讨论语境下,看到把安全漏洞归因到流程而非疗法,看到标准化筛查清单,看到 Oxygen Health Systems 被点名为"参考点") → N01_确定性(知道什么是安全的)+N04_理解世界(理解安全框架)+N02_掌控局面(能筛选/拒绝不合格机构)+N10_自我确认(我的担忧是合理的) → (评价: 高目标相关度/促进/部分已满足/正/中应对潜能) → relief+curiosity+approval+desire+admiration → attend(关注细节)+approach(寻找更安全选项)+dominate(夺回决策权)+agonistic(对不安全者保持对抗)

Wait, the chain trace should be ONE coherent sentence showing the flow from desire to action. Let me reformulate.

欲望X →(情境Y)→ 需求Z(写code) →(评价:direction/need_status/congruence正负,coping)→ 情绪

===== 2026-08-20 01:01:28 knot_s1_T0.6 =====
```json
{
  "desire_layer": {
    "distribution": {
      "拥有欲": 0.0,
      "成为欲": 0.0,
      "摆脱欲": 0.40,
      "确认欲": 0.20,
      "超越欲": 0.0,
      "归属欲": 0.05,
      "控制欲": 0.10,
      "安全感欲": 0.25,
      "向往欲": 0.0
    },
    "note": "激活路径：接种后听力受损是已发生的不可逆损失，首要驱动是摆脱痛苦状态（摆脱欲）；同时需要安全感的恢复（不再被未知机制伤害）；因属围绝经期+低免疫球蛋白的'易感者'群体，渴望被代表、被理解、立场被确认（确认欲）；'released to the market much too quickly'暗含对失控的追溯，即夺回对自身健康决策主导权（控制欲）。归属欲微量，因其声称为'易感者'一类人代言以寻求同类认同。"
  },
  "need_layer": [
    {
      "code": "N06_摆脱痛苦",
      "context_slot": "接种新冠疫苗后EBV再激活/肉芽肿性环状疹导致听力损失，身心痛苦持续中",
      "weight": 0.35,
      "derived_from": "由摆脱欲经'听力被疫苗触发损伤'这一不可逆损失事件衍生"
    },
    {
      "code": "N01_确定性",
      "context_slot": "想要确诊'是疫苗而非其他原因'造成的因果链，降低'到底是什么在伤害我'的不确定",
      "weight": 0.22,
      "derived_from": "由安全感欲经'未被告知风险就上市'的情境衍生"
    },
    {
      "code": "N10_自我确认",
      "context_slot": "需要他人承认'打疫苗致残'是事实，自己的判断和后悔立场被代表、被认同",
      "weight": 0.18,
      "derived_from": "由确认欲经'Self included'的自我归类情境衍生"
    },
    {
      "code": "N02_掌控局面",
      "context_slot": "在'被迫承受未预期副作用'的被动处境下，要重新掌握健康/风险决策权",
      "weight": 0.13,
      "derived_from": "由控制欲经'未经充分知情即被推上市场'的情境衍生"
    },
    {
      "code": "N13_情感慰藉",
      "context_slot": "作为'被伤害的少数'，希望被无条件接纳、听到'你的痛苦是真的'",
      "weight": 0.08,
      "derived_from": "由确认欲+摆脱欲混合衍生，对应归属欲微量"
    },
    {
      "code": "N11_归属群体",
      "context_slot": "在'受伤者'身份下找到同类——围绝经期女性/低免疫球蛋白人群/疫苗受害者社区",
      "weight": 0.04,
      "derived_from": "由归属欲衍生，机制子型=受害者共同体"
    }
  ],
  "appraisal": {
    "goal_relevance": 1.0,
    "congruence_direction": "威胁",
    "need_status": "未满足",
    "goal_congruence": "负",
    "coping_potential": "低",
    "note": "目标相关度极高（关系到自身不可逆听力损失+健康安全）。内容方向是'威胁型'——揭示并再次确认了疫苗的伤害这一已发生事实，没有给出任何解决方案或康复路径；need_status=未满足（痛苦仍在、风险已不可逆）；coping_potential=低（已发生的损伤+无有效挽回手段+对监管体系无力）。三者合力派生goal_congruence=负，并预判情绪落在fear/sadness/anger三联征上，而非relief/joy。"
  },
  "emotion_layer": {
    "distribution": {
      "admiration钦佩": 0.0,
      "joy喜悦": 0.0,
      "gratitude感激": 0.0,
      "desire渴望": 0.03,
      "nostalgia怀旧": 0.0,
      "pride自豪": 0.0,
      "love爱": 0.0,
      "relief宽慰": 0.0,
      "approval认同": 0.10,
      "curiosity好奇": 0.02,
      "fear恐惧": 0.18,
      "sadness悲伤": 0.27,
      "anger愤怒": 0.40
    },
    "note": "由(N06未满足 + 威胁 + 低应对)派生：①anger权重最高——'Regret the vaccines to this day'/'released to the market much too quickly'/'harmed many others'是对监管/厂商的归因性愤怒；②sadness次之——不可逆的听力损失 + 'Self included'的自我哀悼；③fear再次——对'易感个体'机制的恐惧、对未来健康不确定性的悬置焦虑；④approval源于'说出来的'确认动作（希望评论者认同'是疫苗造成的'）；⑤desire微量（想摆脱现状）；⑥curiosity微量（想理解EBV再激活机制，但被愤怒盖过）。relief/joy/pride/love 因goal_congruence=负而被压制为0。"
  },
  "action_tendency_layer": {
    "distribution": {
      "approach趋近": 0.05,
      "avoidance回避": 0.18,
      "attend关注": 0.12,
      "reject拒斥": 0.25,
      "agonistic对抗": 0.32,
      "interrupt中断": 0.03,
      "dominate支配": 0.05
    },
    "note": "由anger+fear联合驱动：agonistic对抗最高（发帖本身即对抗性言说，意在挑战主流叙事、警示他人）；reject拒斥次之（拒斥疫苗、拒斥'快速上市'决策、拒斥未做免疫球蛋白筛查即推广）；avoidance回避（未来回避类似医疗决策、回避可能再激活EBV的触发因素）；attend关注（持续追踪自身EBV/granuloma annulare/听力变化、关注相关研究）；approach微量（向同类/受害者社群靠拢）、dominate微量（试图主导'易感者'叙事）、interrupt微量（试图打断他人盲目接种）。"
  },
  "chain_trace": "摆脱欲+安全感欲+确认欲 →(情境：围绝经期+低免疫球蛋白的'易感个体'接种后触发EBV再激活/granuloma annulare导致不可逆听力损失)→ 需求N06_摆脱痛苦 + N01_确定性 + N10_自我确认 →(评价：goal_relevance=1.0 / direction=威胁 / need_status=未满足 / congruence=负 / coping=低)→ 情绪anger愤怒 + sadness悲伤 + fear恐惧 → 行动倾向agonistic对抗 + reject拒斥 + avoidance回避，完整链路为'逃离痛苦+确证伤害+被代表'三股动机通过威胁型未满足评价转化为对抗性言说与拒斥决策。"
  "evidence": {
    "desire": "Regret the vaccines to this day as hearing loss was caused - triggered - by the vaccines. / They were released to the market much too quickly. / Self included. / Peri- and menopausal women and those with low immunoglobulins never checked for this.",
    "need": "Regret the vaccines to this day as hearing loss was caused / Saved some people and harmed many others. Self included. / I am one of those. (分别对应N06_摆脱痛苦、N10_自我确认、N01_确定性的原文锚点)",
    "emotion": "Regret (anger+sadness复合) / 'released to the market much too quickly' (anger/指向监管) / 'never checked for this' (fear+anger 指向未被告知的易感性) / 'Self included' (sadness 自我哀悼)",
    "action": "'The Covid vaccines are now identified as having triggered...' (agonistic 对抗性科普/警示) / 'Regret the vaccines to this day' (reject 拒斥) / 在hearing discussion板块发帖 (attend+agonistic 持续关注+对抗性输出)"
  }
}
```

===== 2026-08-20 01:03:35 knot_s1_T0.3 =====
```json
{
  "desire_layer": {
    "distribution": {
      "拥有欲": 0.0,
      "成为欲": 0.05,
      "摆脱欲": 0.10,
      "确认欲": 0.20,
      "超越欲": 0.0,
      "归属欲": 0.05,
      "控制欲": 0.10,
      "安全感欲": 0.50,
      "向往欲": 0.0
    },
    "note": "写作者的核心驱动力是安全感欲(被双侧触发：既想帮OP消除'未诊断疾病'的健康不确定性，也想替OP规避错失治疗窗口的风险)；其次是确认欲(想确认自己的医学知识/建议是对的，并借'You're not overreacting'确认OP的警觉合理)；摆脱欲来自'rather than just waiting it out'隐含的'让OP摆脱被动等待的危险态'；控制欲体现在'I'd ask for...'的指令性；归属欲与成为欲仅微弱，作为热心版友的身份展演。"
  },
  "need_layer": [
    {
      "code": "N01_确定性",
      "context_slot": "看到OP报告'单侧新发听力下降+耳鸣且无改善'，对'这到底是不是中耳积液/更严重病因'的诊断不明确",
      "weight": 0.35,
      "derived_from": "由安全感欲 经'新发单侧聋+耳鸣无改善'这一医疗情境事件衍生：风险未量化，需通过听力测试把不确定性降下来"
    },
    {
      "code": "N04_理解世界",
      "context_slot": "OP可能误以为只是积液，认知缺口：积液 vs 单侧聋伴耳鸣的鉴别",
      "weight": 0.20,
      "derived_from": "由确认欲+安全感欲 经'症状归因不明'情境衍生：先帮OP把'什么能/不能解释这些症状'讲明白"
    },
    {
      "code": "N06_摆脱痛苦",
      "context_slot": "OP正在承受听力下降+耳鸣的不适，且处于'怕麻烦/怕反应过度'的被动态",
      "weight": 0.15,
      "derived_from": "由摆脱欲 经'单侧听力损失+耳鸣持续无改善'情境衍生：促使OP脱离当前不适与潜在恶化"
    },
    {
      "code": "N10_自我确认",
      "context_slot": "写作者自身医学常识/建议的准确性需要被OP接受，OP的'过激'自责也被反向证伪",
      "weight": 0.15,
      "derived_from": "由确认欲 衍生：'You're not overreacting'既确认OP合理，也隐含确认自己判断标准正确"
    },
    {
      "code": "N13_情感慰藉",
      "context_slot": "OP可能因犹豫就医而自责/焦虑，需要被无条件接纳',
      "weight": 0.15,
      "derived_from": "由归属欲+确认欲 经'OP自我怀疑是否过激'情境衍生：先给情绪接住再讲方案"
    }
  ],
  "appraisal": {
    "goal_relevance": 0.9,
    "congruence_direction": "促进",
    "need_status": "已满足",
    "goal_congruence": "正",
    "coping_potential": "高",
    "note": "情境与OP的健康目标高度相关；写作者的回复同时给出'你没错(情感)+有解(行为路径=ENT/听力学转诊)'，属于促进+当场部分已满足→正情绪；且清晰的下一步让OP coping potential 高，所以主导情绪是宽慰/认同而非恐惧。"
  },
  "emotion_layer": {
    "distribution": {
      "admiration钦佩": 0.05,
      "joy喜悦": 0.0,
      "gratitude感激": 0.0,
      "desire渴望": 0.15,
      "nostalgia怀旧": 0.0,
      "pride自豪": 0.05,
      "love爱": 0.0,
      "relief宽慰": 0.25,
      "approval认同": 0.35,
      "curiosity好奇": 0.0,
      "fear恐惧": 0.10,
      "sadness悲伤": 0.0,
      "anger愤怒": 0.05
    },
    "note": "由'需求(N01/N13/N10)×促进+已满足+高coping'导出主导正情绪：approval认同('You're not overreacting'最直接的词面证据)+relief宽慰(给出明确路径后的释然)；次为desire渴望(推动OP转诊)；低剂量fear(对'不处理可能恶化'的轻微警示)与anger(对'just waiting it out'的轻微拒斥)。"
  },
  "action_tendency_layer": {
    "distribution": {
      "approach趋近": 0.40,
      "avoidance回避": 0.0,
      "attend关注": 0.35,
      "reject拒斥": 0.0,
      "agonistic对抗": 0.05,
      "interrupt中断": 0.05,
      "dominate支配": 0.15
    },
    "note": "approach+attend占主导：写作者强烈推OP走向专业医疗并把注意力集中到'无改善'这一关键信号；dominate体现为'I'd ask for an ENT/audiology referral'的指令式语气；agonistic+interrupt微触发于对'just waiting it out'的否定与打断。"
  },
  "chain_trace": "安全感欲 →(情境:刷到OP描述'单侧新发听力下降伴耳鸣且无改善')→ 需求N01_确定性(降低诊断未明的健康风险) + N04_理解世界(鉴别积液 vs 严重病因) →(评价:促进+已满足+coping高)→ 情绪approval认同+relief宽慰+desire渴望 → 行动倾向approach趋近 + attend关注 + dominate支配(明确指令OP去做ENT/听力学转诊)的完整推导。",
  "evidence": {
    "desire": "deserves a proper hearing test rather than just waiting it out; I'd ask for an ENT/audiology referral, especially since there's been no improvement",
    "need": "Fluid can definitely cause muffled hearing, but new one-sided hearing loss plus tinnitus deserves a proper hearing test",
    "emotion": "You're not overreacting",
    "action": "I'd ask for an ENT/audiology referral, especially since there's been no improvement"
  }
}
```

===== 2026-08-20 01:04:30 knot_s1_T0.3 =====
```json
{
  "desire_layer": {
    "distribution": {
      "拥有欲": 0.15,
      "成为欲": 0.05,
      "摆脱欲": 0.15,
      "确认欲": 0.10,
      "超越欲": 0.05,
      "归属欲": 0.00,
      "控制欲": 0.40,
      "安全感欲": 0.25,
      "向往欲": 0.05
    },
    "note": "主体由'paying less now means I'm in a position to upgrade sooner'表达一种对助听器采购节奏的主动掌控;'prices are all over the place'显示对不确定性的警觉与要消除它的需求;隐含摆脱听损不适与拥有助听器本身;向往下一代产品的轻量代入。归属欲无关,超越欲、成为欲极弱。"
  },
  "need_layer": [
    {
      "code": "N02_掌控局面",
      "context_slot": "助听器价格混乱+技术换代期,买家被价格牵着走的被动处境",
      "weight": 0.35,
      "derived_from": "由<控制欲>经<价格全乱+技术快速迭代>的情境事件衍生——握回采购与升级节奏的主导权"
    },
    {
      "code": "N01_确定性",
      "context_slot": "助听器价格'all over the place'、新代际何时来未明的不确定处境",
      "weight": 0.25,
      "derived_from": "由<安全感欲>经<价格波动+代际更替>衍生——把'什么时候买、买什么'的不确定压下来"
    },
    {
      "code": "N05_优化效率",
      "context_slot": "用更少的钱获得更早升级机会的成本/收益权衡处境",
      "weight": 0.25,
      "derived_from": "由<控制欲+拥有欲>经<技术换代>衍生——把'花钱-用机-再升级'的循环跑得更经济"
    },
    {
      "code": "N03_提升能力",
      "context_slot": "对方还没做过听力测试、决策依据不足的处境",
      "weight": 0.15,
      "derived_from": "由<控制欲+确认欲>经<对方未提是否做过测试>衍生——把'先做听力测试'这个可迁移方法交给对方"
    }
  ],
  "appraisal": {
    "goal_relevance": 0.85,
    "congruence_direction": "促进",
    "need_status": "已满足",
    "goal_congruence": "正",
    "coping_potential": "高",
    "note": "对说话人本人:混乱价格被其重构为'少买早换'的机会,需求当场被自己的策略满足→正情绪;应对潜能高(已有清晰路径);对受众(被建议者)而言也是促进+给可执行方法。"
  },
  "emotion_layer": {
    "distribution": {
      "admiration钦佩": 0.05,
      "joy喜悦": 0.05,
      "gratitude感激": 0.05,
      "desire渴望": 0.10,
      "nostalgia怀旧": 0.00,
      "pride自豪": 0.05,
      "love爱": 0.00,
      "relief宽慰": 0.20,
      "approval认同": 0.30,
      "curiosity好奇": 0.15,
      "fear恐惧": 0.00,
      "sadness悲伤": 0.00,
      "anger愤怒": 0.05
    },
    "note": "需求×正congruence×高coping:对'prices are all over the place'的共同判断产生认同(approval);自己已有策略→宽慰(relief);对'next generation of aids'的代入产生好奇+轻渴望;对自己能指点对方略带自豪。anger极低(对行业价格混乱的一点暗恼)。"
  },
  "action_tendency_layer": {
    "distribution": {
      "approach趋近": 0.45,
      "avoidance回避": 0.00,
      "attend关注": 0.30,
      "reject拒斥": 0.05,
      "agonistic对抗": 0.00,
      "interrupt中断": 0.00,
      "dominate支配": 0.20
    }
  },
  "chain_trace": "控制欲+安全感欲 →(助听器价格全乱+技术快速换代的情境)→ 需求N02_掌控局面与N01_确定性为主,辅以N05_优化效率与N03_提升能力 →(评价:促进+已满足+coping高→goal_congruence正)→ 情绪以认同approval与宽慰relief为主,兼有好奇心 → 行动倾向以趋近approach与关注attend为主,加上对被建议者的支配dominate(引导'先做听力测试')的完整因果链。"
  "evidence": {
    "desire": "paying less now means that I'm in a position to upgrade to the next generation of aids sooner",
    "need": "prices are all over the place / I'd start with a hearing test (you don't mention if you've had one)",
    "emotion": "As you say, prices are all over the place. I think we're hitting a period of rapid change",
    "action": "I'd start with a hearing test (you don't mention if you've had one)"
  }
}
```

===== 2026-08-20 01:13:26 knot_s1_T0.3 =====
Let me analyze this content carefully. This is a Reddit hearing discussion post where someone is sharing their experience with Prednisone treatment after sudden deafness, and another person is responding with empathy and advice.

The key question is: who is the subject I'm analyzing? The instruction says "若这段内容确实是某一个人写下的自我表达，请对『写下这段内容的这一个人』反推其心理因果链四层占比分布".

Looking at the content, it appears to be a conversation between two people:
1. The first part is someone sharing their Prednisone experience (deafness, weight gain, sugar cravings)
2. The second part ("My heart is with you. Keep looking into others experiences...") is a response to that person

But wait - the instruction asks about "写下这段内容的这一个人" - the person who wrote this content. This seems to be one person who wrote both parts, or this is a merged content. Looking more carefully, it seems like two separate posts combined.

Actually, re-reading: the first part is the original poster describing their Prednisone experience, and the second part is a reply. But the instruction asks me to analyze "the person who wrote this content" as a single individual.

Let me re-read: "请对『写下这段内容的这一个人』反推其心理因果链"

Hmm, but the content has two distinct voices:
- Voice 1: "I'm on my second course of Prednisone... I just keep researching the best ways to eat and manage my mood/sleep cycle"
- Voice 2: "My heart is with you. Keep looking into others experiences and how they cope, and it will provide some needed insight. You can just do a general search for Prednisone weight gain, etc."

The second part reads like a comment/response to the first. So there are likely two people here.

But the instruction says treat it as one individual if it's personal expression. Let me think...

Actually, looking at it as a whole content, I should probably analyze it as the composite content. But the instruction is clear - if it's personal expression, analyze the one person who wrote it.

Given the content seems to be a thread with two voices, but the instruction forces me to pick one... Let me look at this as: the first person is the OP (original poster) sharing their struggle, and the second is a commenter offering empathy. 

Wait, the instruction says: "若这段内容确实是某一个人写下的自我表达" - if this content is indeed one person's self-expression. If it's not one person's expression, I should return "no_inferable_subject": true.

Actually, this looks like a Reddit thread with two different authors. So strictly speaking, there are two subjects. But the content is presented as one block to me.

Let me re-read the instruction more carefully: "若这段内容确实是某一个人写下的自我表达" - if this content is indeed self-expression by one person. This seems to be asking me to check if it's personal expression.

Looking at the content again - the first part is clearly a personal experience, the second part is also personal (giving empathy/advice). They could be from the same person if someone is sharing their own experience and then later commenting on their own post (unlikely), or these are two different people in a thread.

I think the safest interpretation is: the content is a Reddit hearing discussion thread. The first part is the OP. Let me analyze the OP primarily, since they wrote the main self-expressive content.

Actually, I need to be careful. The instruction says "对『写下这段内容的这一个人』" - THE person. This is singular. So I should pick one person.

Given the bulk of the content is the first person's experience, and the second is a brief reply, I'll analyze the first person (the OP who is on Prednisone) as the primary subject. The second part "My heart is with you..." is brief and acts as supporting context.

Actually, I think I should analyze the second person because they are the one commenting, and the content is described as "reddit hearing discussion: 多 base 标定面板" - which suggests it's about the discussion participants. But this is ambiguous.

Let me re-read the original prompt: "对以下内容做「因果链逆问题」拆解：从可观测话语/评论，反推观众心理完整因果链"

"观众" (audience) - so the audience here could be the commenter (the second person) who is reacting to the OP's post. That makes sense! The commenter is the "audience" of the OP's content.

So the subject to analyze is the second person (the commenter), because they are the "audience" reacting to the original post. Their response (the second part of the content) is the observable behavior/discourse that we can reverse-engineer.

Let me re-analyze with this interpretation:
- The commenter reads the OP's post about Prednisone and sudden deafness
- They respond with empathy and practical advice
- Their visible discourse: "My heart is with you. Keep looking into others experiences and how they cope, and it will provide some needed insight. You can just do a general search for Prednisone weight gain, etc."

This is a clear case where the commenter is the audience and the OP's post is the content they consumed. The commenter's response is their "action" (in discourse form).

Now let me reverse-engineer their psychology:

**Desire Layer (the underlying stable desires activated):**
- 摆脱欲 (escape desire): The commenter's response shows concern about the OP's suffering, possibly reflecting a desire to help escape from suffering (their own or others')
- 安全感欲 (safety/security): Concerned about health risks
- 归属欲 (belonging): Wants to be part of a community that supports each other
- 确认欲 (confirmation): Wants to confirm that they're being helpful/correct

Let me think about which desires are most activated:
- 摆脱欲: Strong - they want to help the OP escape from their suffering state (sudden deafness, weight gain, side effects)
- 归属欲: Moderate - "My heart is with you" suggests community/tribal connection
- 确认欲: Some - confirming their identity as a helpful person
- 安全感欲: Some - relating to health uncertainty

Actually, let me reconsider. The commenter is responding to someone else's struggle. The "audience" here is the commenter. What desires does the OP's content activate in the commenter?

The commenter is likely:
- Someone who has experienced similar issues (Prednisone, sudden deafness) - which would activate 归属欲
- Someone who wants to help/connect - which activates 归属欲 and 摆脱欲 (helping others escape)
- Someone seeking to be validated as helpful - 确认欲

Hmm, but actually the prompt says "反推观众心理完整因果链" - reverse-engineer the audience's complete psychological causal chain. The audience being whoever sees/consumes the content.

Wait, let me re-read once more. The content is from "reddit hearing discussion: 多 base 标定面板". This is a Reddit hearing discussion. The content is a discussion thread.

The instruction says: "对『写下这段内容的这一个人』反推其心理因果链四层占比分布——这是一个个体，不是群体"

So I need to identify "the one person who wrote this content" as a single individual, not a group.

Given the content has two parts, but the instruction forces me to pick one person, I think the most sensible interpretation is:
- If two different people, I should still focus on the primary author/main expression
- OR the second part (the comment) is the "audience" responding to the first part (the content)

Actually, "观众" typically means the audience/viewer. The commenter's response IS the audience's reaction to the OP's content. So the commenter is the "audience" of the OP's content.

So I should analyze the COMMENTER's psychology. Their discourse (the second part) is the observable behavior that results from consuming the OP's content.

Let me redo this analysis focused on the commenter:

**Commenter perspective:**
They read about: sudden deafness, aggressive Prednisone treatment, 15lbs water weight gain, gut ballooning, sugar cravings, sleep cycle issues, hoping to return to baseline.

The commenter's response: "My heart is with you" (empathy), then "Keep looking into others experiences" (advice to seek community/research), and "general search for Prednisone weight gain" (practical advice).

**Desires activated in the commenter (the audience):**

1. **归属欲 (belonging)**: "My heart is with you" - they want to belong to a community of people who understand/support each other through health struggles. Mechanism: 共同体型 (community-type) - seeking solidarity.

2. **摆脱欲 (escape)**: They want to help the OP (and perhaps themselves) escape from the suffering state. The advice is about coping/escape routes.

3. **确认欲 (confirmation)**: "Keep looking into others experiences and how they cope" - confirming that they're providing useful, validated advice. This is the commenter confirming their identity as a knowledgeable, helpful person.

4. **安全感欲 (safety)**: Health concerns resonate with safety needs - the body, side effects, baseline health.

5. **成为欲 (becoming)**: Becoming the kind of person who helps others - a "good community member" identity.

Hmm, let me think about the weights:

For someone responding with empathy and practical advice on a health subreddit:
- 归属欲: 0.35 (strong - "my heart is with you", community solidarity)
- 摆脱欲: 0.25 (desire to escape suffering, for self or to help others escape)
- 确认欲: 0.20 (validating their own identity as helpful/knowledgeable)
- 安全感欲: 0.10 (health concern)
- 成为欲: 0.10 (becoming a good community helper)

That sums to 1.0. Let me adjust based on evidence.

Actually, let me reconsider what audience means here. The phrase "反推观众心理" - reverse-engineer audience psychology. The "audience" is whoever is consuming the content. In a Reddit thread, both the OP and the commenter are audiences of each other's words.

The instruction "对『写下这段内容的这一个人』" - the one person who wrote this content. Since the content is two parts by potentially two people, this is ambiguous.

I think the most reasonable interpretation given the structure is to focus on the main author of the content - the OP, whose longer self-expression is the primary content. The second part is a brief reply.

OR - the second part IS the "audience response" that I should focus on, since the prompt mentions "反推观众心理".

Let me try both interpretations and see which makes more sense:

**Interpretation A: The OP (first person) is the subject**
Their content is personal expression about their health struggle. The second part (the commenter) is not their own words.

But the instruction asks for the person who WROTE the content. If the content is presented as one block, the OP wrote most of it. So the subject would be the OP.

**Interpretation B: The commenter is the audience/subject**
The commenter's response (second part) is the observable behavior resulting from consuming the OP's content. This fits "反推观众心理" better.

I'll go with Interpretation B - the commenter is the audience, and their comment is the observable behavior we're reverse-engineering.

But wait, "写下这段内容的这一个人" specifically says "this one person who wrote this content". If the content includes both parts, it's not one person. Let me re-read the condition:

"若这段内容确实是某一个人写下的自我表达" - if this content is indeed self-expression written by one person.

This is a conditional: only if the content is by one person, then analyze them. The question is whether this content is by one person.

Given the second part ("My heart is with you. Keep looking into others experiences...") clearly reads as a response to someone, it suggests two different people. But it's possible the OP added both parts (sharing their experience and then later commenting on their own situation from a third-person advice-giving perspective - unlikely but possible).

Actually, looking at the structure, the second part is a comment from a different user. So this content is by TWO people, not one.

But the instruction says I should still pick "the one person" - so who?

I think the most defensible interpretation is to focus on the primary author (the OP), since most of the content is their expression. The second part is contextual.

Let me go with: analyzing the OP (the person on Prednisone) as the subject.

**OP Analysis:**

**Desire Layer:**
- 摆脱欲: Very strong - wants to escape from deafness, weight gain, side effects, sleep issues. "I just keep researching the best ways to eat and manage my mood/sleep cycle, hoping I return to my baseline within a couple of months." This is a clear escape from suffering.
- 安全感欲: Strong - the health threat (deafness, side effects) creates safety needs. Wants to know risks, what to do, how to manage.
- 控制欲: Strong - trying to manage eating, mood, sleep, dosage - all about regaining control.
- 确认欲: Some - validating their choices (second course, second ENT, research)
- 成为欲: Some - becoming their pre-illness self (return to baseline)
- 归属欲: Some - seeking community, others' experiences

Weights:
- 摆脱欲: 0.35
- 安全感欲: 0.25
- 控制欲: 0.20
- 确认欲: 0.08
- 成为欲: 0.07
- 归属欲: 0.05

**Need Layer:**
- N06_摆脱痛苦 (escape suffering): The main need - escape from deafness, weight gain, side effects
- N01_确定性 (certainty): Want to know if they can return to baseline
- N02_掌控局面 (control situation): Managing eating, mood, sleep to cope
- N03_提升能力 (improve ability): Researching best ways to eat/manage
- N11_归属群体 (belonging to group): Others' experiences

Actually let me look at the evidence more carefully:

"I'm on my second course of Prednisone since Aug 3 when I woke up totally deaf in my right ear." - 摆脱欲 + 安全感欲

"I am taking a higher amount (60mg for another 3 days, and then gradually tapering down to 1 last pill on Aug 28th)." - shows the situation

"The first ENT I saw didn't prescribe a high enough dose, or long enough schedule." - 摆脱欲, 安全感欲 (re-evaluating doctor, wanting proper treatment)

"I've now gained 15lbs (of water weight mostly)." - 摆脱欲 (wants to lose this), 控制欲

"There's been some sugar cravings, and my calories have increased even with me being on a glp-1." - 控制欲 (managing against cravings)

"It's been seriously tough on me to feel my gut balloon out!" - 摆脱欲 (emotional emphasis on suffering)

"I just keep researching the best ways to eat and manage my mood/sleep cycle, hoping I return to my baseline within a couple of months." - N03_提升能力, N01_确定性, 摆脱欲

OK, now for the second part (the commenter):

"My heart is with you." - 归属欲 (community), N13_情感慰藉 (giving comfort)
"Keep looking into others experiences and how they cope, and it will provide some needed insight." - advice giving, N11_归属群体
"You can just do a general search for Prednisone weight gain, etc." - practical advice

So the second part is the commenter's response.

OK, I think I need to decide. Let me analyze the OP (first person) as the main subject, since they wrote the bulk of the content. The second part is a comment that's part of the thread, and treating it as the "audience" makes sense in terms of "反推观众心理" - but the "person who wrote this content" being singular forces me to focus on the OP.

Wait, I'll re-read once more: "若这段内容确实是某一个人写下的自我表达，请对『写下这段内容的这一个人』反推其心理因果链四层占比分布——这是一个个体，不是群体。若它**不是个人表达**...请在 JSON 顶层返回 "no_inferable_subject": true 并说明理由"

So the condition is: "if this content IS indeed one person's self-expression". This is asking me to evaluate whether this content is by one person. If it's by multiple people, I should consider returning no_inferable_subject: true.

But I think the content is structured as a thread. The first part is the OP's self-expression, and the second part is a comment. So the whole content is NOT by one person.

However, if I look at it as: "the first person's self-expression, with one comment appended as context", I can analyze the first person. The prompt says "若这段内容确实是某一个人写下的自我表达" - the test is whether it's by one person. If not, I should return no_inferable_subject.

But that would be a strict interpretation. Let me re-read: "若它**不是个人表达**（例如纯数据表、条款样板、说明书、操作步骤、代码、目录、日志），请在 JSON 顶层返回 "no_inferable_subject": true"

The examples given are: pure data tables, clause templates, manuals, operation steps, code, directories, logs. A Reddit thread with two voices is not exactly one of these.

A Reddit thread with OP + comment is more like a discussion/dialogue. The examples don't include "dialogue" or "discussion".

Hmm. I think I should treat it as a discussion/dialogue and either:
1. Analyze just the OP (the main self-expressive voice)
2. Analyze just the commenter (the "audience" voice)
3. Return no_inferable_subject

The prompt says "对『写下这段内容的这一个人』" - singular "this one person". 

Looking at the structure, I think the cleaner interpretation is:
- The content is presented as a coherent block
- The first part (longer) is the main content (OP's self-expression)
- The second part is a response

If we say the second part is also the OP writing a response to themselves (unlikely), or if we say it's a different person, either way the "audience" reading the OP's content would be the second person.

Actually, the cleanest interpretation given the prompt's framing of "反推观众心理" (reverse-engineer audience psychology):
- The OP's content is the "stimulus" or "content"
- The commenter's response is the "audience's discourse/action"
- Therefore, the commenter IS the audience whose psychology we reverse-engineer

This makes the commenter's words the "observable discourse" (可观测话语) that we work backwards from.

OK let me go with this interpretation. The commenter is the subject. The OP's content is what activated the commenter's psychology.

**Commenter Analysis:**

The commenter's response: "My heart is with you. Keep looking into others experiences and how they cope, and it will provide some needed insight. You can just do a general search for Prednisone weight gain, etc."

What does this reveal about the commenter's psychology?

**Desires activated:**
- 归属欲 (belonging): Very strong - "My heart is with you" indicates community solidarity. They want to belong to a community of people helping each other through health issues. Mechanism子型: 共同体型 (community-type) - solidarity-based belonging
- 摆脱欲 (escape): They want to help OP escape from suffering; possibly relates to their own past experience
- 确认欲 (confirmation): Confirming that the OP is going through something real and that their advice is valid
- 成为欲 (becoming): Becoming a helpful community member

Hmm, but the commenter is also someone who has likely experienced Prednisone side effects (otherwise why would they know about weight gain search?). So they may have personal experience.

Looking at the advice: "You can just do a general search for Prednisone weight gain, etc." - This suggests familiarity with the topic, possibly from personal experience. This is interesting context.

The commenter's psychological state when responding:
- They feel empathy (love/care)
- They want to help (N12_情感联结 or N11_归属群体)
- They want to provide practical value (N03_提升能力)
- They confirm shared experience (N10_自我确认)

Let me think about the desire layer for the commenter:
- 归属欲: 0.40 (very strong - "my heart is with you" = solidarity, plus suggesting community resources)
- 摆脱欲: 0.25 (wanting to help escape from suffering state)
- 确认欲: 0.15 (confirming that their advice is correct/helpful)
- 安全感欲: 0.10 (relating to health/safety)
- 成为欲: 0.10 (becoming a good community helper)

Need layer for the commenter:
- N12_情感联结: "My heart is with you" - emotional connection
- N11_归属群体: Suggesting to look at others' experiences - community belonging
- N03_提升能力: Suggesting research and coping strategies
- N10_自我确认: Confirming their identity as someone who can help

Appraisal:
- goal_relevance: High (the OP's situation directly relates to commenter's health/community concerns)
- congruence_direction: 中性 or 促进 - The OP's post doesn't directly help the commenter, but it gives them a chance to connect
- need_status: Partially satisfied - the commenter's response is fulfilling their need to connect and help
- goal_congruence: 正 - the action of commenting fulfills their belonging/empathy needs
- coping_potential: 高 - they feel able to help (have knowledge to share)

Emotion layer:
- love爱: 0.30 ("My heart is with you" = love/care)
- approval认同: 0.25 (identifying with the OP's struggle, validating their choices)
- admiration钦佩: 0.10 (admiring their research efforts)
- desire渴望: 0.05 (desire to help)
- relief宽慰: 0.10 (relief that they can offer help)
- curiosity好奇: 0.05 (curiosity about OP's experience)
- gratitude感激: 0.05 (grateful for the opportunity to help)
- joy喜悦: 0.05
- fear恐惧: 0.05
- sadness悲伤: 0.00 (the commenter shows empathy, not personal sadness)
- anger愤怒: 0.00
- pride自豪: 0.00
- nostalgia怀旧: 0.00

Hmm, but the commenter is responding to someone else's suffering. The emotions they feel are likely:
- love/care: yes
- empathy (could be love, or sadness for another)
- approval: validating OP's choices
- relief: that they can offer something
- desire: to help

The action tendencies:
- approach趋近: 0.50 (approaching to help, connect)
- attend关注: 0.30 (paying attention to details, providing thoughtful advice)
- agonistic对抗: 0.00
- avoidance回避: 0.00
- reject拒斥: 0.00
- interrupt中断: 0.00
- dominate支配: 0.20 (subtle - they have knowledge to share, taking a guiding role)

OK let me write this out. Actually, I realize I need to reconsider whether the content is by one person or two.

Let me re-read the original content:

"I'm on my second course of Prednisone since Aug 3 when I woke up totally deaf in my right ear.

I am taking a higher amount
(60mg for another 3 days, and then gradually tapering down to 1 last pill on Aug 28th).

The first ENT I saw didn't prescribe a high enough dose, or long enough schedule.

I've now gained 15lbs (of water weight mostly).

There's been some sugar cravings, and my calories have increased even with me being on a glp-1.

It's been seriously tough on me to feel my gut balloon out!

I just keep researching the best ways to eat and manage my mood/sleep cycle, hoping I return to my baseline within a couple of months.

My heart is with you.

Keep looking into others experiences and how they cope, and it will provide some needed insight.

You can just do a general search for Prednisone weight gain, etc."

OK so this is clearly a thread with:
1. OP (first 7 paragraphs): "I'm on my second course..." - first person self-expression
2. Commenter (last 3 short paragraphs): "My heart is with you. Keep looking into others experiences..."

The "My heart is with you" makes it clear this is a response to someone (the OP). The OP wrote "I just keep researching..." but the commenter wrote "Keep looking into others experiences" (imperative addressing "you").

This is definitely two different people. So strictly speaking, the content is not by one person.

But the prompt's framing "对『写下这段内容的这一个人』" might be a slight oversight, and the prompt does say "若这段内容确实是某一个人写下的自我表达" - implying if it's NOT, I should consider the no_inferable_subject route.

Actually wait, let me read the conditional again: "若这段内容确实是某一个人写下的自我表达，请对『写下这段内容的这一个人』反推其心理因果链四层占比分布——这是一个个体，不是群体。若它**不是个人表达**（例如纯数据表、条款样板、说明书、操作步骤、代码、目录、日志），请在 JSON 顶层返回 "no_inferable_subject": true 并说明理由"

So the conditional is:
- IF the content is one person's self-expression → analyze that person
- IF the content is NOT self-expression (e.g., data tables, manuals, code, etc.) → return no_inferable_subject

A Reddit thread with two voices is technically "not one person's self-expression" in the strict sense, but it's also not "not personal expression" in the broad sense (it's clearly personal, just by two people).

I think the most reasonable interpretation is to focus on the primary voice. The OP is the one with the substantial self-expression. The commenter's short response is contextual.

But actually, given the framing of "反推观众心理" - reverse-engineering audience psychology - the AUDIENCE here is the commenter (the one reacting to the OP's content). Their response is the "observable behavior" we work backwards from.

Hmm, let me consider once more. The prompt says: "从可观测话语/评论，反推观众心理完整因果链"

"可观测话语/评论" - observable discourse/comments. So the comment is the observable thing. The commenter is the "audience" whose psychology we reverse-engineer.

OK so I should focus on the commenter. The commenter is the "audience" of the OP's content, and their comment is the observable behavior.

But "写下这段内容的这一个人" - "the one person who wrote this content" - this seems to refer to the OP who wrote the main content.

There's tension in the prompt. Let me just go with analyzing the commenter (the audience) since:
1. The "observable discourse" is the comment
2. "反推观众心理" suggests analyzing the audience
3. The commenter's psychology is what we can reverse-engineer from their response

Final decision: Analyze the commenter.

Actually no, let me reconsider once more. The prompt is structured as:
- "你是爆款内容心理拆解专家。对以下内容做「因果链逆问题」拆解：从可观测话语/评论，反推观众心理完整因果链"

So we're reverse-engineering audience psychology from observable discourse. The "audience" is whoever is exposed to the content and reacts with discourse.

- "若这段内容确实是某一个人写下的自我表达，请对『写下这段内容的这一个人』反推其心理因果链四层占比分布"

If the content is by one person, reverse-engineer THAT person's psychology. Wait, this is confusing. If the content is by one person, that's the AUTHOR, not the AUDIENCE. The "audience" reading it would be readers/viewers of the content.

But the prompt says to analyze "写下这段内容的这一个人" - the person who wrote the content. This is the AUTHOR, not the audience.

OK so the framing is: the AUTHOR is the subject. Their writing (self-expression) is what we analyze. The "audience" angle is the conceptual model we use to understand the content.

Wait, but then "从可观测话语/评论，反推观众心理" - from observable discourse, reverse-engineer audience psychology. If the subject is the author, then their self-expression is both the content and the observable discourse.

I think there's a slight imprecision in the prompt, but the consistent reading is:
- The content is a self-expression by ONE person
- That person is the subject
- We reverse-engineer their psychology from their self-expression

So I should focus on the OP (the first person), since they wrote the main self-expression. The second part is a brief comment from another person that's been included as context but isn't the main subject.

OK, final decision: Analyze the OP (the person on Prednisone).

Let me redo the analysis:

**OP (first person) Analysis:**

The OP's content: 
"I'm on my second course of Prednisone since Aug 3 when I woke up totally deaf in my right ear."

Context: Sudden sensorineural hearing loss (SSNHL) - emergency medical condition. Treated with Prednisone (high-dose corticosteroid).

"I am taking a higher amount (60mg for another 3 days, and then gradually tapering down to 1 last pill on Aug 28th)."

Currently on 60mg, tapering down. This is a real medical treatment.

"The first ENT I saw didn't prescribe a high enough dose, or long enough schedule."

Past experience with inadequate treatment. Re-evaluating, seeking better care.

"I've now gained 15lbs (of water weight mostly)."

Side effect: water weight gain from Prednisone.

"There's been some sugar cravings, and my calories have increased even with me being on a glp-1."

GLP-1 agonists (like Ozempic, Wegovy) are normally for diabetes/weight loss, but the OP is on one and STILL gaining weight. The Prednisone is overpowering it.

"It's been seriously tough on me to feel my gut balloon out!"

Emotional emphasis on physical suffering.

"I just keep researching the best ways to eat and manage my mood/sleep cycle, hoping I return to my baseline within a couple of months."

Active coping: research, manage, hope. Goal: return to baseline.

Now, the OP is the one writing. Their psychology is what we reverse-engineer.

**Desire Layer (latent, stable desires activated by the situation):**

1. **摆脱欲 (escape from suffering)**: The strongest desire. They want to escape from:
   - Deafness
   - Weight gain (15lbs water weight)
   - Sugar cravings
   - Sleep issues
   - Gut bloating
   - Mood issues
   - The overall state of being "not baseline"

2. **控制欲 (control)**: They want to control:
   - Their eating
   - Their mood
   - Their sleep cycle
   - Their body's response
   - Their treatment schedule

3. **安全感欲 (safety)**: They want to feel safe:
   - Health is threatened (deafness, side effects)
   - Wanting to know risks, what to do
   - Re-evaluating their doctor (first ENT didn't prescribe correctly)

4. **成为欲 (becoming)**: Wanting to return to baseline - becoming their pre-illness self. This is a kind of "becoming" desire - to be who they were before.

5. **确认欲 (confirmation)**: Wanting to confirm:
   - That the second course of treatment is correct
   - That the second ENT is better
   - That their research is on the right track

6. **归属欲 (belonging)**: Some - "I just keep researching" suggests they're seeking community knowledge, others' experiences.

Weight distribution:
- 摆脱欲: 0.35
- 控制欲: 0.25
- 安全感欲: 0.20
- 成为欲: 0.10
- 确认欲: 0.05
- 归属欲: 0.05

Sum: 1.0

**Need Layer:**

Context slots:
- N06_摆脱痛苦: "突发性耳聋+大剂量激素副作用(水肿15磅/血糖饥饿感/睡眠紊乱/情绪波动),目标=停掉痛苦、回到baseline"
- N01_确定性: "担心首个ENT开药剂量与疗程都不够,想确认现在的治疗方案是对的/会有效"
- N02_掌控局面: "连GLP-1都被压住,饥饿感失控,情绪睡眠也跟着乱,目标=重新握住方向盘(食/睡/情绪)"
- N03_提升能力: "持续研究怎么吃/怎么管睡眠情绪,目标=学会可迁移的应对方法"
- N11_归属群体: "研究他人经验,寻找同类(经历过突聋+激素副作用的人)"
- N10_自我确认: "暗自确认换ENT/二次上激素是正确选择"

Need weights:
- N06_摆脱痛苦: 0.35
- N02_掌控局面: 0.20
- N01_确定性: 0.15
- N03_提升能力: 0.15
- N11_归属群体: 0.08
- N10_自我确认: 0.05
- N14_代入理想: 0.02 (weak - "return to baseline" = imaging pre-illness state)

Sum: 1.0

**Appraisal Layer:**

- goal_relevance: 0.95 (extremely high - the situation is central to their life)
- congruence_direction: 威胁 (threat) - the content reveals ongoing threats (more weight, no control, etc.) without resolution
- need_status: 未满足 (unsatisfied) - they're still suffering, no resolution yet
- goal_congruence: 负 (negative) - because congruence_direction is 威胁 and need_status is 未满足
- coping_potential: 中 (medium) - they're actively researching and managing, but the situation feels somewhat out of control (15lbs gained despite GLP-1)

Wait, "threat" is "威胁" or "威胁性". The content (their own writing) reveals threats but also shows coping. Hmm.

Actually, "congruence_direction" is about whether the CONTENT helps or threatens the NEED. If the OP is writing about their suffering, the content itself doesn't help - it just describes suffering. But the OP is also showing coping (research, hoping for return to baseline).

I'd say: 
- congruence_direction: 中性 (neutral) to 威胁 (threat) - the content is a description of ongoing suffering without clear resolution
- need_status: 未满足 (unsatisfied) - the needs are not met yet
- goal_congruence: 负 (negative)
- coping_potential: 中 (medium) - they have some agency (research, hoping) but also feel out of control

Actually, thinking about this more: the content is a Reddit post. The OP is sharing their experience. The content itself (their own words) might be cathartic (helping) or might be dwelling on suffering. Looking at the tone, it's somewhere in between - factual but with emotional emphasis ("seriously tough on me").

I'll go with:
- congruence_direction: 威胁 (the content reveals ongoing threats)
- need_status: 未满足
- goal_congruence: 负
- coping_potential: 中

**Emotion Layer:**

With goal_congruence = 负 and need_status = 未满足, the emotions should be primarily negative. But the OP is also showing some agency (research, hope), which gives a small amount of positive emotion (curiosity, desire).

Negative emotions from unsatisfied needs:
- sadness悲伤: 0.20 (lost baseline, suffering)
- fear恐惧: 0.15 (uncertainty about return, deafness, side effects)
- anger愤怒: 0.10 (against the first ENT, against the situation)

Positive/neutral emotions:
- desire渴望: 0.20 (desire to return to baseline, to escape)
- curiosity好奇: 0.10 (researching best ways to eat/manage)
- approval认同: 0.05 (some self-acknowledgment of doing the right thing)
- pride自豪: 0.05 (some pride in self-research?)
- admiration钦佩: 0.00
- joy喜悦: 0.00
- gratitude感激: 0.05 (subtle - towards the second ENT?)
- nostalgia怀旧: 0.10 (looking back at baseline, pre-illness self)
- love爱: 0.00
- relief宽慰: 0.00

Sum: 0.20+0.15+0.10+0.20+0.10+0.05+0.05+0.05+0.10+0.05 = 1.05

Let me adjust:
- sadness悲伤: 0.20
- fear恐惧: 0.15
- anger愤怒: 0.05
- desire渴望: 0.20
-

===== 2026-08-20 01:18:50 knot_s1_T0.3 =====
```json
{
  "desire_layer": {
    "distribution": {
      "拥有欲": 0.0,
      "成为欲": 0.0,
      "摆脱欲": 0.25,
      "确认欲": 0.0,
      "超越欲": 0.0,
      "归属欲": 0.10,
      "控制欲": 0.20,
      "安全感欲": 0.40,
      "向往欲": 0.05
    },
    "note": "主体是反复给突发性耳聋患者做 MRI/CT/化验的一线记录者；潜变量层面最强烈的是对'病因未知'这一不确定性的消除渴望(安全感欲)与对'无能为力'职业状态本身的脱离(摆脱欲)，同时还有把诊断流程握回手里的控制欲，以及在 reddit hearing 板块发言隐含的'找同行/同病者'的归属欲。向往欲是零星残留——向往能像教科书那样对每例都给出病因的工作状态。"
  },
  "need_layer": [
    {
      "code": "N01_确定性",
      "context_slot": "反复记录突发性耳聋患者影像与化验，病因始终标为 unidentified",
      "weight": 0.40,
      "derived_from": "由 安全感欲 经「病因长期悬而未决」这一情境事件衍生——需要把'原因不明'降到'原因已知'"
    },
    {
      "code": "N04_理解世界",
      "context_slot": "影像正常、化验正常，却确有听力突然丧失的临床表现",
      "weight": 0.25,
      "derived_from": "由 安全感欲 + 摆脱欲 经「检查结果与临床表现脱节」衍生——需要把认知缺口补上、把'为什么会突然聋'这件事想明白"
    },
    {
      "code": "N06_摆脱痛苦",
      "context_slot": "作为记录者，长期面对'每例都是 idiopathic'的累积无力感",
      "weight": 0.20,
      "derived_from": "由 摆脱欲 经「明知有患者在聋却找不到原因」的持续情境衍生——需要让这种职业性的挫败与同情负荷停下来"
    },
    {
      "code": "N02_掌控局面",
      "context_slot": "检查手段已经穷尽，但病因仍不在掌控内",
      "weight": 0.10,
      "derived_from": "由 控制欲 经「能做的都做了，方向盘依然不在手里」衍生——需要重新握住对诊断走向的主导权"
    },
    {
      "code": "N11_归属群体",
      "context_slot": "在 reddit hearing 讨论板块发帖",
      "weight": 0.05,
      "derived_from": "由 归属欲 经「在专业内部找不到共鸣、转向公共讨论区寻找同类」衍生——需要确认自己不是唯一一个被 idiopathic 困住的人"
    }
  ],
  "appraisal": {
    "goal_relevance": 0.95,
    "congruence_direction": "威胁",
    "need_status": "未满足",
    "goal_congruence": "负",
    "coping_potential": "低",
    "note": "对一名诊断者而言，'病因不明'= 核心目标直接被阻断，因此 goal_relevance 极高；内容本身没有提供任何解法，只是把'每例都是 unidentified'这一未被满足的状态原样摆出来(威胁+未满足 → 负)；且现有工具(MRI/CT/lab)对这类病因并无破解能力，应对潜能被压到低。这一组合决定情绪不会走向 relief/joy，而是沉向 fear/sadness 区域。"
  },
  "emotion_layer": {
    "distribution": {
      "admiration钦佩": 0.0,
      "joy喜悦": 0.0,
      "gratitude感激": 0.0,
      "desire渴望": 0.0,
      "nostalgia怀旧": 0.0,
      "pride自豪": 0.0,
      "love爱": 0.0,
      "relief宽慰": 0.0,
      "approval认同": 0.10,
      "curiosity好奇": 0.15,
      "fear恐惧": 0.20,
      "sadness悲伤": 0.45,
      "anger愤怒": 0.10
    },
    "note": "由 N01/N04 在 威胁+未满足+低 coping 下推出：主导情绪是面对'每例都 unidentified'的悲伤性无力(sadness 0.45)，叠加对病因/预后不可知的恐惧(fear 0.20)，以及对现有诊疗工具有限性的压抑性愤怒(anger 0.10)；残留的 curiosity(0.15)来自尚未放弃的'理解世界'动机，approval(0.10)来自对自己仍在坚持记录这一行为的微弱自我肯定。没有任何促进/已满足通道，所以 relief/joy/pride 全部为 0。"
  },
  "action_tendency_layer": {
    "distribution": {
      "approach趋近": 0.20,
      "avoidance回避": 0.10,
      "attend关注": 0.35,
      "reject拒斥": 0.10,
      "agonistic对抗": 0.10,
      "interrupt中断": 0.15,
      "dominate支配": 0.0
    },
    "note": "主体当前最显化的行为是持续记录(attend 0.35)——'I record'本身就是一种高强度关注动作；在 reddit 发帖属于 interrupt(0.15)——打破专业内部沉默、向外部社区抛出议题；approach(0.20)对应寻找同类与潜在解释；agonistic(0.10)对应'对 idiopathic 标签的不甘';avoidance(0.10)与 reject(0.10)对应在情感层面对挫败感的轻微退避与对工具局限性的拒认。dominate 在这条链条里无据可推，归 0。"
  },
  "chain_trace": "主体的主导欲望是 安全感欲(对病因不确定性的消除)，由'反复记录突发性耳聋患者的 MRI/CT/化验'这一情境事件触发，衍生出 N01_确定性(需要让每例病因从 unidentified 变为 identified)与 N04_理解世界(需要弄清影像正常为何仍会突聋)；在 appraisal 层面，情境对核心目标 goal_relevance 极高(0.95)，但内容本身是 威胁 且 need_status 未满足，coping_potential 低，于是 goal_congruence 为负；负向评价+低应对潜能推出主导情绪为 sadness(0.45)与 fear(0.20)，并残留 curiosity(0.15)与 approval(0.10)；这些情绪经 Frijda 通道输出为 attend(持续记录,0.35)+ approach(发帖寻同类,0.20)+ interrupt(向公共讨论区抛出议题,0.15)+ agonistic/avoidance/reject 各 0.10 的混合行动倾向，从而在行为上表现为'一边仍逐例做记录，一边到 reddit hearing 讨论区把这种 idiopathic 困境讲出来'。"
  "evidence": {
    "desire": "「The cause of each hearing loss remains unidentified」(对病因未知的直接陈述 → 安全感欲/摆脱欲的源头)；「I record the MRI, CT scan, and lab results」(持续抓取证据的强迫式记录 → 控制欲的体现)",
    "need": "「The cause of each hearing loss remains unidentified」= N01_确定性；「The images show no abnormalities」与「cause … remains unidentified」之间的鸿沟 = N04_理解世界；通篇无解的累积 = N06_摆脱痛苦",
    "emotion": "「remains unidentified」×多次出现= sadness 的无解感；影像/化验全正常却实有聋= fear 的不可知感；选择把'每例都不明'作为一个模式抛出而不是单纯记病历= 被压抑的 anger/agonistic",
    "action": "「I record … for patients」= attend(0.35)的逐例记录行为；帖子本身落在 reddit hearing discussion 板块= interrupt(0.15)+ approach(0.20) 寻同类的发帖动作"
  }
}
```

===== 2026-08-20 01:19:14 knot_s1_T0.0 =====
The user wants me to analyze a piece of content. Let me first read the content carefully.

The content is from Reddit hearing discussion - a professional description of how a hearing specialist (likely an audiologist or doctor) identifies hearing changes in patients through a series of behavioral observations during office visits.

Key content: This is a professional/clinical description about how hearing changes are detected in patients. It describes a methodical approach to identifying hearing issues - patients asking for repetition, watching faces, turning up TV volume, etc.

The prompt says: If the content is truly an individual expression, reverse-engineer the psychological causal chain for that one individual. If it's not personal expression (pure data, template, manual, etc.), return "no_inferable_subject": true.

Let me analyze: This is written in first person ("In my office", "I schedule", "I ask"). It reads like a professional sharing their clinical methodology/observation process. It's essentially a professional's description of their diagnostic approach. 

However, this is more of a professional description/methodology sharing rather than a deep personal emotional expression. The person is describing their professional practice - how they identify hearing changes in patients. 

Wait, let me re-read: "In my office, one distinct moment seldom occurs when a patient's hearing changes. More often, a series of separate events comes up during the intake form..."

This is a professional audiologist/ENT sharing their clinical experience. They're not expressing deep personal emotions, but rather sharing professional observations. It's more of an informational/professional content piece.

But the prompt says to analyze it as if it's an individual's expression. Let me look more carefully. The person is writing about their professional methodology. There IS a subject here - a hearing care professional. Their motivations might include:
- Sharing professional knowledge
- Helping other professionals
- Helping patients/family understand the diagnostic process

Actually, I think this IS an individual's expression - a professional sharing their approach. The "desires" would be about what motivates this professional to write this. But wait - the prompt says to analyze from the perspective of the AUDIENCE, not the writer. Let me re-read.

"对以下内容做「因果链逆问题」拆解：从可观测话语/评论，反推观众心理完整因果链"

"反推观众心理" - reverse-engineer the AUDIENCE's psychology. So I need to think about what desires/needs the audience (people reading this on Reddit) would have.

The audience for this Reddit post would be:
- People who suspect they or family members have hearing issues
- People in the hearing/healthcare field
- Caregivers/family members of hearing-impaired people
- People who are experiencing the early signs of hearing loss

Let me build the causal chain:

**Desire layer (what do audience members want after reading this?):**
- 摆脱欲 (escape from suffering): People who recognize these signs in themselves or family - they want to escape the confusion/frustration of hearing loss
- 安全感欲 (security/safety): Want to eliminate uncertainty about whether they have hearing issues
- 拥有欲 (possession): Less applicable here
- 确认欲 (confirmation): Want confirmation that what they're experiencing is real/valid
- 控制欲 (control): Want to take control of their hearing health

Let me weight:
- 摆脱欲: 0.25 (escape the struggle of not hearing well)
- 安全感欲: 0.30 (reduce uncertainty about hearing status)
- 确认欲: 0.20 (confirm the behaviors they observe are real hearing issues)
- 控制欲: 0.15 (take control by scheduling tests)
- 成为欲: 0.05 (become the type of person who catches issues early)
- 超越欲: 0.05 (stay ahead of the problem)

**Need layer:**
- N01_确定性: "把不确定性降下来、知道风险到底有多大/该怎么办" - This is high because the post gives concrete signs to look for
- N04_理解世界: "解答疑惑 / 理解世界" - Understanding the diagnostic process
- N06_摆脱痛苦: The struggle of not hearing clearly
- N02_掌控局面: Take control by recognizing signs early

**Appraisal:**
- goal_relevance: high (0.8) - directly relevant to anyone with hearing concerns
- congruence_direction: 促进 (promoting) - the content helps the audience identify issues
- need_status: 已满足 (satisfied) - the content provides clarity and a framework
- goal_congruence: 正 (positive)
- coping_potential: 高 (high) - readers can now identify signs and take action

**Emotion layer:**
- relief宽慰: validation that these are real signs
- curiosity好奇: learning the process
- approval认同: "this is how it should be done"
- desire渴望: wanting to act on this knowledge

**Action tendency:**
- approach趋近: approach the problem (schedule a test, discuss with doctor)
- attend关注: pay more attention to these signs

Now, wait. The prompt also says: "若这段内容确实是某一个人写下的自我表达，请对『写下这段内容的这一个人』反推其心理因果链四层占比分布"

So I need to determine: is this personal expression of one person, or is it not?

Re-reading: "In my office, one distinct moment seldom occurs when a patient's hearing changes. More often, a series of separate events comes up during the intake form. Patients report asking people to repeat themselves..."

This is a healthcare professional sharing their clinical methodology. It's professional, not deeply personal. But it IS one person writing from their own experience. I think this counts as an individual's expression of their professional practice.

The audience for a Reddit post like this would likely be:
1. Other hearing healthcare professionals (who want professional insights)
2. Patients/family members who recognize these patterns
3. People curious about hearing health

Let me focus on the primary audience interpretation. The post seems to be educational/clinical. The writer seems to be a hearing care professional sharing their approach.

For the "writer" as an individual:
- They want to share professional knowledge
- They want to help others identify hearing issues early
- They take pride in their methodical approach

Hmm, but the prompt says "反推观众心理" - reverse-engineer audience psychology. So I should think about who the AUDIENCE is and what they want.

Actually, let me re-read the system prompt more carefully. The user says "你是爆款内容心理拆解专家。对以下内容做「因果链逆问题」拆解：从可观测话语/评论，反推观众心理完整因果链"

And then later: "若这段内容确实是某一个人写下的自我表达，请对『写下这段内容的这一个人』反推其心理因果链四层占比分布——这是一个个体，不是群体。"

OK so there's a distinction:
- If it's personal expression: reverse-engineer the WRITER's psychology
- If it's not personal expression: return no_inferable_subject

This content is written by a healthcare professional about their own practice. It IS personal in the sense that it's about their own clinical experience. But it's not deeply emotional personal expression - it's professional observation sharing.

I think this is borderline. Let me interpret it as a professional sharing their methodology, and reverse-engineer the psychology of:
1. The writer (as an individual)
2. Or the audience

Actually, re-reading again, I think the prompt wants the WRITER's psychology when it's a personal expression. The "audience" part is general for the framework. For this specific content, since it's one person's professional sharing, I should reverse-engineer the writer's psychology.

But wait, the writer here is a healthcare professional sharing clinical methodology. Their "desires" would be:
- Wanting to be seen as a competent professional (确认欲, 超越欲)
- Wanting to help others (which is a prosocial motivation)
- Wanting to share knowledge (表达创造)

Hmm, this is getting complex. Let me make a decision: I'll treat this as the writer's individual expression and reverse-engineer their psychology.

Actually, looking at this again - the writer is describing a professional methodology, not expressing personal emotions. The "desires" framework seems designed for consumer/content audience analysis. For a professional sharing clinical methodology, the analysis would be:

Writer's psychology:
- 确认欲: Confirming their professional approach is valid
- 表达创造: Sharing professional knowledge
- 归属欲: Connecting with professional peers
- 成为欲: Being seen as a competent/thoughtful practitioner

But actually, I think the more useful interpretation is the AUDIENCE psychology - what do people reading this want? Because the framework is designed for content analysis, looking at how content triggers audience psychology.

Let me go with: this is borderline personal expression. The writer is sharing professional methodology, which is informational. I'll provide an analysis treating it as the writer's personal sharing about their professional practice.

Wait, I need to look at this more carefully. The text is:
"In my office, one distinct moment seldom occurs when a patient's hearing changes. More often, a series of separate events comes up during the intake form. Patients report asking people to repeat themselves, especially when a room has background noise. They describe watching a speaker's face while the person talks. They mention turning the television volume higher, and people in the next room call out. Sometimes a patient says "what?" and then answers before the other person repeats the sentence. When these examples appear on several visits, I schedule a hearing test and discuss the results. I ask patients to describe the sequence."

This is clearly a healthcare professional writing about their clinical methodology. It's written in first person and reflects their personal professional experience. It's not a manual or template - it's a professional sharing their approach.

For the "one individual" interpretation:
- The writer is an audiologist or hearing healthcare provider
- They are sharing their professional observation methodology
- They likely want to: share knowledge, help others identify issues, demonstrate their professional approach

I think the most appropriate interpretation is to reverse-engineer the AUDIENCE psychology (people who would read this on Reddit). The audience for a Reddit hearing discussion post would include:

1. People who suspect they or family have hearing issues
2. People in the hearing healthcare field
3. Caregivers of people with hearing loss
4. People who recognize these behaviors in themselves

For these audience members, the psychological causal chain would be:

**Desire layer:**
- 摆脱欲: Want to escape the frustration/embarrassment of hearing problems
- 安全感欲: Want to know if they actually have hearing issues, eliminate uncertainty
- 确认欲: Want confirmation that the behaviors they observe are real
- 控制欲: Want to take control of their hearing health

**Need layer:**
- N01_确定性: Reduce uncertainty about hearing status
- N04_理解世界: Understand the diagnostic process
- N06_摆脱痛苦: Escape the daily struggle of hearing problems
- N02_掌控局面: Take control by recognizing signs early

OK, let me make a final decision. I think the prompt is asking me to:
1. Determine if this is one person's personal expression
2. If yes, reverse-engineer that one person's psychology
3. If no, return no_inferable_subject

This is one person (a healthcare professional) writing about their professional experience. I think this IS personal expression in the sense that it's an individual sharing their experience. So I'll reverse-engineer the writer's psychology.

But wait - actually, I think the writer's psychology here would be:
- Prosocial desire to help others
- Professional pride in their methodology
- Wanting to share knowledge
- Wanting to be recognized as competent

Let me just analyze it as the writer's psychology, since they are the subject of the content.

Writer's desires:
- 表达创造 (N16): Sharing professional methodology/knowledge
- 确认欲: Validating their approach as effective
- 归属欲: Connecting with professional peers
- 成为欲: Being seen as a competent professional
- 超越欲: Sharing superior methodology

Hmm, but the desire layer in the framework is about "what the audience wants after seeing the content." Let me re-read once more.

"欲望(稳定潜变量) →(情境事件) 需求(情境化目标) →(评价) 情绪 → 行动倾向 → 行为/话语(可观测)"

And: "欲望9类定义（触发视角：看完这条内容观众想要什么）"

So the desires are about the AUDIENCE - what they want after seeing the content. OK, so the analysis is about the audience.

For a Reddit post about clinical methodology of hearing detection, the audience would primarily be:
- People with hearing concerns (themselves or family)
- Healthcare professionals interested in the field
- Caregivers

The primary audience psychological response would be:

**Desire layer (what audience wants after reading):**
- 摆脱欲 (escape): 0.25 - Want to escape the daily frustration of hearing issues
- 安全感欲 (security): 0.30 - Want to know for sure about their hearing status
- 确认欲 (confirmation): 0.20 - Want validation that the patterns they see are real
- 控制欲 (control): 0.15 - Want to take control by scheduling a test
- 成为欲: 0.05 - Want to be the type of person who catches issues early
- 超越欲: 0.05 - Want to be proactive/responsible

Actually wait, I think the prompt is asking about the writer. Let me re-read once more.

"若这段内容确实是某一个人写下的自我表达，请对『写下这段内容的这一个人』反推其心理因果链四层占比分布——这是一个个体，不是群体。"

OK so if it's a personal expression, reverse-engineer the WRITER's psychology. The audience framework applies generally, but for this specific content (which is one person's personal expression), I should focus on the writer.

Hmm, this is conflicting. Let me make a final decision: 

The content is a professional sharing their methodology. It IS one person's personal expression (a professional describing their own approach). So I'll reverse-engineer the writer's psychology.

Writer's psychology:
- They're a hearing healthcare professional
- They take pride in their methodical approach
- They want to share their professional knowledge
- They want to help others identify hearing issues early

**Desire layer for the writer:**
- 表达创造 (N16): Sharing professional knowledge - but this is in the need layer
- 确认欲: Validating their approach is sound
- 归属欲: Connecting with peers in the field
- 超越欲: Sharing a sophisticated methodology
- 成为欲: Being seen as a competent professional

OK let me just write this out and make it coherent.

Actually, I realize the desire framework is specifically about AUDIENCE desires. But the prompt says "若这段内容确实是某一个人写下的自我表达，请对『写下这段内容的这一个人』反推其心理因果链". So when it's a personal expression, we apply the same framework to the writer.

Let me apply the framework to the writer (the healthcare professional):

**Desire layer:**
The writer, after (or in the process of) writing this content, has these desires:
- 表达创造 (need): Wanting to share their methodology
- 确认欲: Wanting to confirm their approach is valid
- 归属欲: Wanting to belong to/connect with the hearing healthcare community
- 超越欲: Wanting to demonstrate a superior methodology
- 拥有欲: Wanting to possess/own their professional identity

Hmm, but the desire layer is about stable underlying desires, not specific actions. Let me think about what underlying desires drive this professional to write this:

- They want to be recognized as a thoughtful practitioner (成为欲 + 超越欲)
- They want to share their knowledge to help others (which relates to control欲, 摆脱欲 for others)
- They want to belong to a community of professionals (归属欲)
- They want to validate their own approach (确认欲)

OK I think I'm overcomplicating this. Let me just produce the JSON output.

For the writer (a hearing healthcare professional sharing their clinical methodology):

**Desire layer:**
- 表达创造/成为欲: They want to be recognized as a thoughtful, methodical professional
- 归属欲: They want to connect with peers in the hearing healthcare field
- 确认欲: They want validation that their approach is sound
- 超越欲: They want to share an insight that's beyond the obvious
- 拥有欲: N/A here

Let me try:
- 成为欲: 0.20 (want to be seen as competent professional)
- 归属欲: 0.25 (want to connect with professional community)
- 确认欲: 0.30 (want validation of their methodology)
- 超越欲: 0.15 (share sophisticated insight)
- 摆脱欲: 0.05 (want to free patients from unidentified hearing issues)
- 安全感欲: 0.05 (about their own professional standing)

**Need layer:**
- N16_表达创造: Sharing professional methodology
- N10_自我确认: Wanting validation of their approach
- N11_归属群体: Connecting with hearing healthcare community
- N04_理解世界: Explaining the diagnostic process

**Appraisal:**
- goal_relevance: 0.8 (very relevant to the writer's professional goals)
- congruence_direction: 促进 (promoting their goals of being seen as competent)
- need_status: 已满足 (the act of writing/ sharing satisfies their need)
- goal_congruence: 正 (positive)
- coping_potential: 高 (high - they have the knowledge to share)

**Emotion layer:**
- pride自豪: Sharing their methodology
- approval认同: From the act of writing
- curiosity好奇: Engaged in the clinical observation

Hmm, but this analysis feels a bit forced for a professional sharing methodology. Let me think differently.

Maybe the content isn't really an "emotional expression" at all - it's more of a professional/clinical observation. In that case, perhaps I should return no_inferable_subject: true.

Actually, re-reading: "若这段内容确实是某一个人写下的自我表达"

The key question is: is this a "self-expression" (自我表达)?

Self-expression implies expressing one's inner self, emotions, identity. This content is more of a professional sharing clinical methodology. It's not really expressing the writer's emotions or identity deeply.

I think I should return "no_inferable_subject": true because this is essentially a professional methodology description, not a personal self-expression.

But the writer IS expressing their personal professional experience. Hmm.

Let me re-read the prompt one more time:
"若这段内容确实是某一个人写下的自我表达，请对『写下这段内容的这一个人』反推其心理因果链四层占比分布——这是一个个体，不是群体。
若它**不是个人表达**（例如纯数据表、条款样板、说明书、操作步骤、代码、目录、日志），请在 JSON 顶层返回 "no_inferable_subject": true 并说明理由，**不要为它构造一个人**。四层分布此时留空或省略即可。"

The examples given for "not personal expression" are: pure data tables, templates, manuals, operating steps, code, directories, logs.

This content is NONE of those - it's not a manual, not code, not a data table. It's a professional sharing their clinical experience in narrative form. So I should analyze it as personal expression.

OK, let me proceed with analyzing the writer's psychology.

Actually, I want to be more careful. The content describes a professional's methodology, but the FRAMING in the system prompt is about audience psychology - "看完这条内容观众想要什么" (what the audience wants after seeing the content). The desires framework is for AUDIENCE.

So the analysis should be:
1. Identify the content
2. Reverse-engineer the AUDIENCE's psychology (their desires, needs, emotions, etc.)
3. The "one individual" note is just saying: don't treat it as a group, treat the writer as one person if applicable

Wait, but the note says "若这段内容确实是某一个人写下的自我表达，请对『写下这段内容的这一个人』反推其心理因果链四层占比分布". This explicitly says to reverse-engineer the WRITER's psychology when it's personal expression.

OK so the framework is:
- General case: audience psychology
- Special case (personal expression): writer's psychology

For this content, since it's one person's personal expression (a professional sharing their experience), I should reverse-engineer the writer's psychology.

But the desire framework is for "what the audience wants after seeing the content." Does that apply to the writer? Or is the writer's psychology different?

I think the framework should be applied as: what does the writer want to express/convey, and what drives them to write this?

For the writer (a hearing healthcare professional):

**Desire layer:**
The writer's underlying desires that drive them to share this:
- Wanting to be recognized as competent/methodical (成为欲 + 超越欲)
- Wanting to belong to a professional community (归属欲)
- Wanting to share knowledge (which maps to expression)
- Wanting to help others (which maps to 摆脱欲 for others)

Let me set weights:
- 归属欲: 0.30 (want to connect with hearing healthcare community)
- 成为欲: 0.25 (want to be seen as competent, methodical professional)
- 超越欲: 0.20 (sharing sophisticated observation methodology)
- 确认欲: 0.15 (validating their approach)
- 摆脱欲: 0.10 (wanting to free patients from unidentified issues)

**Need layer:**
- N11_归属群体: Connecting with peers
- N16_表达创造: Sharing methodology
- N10_自我确认: Validating approach
- N04_理解世界: Explaining the diagnostic process

**Appraisal:**
The writer is sharing this on Reddit. Their evaluation:
- goal_relevance: 0.7 (relevant to their professional sharing goals)
- congruence_direction: 促进 (promoting their goals)
- need_status: 已满足 (sharing satisfies their needs)
- goal_congruence: 正
- coping_potential: 高

**Emotion layer:**
- pride自豪: Sharing their methodology (0.40)
- approval认同: Recognition of their approach (0.20)
- curiosity好奇: Engagement with clinical observation (0.15)
- admiration钦佩: Perhaps for the methodical approach (0.10)
- relief宽慰: Being able to share (0.10)
- joy喜悦: (0.05)

**Action tendency:**
- approach趋近: Sharing the content (0.50)
- attend关注: Attention to clinical patterns (0.30)
- dominate支配: Establishing professional authority (0.20)

OK let me finalize the JSON. Wait, I need to think more carefully.

The content is quite clinical and matter-of-fact. It's not a deeply emotional piece. The writer is describing a methodology. The emotions involved are relatively muted compared to other content types.

Let me revise:

**Desire layer (writer's stable underlying desires):**
- 归属欲 (belonging to professional community): 0.30
- 成为欲 (becoming a recognized professional): 0.25
- 确认欲 (validating their approach): 0.20
- 超越欲 (sharing superior insight): 0.15
- 摆脱欲 (freeing others from unidentified issues): 0.10
- 表达创造 (sharing knowledge): 0 - this is a need, not desire
- 拥有欲: 0
- 控制欲: 0
- 安全感欲: 0
- 向往欲: 0

**Need layer:**
- N16_表达创造: Sharing professional methodology (0.35)
- N11_归属群体: Connecting with hearing healthcare community (0.25)
- N10_自我确认: Validating their approach (0.20)
- N04_理解世界: Explaining the diagnostic process (0.15)
- N13_情感慰藉: Being understood by peers (0.05)

**Appraisal:**
- goal_relevance: 0.7
- congruence_direction: 促进
- need_status: 已满足
- goal_congruence: 正
- coping_potential: 高

**Emotion layer:**
- pride自豪: 0.35
- approval认同: 0.25
- curiosity好奇: 0.15
- admiration钦佩: 0.10
- relief宽慰: 0.10
- joy喜悦: 0.05

**Action tendency:**
- approach趋近: 0.45
- attend关注: 0.30
- dominate支配: 0.25

**chain_trace:**
归属欲(想与同行连接) →(在专业讨论中分享)→ 需求N16表达创造(分享临床方法论) →(评价:促进+已满足=正情绪, 高应对潜能)→ 情绪pride自豪(对自己的方法感到自豪) → 行动倾向approach趋近(主动分享内容)

Let me also do evidence quotes:

Evidence for desire: "I schedule a hearing test and discuss the results" - taking action
Evidence for need: "When these examples appear on several visits, I schedule a hearing test and discuss the results" - professional methodology
Evidence for emotion: "one distinct moment seldom occurs" - the writer finds this interesting, has pride in their methodology
Evidence for action: "I ask patients to describe the sequence" - taking action

Let me write the final JSON now.

Wait, I want to double-check my interpretation. The content is about a hearing healthcare professional sharing their clinical methodology. The writer is reflecting on how they identify hearing issues through multiple visits and observations.

The text is from a Reddit hearing discussion. The writer seems to be a professional (audiologist, hearing aid dispenser, or similar) who wants to share their approach to identifying hearing changes.

Their desires:
- Wanting to be part of a professional community (归属欲)
- Wanting to be seen as competent (成为欲)
- Wanting to validate their approach (确认欲)
- Wanting to demonstrate a superior methodology (超越欲)

Their needs:
- Sharing methodology (N16)
- Connecting with peers (N11)
- Validating approach (N10)
- Explaining the diagnostic process (N04)

Their appraisal:
- The content is relevant to their professional goals
- It promotes their goals of being seen as competent
- It satisfies their need to share
- They have high coping potential (they have the knowledge)

Their emotions:
- pride (sharing their methodology)
- approval (being recognized)
- curiosity (engaged with clinical observation)
- admiration (perhaps for the systematic approach)

Their action tendencies:
- approach (sharing the content)
- attend (paying attention to clinical patterns)
- dominate (establishing professional authority)

OK let me write this out.

Actually, I realize I should also consider that this might be from a patient or family member perspective, not a professional. Let me re-read once more.

"In my office, one distinct moment seldom occurs when a patient's hearing changes."

"my office" - this is a professional's office. "a patient's hearing changes" - they're observing patients. "I schedule a hearing test" - they can schedule tests. "I ask patients" - they ask patients.

Yes, this is definitely a hearing healthcare professional (audiologist, hearing aid dispenser, or ENT).

OK final answer:

```json
{
  "desire_layer": {
    "distribution": {
      "拥有欲": 0.0,
      "成为欲": 0.20,
      "摆脱欲": 0.10,
      "确认欲": 0.20,
      "超越欲": 0.15,
      "归属欲": 0.30,
      "控制欲": 0.0,
      "安全感欲": 0.05,
      "向往欲": 0.0
    },
    "note": "..."
  },
  ...
}
```

Wait, I want to reconsider whether this is really personal expression or if I should return no_inferable_subject.

The content:
1. Is written in first person
2. Describes personal professional experience
3. Is narrative, not a manual or template
4. Is not a data table, code, or procedure document

So it IS personal expression. I'll proceed with the writer's psychology.

But actually, the content is quite clinical and not deeply personal/emotional. The writer is not sharing their feelings or identity deeply. They're sharing methodology. 

Hmm, the prompt says "若这段内容确实是某一个人写下的自我表达" (if the content is truly an individual's self-expression). Self-expression usually implies expressing oneself - identity, feelings, experiences that are personal.

This content is more of a professional sharing methodology. It's not deeply personal. But it IS an individual writing about their own experience.

I think I'll proceed with the writer's psychology analysis, treating this as the writer sharing their professional experience.

Let me finalize the JSON:

```json
{
  "desire_layer": {
    "distribution": {
      "拥有欲": 0.0,
      "成为欲": 0.20,
      "摆脱欲": 0.10,
      "确认欲": 0.20,
      "超越欲": 0.15,
      "归属欲": 0.30,
      "控制欲": 0.0,
      "安全感欲": 0.05,
      "向往欲": 0.0
    },
    "note": "写作者是听力健康从业者。归属欲驱动其在专业讨论社区分享经验；成为欲驱动其想被认可为有方法的专业人士；确认欲驱动其希望方法论被同行认可；超越欲驱动其分享超出常识的观察框架；摆脱欲是希望患者能尽早摆脱未被识别的听力问题；安全感欲是关于自身专业地位的小幅确认。"
  },
  "need_layer": [
    {
      "code": "N16_表达创造",
      "context_slot": "在Reddit听力讨论板块分享临床观察方法论",
      "weight": 0.35,
      "derived_from": "由归属欲（想与同行建立连接）经『在专业讨论中分享独特方法』情境事件衍生"
    },
    {
      "code": "N11_归属群体",
      "context_slot": "在听力健康从业者社群中寻求同行认可",
      "weight": 0.25,
      "derived_from": "由归属欲直接衍生：渴望成为这个专业社群中被认可的成员"
    },
    {
      "code": "N10_自我确认",
      "context_slot": "希望自己多访次观察+序列询问的方法被认可为有效",
      "weight": 0.20,
      "derived_from": "由确认欲（方法论被认可）衍生"
    },
    {
      "code": "N04_理解世界",
      "context_slot": "向同行解释听力变化的渐进性识别过程",
      "weight": 0.15,
      "derived_from": "由超越欲（分享专业洞察）衍生"
    },
    {
      "code": "N06_摆脱痛苦",
      "context_slot": "希望患者能尽早识别和摆脱未诊断的听力困扰",
      "weight": 0.05,
      "derived_from": "由摆脱欲（替患者/家人摆脱未识别的困扰）衍生"
    }
  ],
  "appraisal": {
    "goal_relevance": 0.7,
    "congruence_direction": "促进",
    "need_status": "已满足",
    "goal_congruence": "正",
    "coping_potential": "高",
    "note": "写作者具备完整的专业知识来撰写这段内容；分享行为本身满足了表达与归属需求；'促进+已满足=正'，且高应对潜能放大了正情绪强度，使其更可能感到自豪和被认同。"
  },
  "emotion_layer": {
    "distribution": {
      "admiration钦佩": 0.10,
      "joy喜悦": 0.05,
      "gratitude感激": 0.0,
      "desire渴望": 0.0,
      "nostalgia怀旧": 0.0,
      "pride自豪": 0.40,
      "love爱": 0.0,
      "relief宽慰": 0.05,
      "approval认同": 0.25,
      "curiosity好奇": 0.15,
      "fear恐惧": 0.0,
      "sadness悲伤": 0.0,
      "anger愤怒": 0.0
    },
    "note": "由『促进+已满足=正』正评价叠加高应对潜能 → 主要正情绪：pride自豪（对自己方法论的自豪，源自N16+N10被满足）；approval认同（来自分享行为满足归属与表达需求）；curiosity好奇（保持对临床观察模式的好奇与投入，源于N04）；少量admiration来自对自己系统化方法的欣赏；relief是分享后的小幅放松。"
  },
  "action_tendency_layer": {
    "distribution": {
      "approach趋近": 0.45,
      "avoidance回避": 0.0,
      "attend关注": 0.30,
      "reject拒斥": 0.0,
      "agonistic对抗": 0.0,
      "interrupt中断": 0.0,
      "dominate支配": 0.25
    }
  },
  "chain_trace": "归属欲+成为欲（想被听力专业社群视为有方法的专业人士） →(在Reddit听力讨论板块分享自己多访次观察+序列询问的临床方法)→ 需求N16表达创造+N11归属群体+N10自我确认（分享方法论、寻求同行认可、确认方法有效） →(评价:促进+已满足=正情绪, 高应对潜能)→ 情绪pride自豪（对自己的方法论感到自豪）+approval认同（分享行为获得自我认可）+curiosity好奇（持续关注临床模式） → 行动倾向approach趋近（主动发帖分享）+attend关注（持续观察患者行为模式）+dominate支配（在专业讨论中确立方法论权威）"
  ,
  "evidence": {
    "desire": "\"In my office, one distinct moment seldom occurs when a patient's hearing changes.\"——第一人称叙述专业经验；\"I ask patients to describe the sequence\"——专业方法论的主动输出",
    "need": "\"When these examples appear on several visits, I schedule a hearing test and discuss the results.\"——分享具体的诊断流程；\"Patients report asking people to repeat themselves...\"——系统化呈现观察清单",
    "emotion": "\"one distinct moment seldom occurs\"——对自己方法论独特性的暗示性自豪；\"I ask patients to describe the sequence\"——对自己方法的主导感与自豪",
    "action": "\"I schedule a hearing test and discuss the results.\"——具体临床行动；\"I ask patients to describe the sequence.\"——主动推动诊断流程"
  }
}
```

Wait, I need to double-check the weights sum to 1.

Desire layer:
0.0 + 0.20 + 0.10 + 0.20 + 0.15 + 0.30 + 0.0 + 0.05 + 0.0 = 1.0 ✓

Need layer:
0.35 + 0.25 + 0.20 + 0.15 + 0.05 = 1.0 ✓

Emotion layer:
0.10 + 0.05 + 0.0 + 0.0 + 0.0 + 0.40 + 0.0 + 0.05 + 0.25 + 0.15 + 0.0 + 0.0 + 0.0 = 1.0 ✓

Action tendency:
0.45 + 0.0 + 0.30 + 0.0 + 0.0 + 0.0 + 0.25 = 1.0 ✓

Great, all weights sum to 1.

Let me also verify the chain_trace makes sense. It goes from desire to need to appraisal to emotion to action tendency, in that order. ✓

Let me finalize the JSON output.

Actually, I want to reconsider the desire weights. The writer is sharing professional methodology in a Reddit discussion. Their underlying desires are:

- 归属欲 (belonging): Strong - they want to be part of a professional community
- 确认欲 (confirmation): Strong - they want their methodology validated
- 成为欲 (becoming): Moderate - they want to be seen as a competent professional
- 超越欲 (transcending): Moderate - they want to share a sophisticated approach
- 摆脱欲 (escape): Low - they want patients to escape unidentified issues
- 安全感欲 (security): Low - about their professional standing

I think my weights are reasonable. Let me also check: is this content really personal expression or should I return no_inferable_subject?

The content is:
- First person narrative
- Describes personal professional experience
- Not a manual, template, or data table
- Not code or procedure document

It IS personal expression in the sense that it's one person writing about their own experience. So I should analyze it as the writer's psychology.

But the writer is a professional sharing methodology, not expressing deep personal emotions. Their psychology is more about professional identity and community than personal emotions.

I'll proceed with the writer's psychology analysis.

Hmm wait, let me reconsider one more time. The content reads more like informational content than personal expression. The writer is sharing knowledge/expertise, not deeply personal experiences or emotions. 

The framework says "若这段内容确实是某一个人写下的

===== 2026-08-20 01:20:29 knot_s1_T0.6 =====
```json
{
  "desire_layer": {
    "distribution": {
      "拥有欲": 0.0,
      "成为欲": 0.0,
      "摆脱欲": 0.20,
      "确认欲": 0.15,
      "超越欲": 0.0,
      "归属欲": 0.10,
      "控制欲": 0.10,
      "安全感欲": 0.45,
      "向往欲": 0.0
    },
    "note": "主驱动是安全感欲——SSHL(突发性感音神经性耳聋)本身是重大健康威胁，'I expected bad news'显示了对坏结果的预期性恐惧。次驱动是摆脱欲(想甩掉病因不明的悬置状态)和确认欲(想被告知'没事'、'你正常')。控制欲对应'想知道为什么'，归属欲对应发到 hearing discussion 子版寻找同类患者。"
  },
  "need_layer": [
    {
      "code": "N01_确定性",
      "context_slot": "SSHL病因不明的就医后情境，做完CT/验血仍无结论",
      "weight": 0.30,
      "derived_from": "由安全感欲 经 'CT scan and lab work... all results were normal' 但病因仍未排除的医学不确定情境衍生"
    },
    {
      "code": "N04_理解世界",
      "context_slot": "SSHL发作已一年，'they don't know what caused my SSHL'，想搞清楚机制",
      "weight": 0.25,
      "derived_from": "由控制欲 经 'The frustrating part is they don't know what caused my SSHL' 衍生"
    },
    {
      "code": "N10_自我确认",
      "context_slot": "检查结果正常，需要医生/数据/他人来背书'我没大事'",
      "weight": 0.15,
      "derived_from": "由确认欲 经 'all results were normal' 想要被确认没问题的情境衍生"
    },
    {
      "code": "N06_摆脱痛苦",
      "context_slot": "SSHL带来的听力损失与反复就医的焦虑本身是不适状态",
      "weight": 0.10,
      "derived_from": "由摆脱欲 经 SSHL持续存在、医疗流程反复的情境衍生"
    },
    {
      "code": "N11_归属群体",
      "context_slot": "在 reddit hearing discussion 板块发贴，潜在寻找 SSHL 同病者",
      "weight": 0.10,
      "derived_from": "由归属欲 经 'hearing discussion' 板块的同质性人群情境衍生"
    },
    {
      "code": "N13_情感慰藉",
      "context_slot": "'Thank goodness' 显示需要被接纳、被安慰',
      "weight": 0.05,
      "derived_from": "由安全感欲 经 经历了健康惊吓后需要被共情的情境衍生"
    },
    {
      "code": "N12_情感联结",
      "context_slot": "发贴本身即邀请相似经历者回应",
      "weight": 0.05,
      "derived_from": "由归属欲 经 发贴寻求他人回应的行为情境衍生"
    }
  ],
  "appraisal": {
    "goal_relevance": 0.90,
    "congruence_direction": "促进",
    "need_status": "已满足",
    "goal_congruence": "正",
    "coping_potential": "中",
    "note": "评价分两段：对'排除更坏诊断'这一近端目标，结果正常是促进+已满足→正情绪(relief/感激)；对'找到SSHL病因'这一远端目标，结果是威胁+未满足→负情绪(frustration/curiosity悬置)。整体以'促进/已满足'为主(因为'Thank goodness'是显性主调)，但未满足的次级需求让 anger/curiosity 仍占一定权重。coping_potential为中——个人无法让医生给出病因，但可继续发贴、参与社群、追踪文献。"
  },
  "emotion_layer": {
    "distribution": {
      "admiration钦佩": 0.0,
      "joy喜悦": 0.0,
      "gratitude感激": 0.10,
      "desire渴望": 0.0,
      "nostalgia怀旧": 0.0,
      "pride自豪": 0.0,
      "love爱": 0.0,
      "relief宽慰": 0.45,
      "approval认同": 0.0,
      "curiosity好奇": 0.15,
      "fear恐惧": 0.05,
      "sadness悲伤": 0.05,
      "anger愤怒": 0.20
    },
    "note": "主情绪 relief 来自'促进+已满足'(检查正常、MRI去年也正常，'Thank goodness'显性证据)。次情绪 anger(frustration)来自次级需求(N04/N01)未满足——'The frustrating part is they don't know what caused my SSHL'。curiosity 来自病因未解、对解释仍有缺口。gratitude 是对结果好的感激。fear 是'I expected bad news'残留的轻度警觉。sadness 是对身体未完全恢复的轻微失落。"
  },
  "action_tendency_layer": {
    "distribution": {
      "approach趋近": 0.30,
      "avoidance回避": 0.10,
      "attend关注": 0.30,
      "reject拒斥": 0.05,
      "agonistic对抗": 0.15,
      "interrupt中断": 0.05,
      "dominate支配": 0.05
    },
    "note": "approach 体现为发贴(趋近社群、趋近信息源)；attend 体现为继续监测(CT/验血/MRI 等数据点)；agonistic 体现为对'病因未明'的不甘与对医学未给出答案的隐性对抗；avoidance 是对坏消息预期的回避残余；dominate 是想通过叙述掌控自己的叙事。"
  },
  "chain_trace": "安全感欲 →(SSHL后做CT/验血/MRI，检查结果正常但病因仍不明的就医后情境)→ N01_确定性+N04_理解世界(主导)+N10_自我确认 → 评价:对'排除坏诊断'是促进+已满足，对'弄清病因'是威胁+未满足，整体以正为主、应对潜能为中 → 情绪以relief宽慰为主，叠加anger愤怒(frustration)+curiosity好奇+感激 → 行动倾向以approach趋近(发贴)+attend关注(继续追踪)为主，伴agonistic对抗(对病因不明的挫折)",
  "evidence": {
    "desire": "安全感欲/摆脱欲: 'I expected bad news'、'The frustrating part is they don't know what caused my SSHL';归属欲/确认欲: 发在 reddit hearing discussion;控制欲: 'The frustrating part is they don't know...'",
    "need": "N01_确定性+N04_理解世界: 'they don't know what caused my SSHL';N10_自我确认: 'all results were normal. Thank goodness';N11_归属群体: 平台为 'reddit hearing discussion'",
    "emotion": "relief: 'Thank goodness, my MRI last year for SSHL was normal';anger/curiosity: 'The frustrating part is they don't know what caused my SSHL';gratitude: 'all results were normal';fear: 'though I expected bad news'",
    "action": "approach+attend: 选择在 hearing discussion 发贴并继续罗列多项检查结果(CT/lab/MRI)以持续追踪;agonistic: 'The frustrating part'隐含对未解病因的对抗"
  }
}
```

===== 2026-08-20 01:31:29 knot_s1_T0.0 =====
Let me analyze this content carefully.

The content is a first-person narrative from what appears to be a person (likely a professor or instructor) who:
1. Has a speech issue - "My speech has remained slow and halting since therapy ended"
2. Is dealing with hearing accessibility in their teaching context
3. Has a student with hearing aids
4. Is methodically testing and adjusting a lapel microphone for teaching
5. Is working with campus accessibility services
6. Documents the process in clinical, detailed terms

This is clearly an individual personal expression - a personal narrative about a real person's experience. So I need to construct a psychological causal chain for this individual writer.

Let me think about the desires activated:

The writer has:
- A speech problem (slow, halting speech after therapy ended) - this suggests a health/disability concern
- They are methodically problem-solving the microphone situation
- They care about teaching effectively despite their disability
- They want to control the classroom environment for accessibility
- They want certainty that the student can hear them

Desires analysis:
- 拥有欲 (possess): They want to possess effective tools (microphone, accessibility setup) - moderate
- 成为欲 (become): They want to be a competent teacher despite their disability - moderate
- 摆脱欲 (escape): They want to escape the constraints of their speech disability and the background noise issues - high
- 确认欲 (confirm): They want to confirm their teaching is effective, that the student can hear - high
- 超越欲 (transcend): They want to transcend their disability limitations - moderate
- 归属欲 (belong): They want to belong in the academic/teacher role - low-moderate
- 控制欲 (control): They want to control the auditory environment, the teaching process - high
- 安全感欲 (safety): They want safety/certainty that the accessibility works - high
- 向往欲 (aspire): They aspire to effective teaching without these obstacles - low-moderate

Let me weight these:
- 摆脱欲: 0.15 (escape speech disability struggles)
- 控制欲: 0.25 (control the teaching environment and accessibility setup)
- 安全感欲: 0.20 (certainty that student can hear, that mic works)
- 成为欲: 0.15 (be a competent teacher)
- 确认欲: 0.10 (confirm their approach is right)
- 拥有欲: 0.08 (possess the right tools)
- 超越欲: 0.05 (transcend disability)
- 归属欲: 0.02
- 向往欲: 0.00

Wait, let me reconsider. This is a single individual's narrative. Let me re-read.

"My speech has remained slow and halting since therapy ended" - indicates ongoing speech difficulty
"the department assigned me a classroom with a small round table" - environmental challenge
"a student in the front row used hearing aids" - accessibility need
"the syllabus requires weekly spoken responses" - teaching requirement
"the device raised the volume of my voice and captured the sound of papers, keyboard taps, and the ventilation system" - microphone issue
"I replayed the file and counted the words that were separated by background noise" - methodical testing
"The written list contained gaps where the consonants overlapped with the fan noise" - identifying problem
"I scheduled another session with the campus accessibility office" - seeking expert help
"The technician adjusted the gain, changed the windscreen, and ran a speech-in-noise test" - professional intervention
"The office sent a memo to the registrar about seating placement" - institutional support

The writer is:
1. A person with a speech disability (post-therapy)
2. Teaching students including one with hearing aids
3. Methodically solving a technical/accessibility problem
4. Using institutional resources

Now for the psychological analysis:

Desires (what does this person want?):
- Primary: Control over the teaching environment so that the student with hearing aids can access their teaching despite the writer's own speech issues and background noise
- Secondary: To be a competent teacher despite disability
- Tertiary: To escape/manage the disability-related anxiety

Weighting:
- 控制欲: 0.30 - strong desire to control the environment, the technical setup, the outcome
- 安全感欲: 0.20 - need certainty that accessibility works
- 摆脱欲: 0.15 - escape the limitations of speech disability
- 成为欲: 0.10 - be an effective teacher
- 确认欲: 0.10 - confirm that their methodical approach is right
- 拥有欲: 0.08 - possess the right tools/equipment
- 超越欲: 0.05 - transcend limitations
- 归属欲: 0.02 - belong in teaching/academic community
- 向往欲: 0.00

Total: 1.00

Needs (JTBD/ODI):
- N02_掌控局面: Strong need - they want to control the teaching situation
- N01_确定性: Need certainty that mic works, that student can hear
- N03_提升能力: Need to learn how to use the mic, how to teach with speech issues
- N06_摆脱痛苦: Escape the anxiety/pain of inadequate communication
- N05_优化效率: Optimize the teaching process

Weighting:
- N02_掌控局面: 0.30
- N01_确定性: 0.25
- N03_提升能力: 0.15
- N05_优化效率: 0.10
- N06_摆脱痛苦: 0.10
- N08_提升形象: 0.05 (wanting to appear competent as a teacher)
- N10_自我确认: 0.05

Total: 1.00

Appraisal:
- goal_relevance: 0.9 (very relevant - their teaching depends on this)
- congruence_direction: 促进 (the content shows them actively working toward a solution)
- need_status: 部分已满足/部分未满足 - the work is in progress; some progress made but not fully resolved
- goal_congruence: 趋向正 (positive progress but not complete)
- coping_potential: 中到高 (they have access to accessibility office, are methodical)

Actually, let me reconsider. The narrative shows:
- They identified problems (background noise, consonant overlap)
- They sought professional help
- The technician made adjustments
- An institutional memo was sent

So there's active progress. But the speech issue remains ("My speech has remained slow and halting since therapy ended"). And we don't know if the final outcome worked.

I'll say: 
- goal_relevance: 0.85
- congruence_direction: 促进
- need_status: 未完全满足 (still in process, no definitive success)
- goal_congruence: 偏正 (positive but not fully resolved)
- coping_potential: 中-高

Emotions:
- 钦佩 admiration: 0.05 (for self's persistence or the technician)
- 喜悦 joy: 0.05
- 感激 gratitude: 0.15 (toward accessibility office, technician)
- 渴望 desire: 0.10
- 怀旧 nostalgia: 0.00
- 自豪 pride: 0.05 (in methodical work)
- 爱 love: 0.00
- 宽慰 relief: 0.10 (some burden lifted by institutional help)
- 认同 approval: 0.10 (the process is validated)
- 好奇 curiosity: 0.05
- 恐惧 fear: 0.15 (anxiety about whether it will work, about teaching effectiveness)
- 悲伤 sadness: 0.10 (about ongoing speech issue)
- 愤怒 anger: 0.10 (frustration with limitations)

Let me adjust:
- 恐惧 fear: 0.20 (ongoing anxiety about speech, about accessibility for student)
- 感激 gratitude: 0.15
- 渴望 desire: 0.15
- 宽慰 relief: 0.10
- 悲伤 sadness: 0.10
- 愤怒 anger: 0.10
- 自豪 pride: 0.05
- 认同 approval: 0.05
- 钦佩 admiration: 0.05
- 喜悦 joy: 0.05

Total: 1.00

Action tendencies:
- 趋近 approach: 0.40 (active problem-solving, seeking help)
- 关注 attend: 0.30 (vigilant testing, monitoring)
- 支配 dominate: 0.15 (taking control of the environment)
- 回避 avoidance: 0.10 (some avoidance of full teaching scenarios)
- 对抗 agonistic: 0.05 (against the limitations)
- 拒斥 reject: 0.00
- 中断 interrupt: 0.00

Total: 1.00

Let me reconsider everything with the context of this being a single individual self-expression.

Actually, looking again at the writing style - this is very clinical, methodical, almost like a case report or a Reddit post seeking advice/validation about accessibility in teaching. The level of detail suggests:
- The person wants to be seen as thorough/professional
- They want validation that they're doing the right thing
- They want practical solutions

The posting to a "hearing discussion" subreddit is interesting - they're seeking community and expertise.

Let me reconsider the desires:
- 确认欲: Possibly higher - they want confirmation from others (the subreddit community) that their approach is right
- 归属欲: They want to belong to a community of people dealing with hearing accessibility issues
- 控制欲: High - controlling the environment
- 安全感欲: High - safety/certainty about student outcomes

Revised:
- 控制欲: 0.25
- 安全感欲: 0.20
- 确认欲: 0.15
- 归属欲: 0.10
- 摆脱欲: 0.10
- 成为欲: 0.10
- 拥有欲: 0.05
- 超越欲: 0.05
- 向往欲: 0.00

Total: 1.00

Needs revised:
- N02_掌控局面: 0.25
- N01_确定性: 0.20
- N10_自我确认: 0.15
- N11_归属群体: 0.10
- N03_提升能力: 0.10
- N06_摆脱痛苦: 0.10
- N05_优化效率: 0.05
- N08_提升形象: 0.05

Total: 1.00

This is for the writer themselves, not for audience. Let me make sure I'm clear about this.

The instruction says: "若这段内容确实是某一个人写下的自我表达，请对『写下这段内容的这一个人』反推其心理因果链四层占比分布"

So I need to analyze the writer's psychology, not the audience's.

OK let me finalize:

For the writer (single individual):

Desire layer:
- 控制欲: 0.25 (strong desire to control the teaching environment and accessibility setup)
- 安全感欲: 0.20 (need certainty/safety about student hearing)
- 摆脱欲: 0.15 (escape the speech disability limitations)
- 确认欲: 0.10 (confirm approach is correct)
- 成为欲: 0.10 (be effective teacher)
- 归属欲: 0.08 (belong to community dealing with these issues)
- 拥有欲: 0.05 (possess right tools)
- 超越欲: 0.05 (transcend limitations)
- 向往欲: 0.02

Total: 1.00

Need layer:
- N02_掌控局面: 0.25
- N01_确定性: 0.20
- N06_摆脱痛苦: 0.12
- N10_自我确认: 0.12
- N03_提升能力: 0.10
- N11_归属群体: 0.08
- N05_优化效率: 0.05
- N08_提升形象: 0.04
- N07_占有资源: 0.04

Total: 1.00

Appraisal:
- goal_relevance: 0.9
- congruence_direction: 促进
- need_status: 未完全满足 (process is in progress)
- goal_congruence: 偏正 (positive progress but uncertain)
- coping_potential: 中高

Emotion layer:
- 恐惧 fear: 0.20 (anxiety about whether accessibility works)
- 感激 gratitude: 0.15 (toward accessibility office, technician)
- 渴望 desire: 0.15 (for solution, for recovery)
- 宽慰 relief: 0.10 (some burden lifted)
- 悲伤 sadness: 0.10 (about ongoing speech issue)
- 愤怒 anger: 0.08 (frustration with limitations)
- 自豪 pride: 0.05 (in methodical work)
- 认同 approval: 0.05
- 钦佩 admiration: 0.05
- 好奇 curiosity: 0.04
- 喜悦 joy: 0.02
- 怀旧 nostalgia: 0.01

Total: 1.00

Action tendency:
- 趋近 approach: 0.35 (active problem-solving)
- 关注 attend: 0.30 (vigilant monitoring)
- 支配 dominate: 0.15 (taking control)
- 回避 avoidance: 0.10 (some avoidance)
- 对抗 agonistic: 0.05 (against limitations)
- 拒斥 reject: 0.03 (rejecting inadequate solutions)
- 中断 interrupt: 0.02

Total: 1.00

Now let me write the evidence quotes from the text.

Evidence for desire:
- "I scheduled another session with the campus accessibility office and brought the microphone, the recording, and the list" - control, certainty
- "My speech has remained slow and halting since therapy ended" - escape from disability
- "I replayed the file and counted the words that were separated by background noise" - vigilance, control
- "The office sent a memo to the registrar about seating placement, and I copied the student on the message" - taking control, providing for student

Evidence for need:
- "I scheduled another session with the campus accessibility office" - N02_掌控
- "I counted the words that were separated by background noise" - N01_确定性
- "My speech has remained slow and halting since therapy ended" - N06_摆脱痛苦
- "The technician adjusted the gain, changed the windscreen, and ran a speech-in-noise test" - N03_提升能力

Evidence for emotion:
- "I counted the words that were separated by background noise" - fear
- "I scheduled another session with the campus accessibility office and brought the microphone, the recording, and the list" - relief/approach
- "My speech has remained slow and halting since therapy ended" - sadness

Evidence for action:
- "I placed the microphone on the table and tested the recording system before the first meeting" - approach
- "I asked them to pause between phrases" - attention/control
- "I scheduled another session with the campus accessibility office" - approach

Let me write out the chain trace:

控制欲 →(情境：自己有言语障碍+教听障学生+设备捕获环境噪音)→ N02_掌控局面(夺回主导权) + N01_确定性 →(评价：相关度高0.9，方向促进但need_status未完全满足，coping中高) → 恐惧(未完全满足的不确定性) + 感激(获得了机构支持) + 渴望(期待最终成功) → 趋近(主动寻求专业支持) + 关注(细致复盘录音) + 支配(控制教学环境) 的完整一句话推导

Let me also reconsider the writing platform - this is "reddit hearing discussion" - a Reddit post in a hearing-related community. The person is sharing their experience with hearing accessibility in teaching.

Wait, but the writing has a very particular clinical, methodical tone. It reads almost like a report. This might be a person who is:
- Documenting their methodical process
- Possibly seeking validation/feedback
- Maybe hoping for advice from others who have similar experiences

The posting context (Reddit hearing discussion) suggests they want community engagement and possibly advice.

This adds to:
- 归属欲: wanting to connect with others in the hearing community
- 确认欲: wanting to confirm their approach is right

Let me adjust:

Desire layer:
- 控制欲: 0.22
- 安全感欲: 0.20
- 摆脱欲: 0.15
- 归属欲: 0.12 (community connection)
- 确认欲: 0.12
- 成为欲: 0.08
- 拥有欲: 0.05
- 超越欲: 0.04
- 向往欲: 0.02

Total: 1.00

Need layer:
- N02_掌控局面: 0.22
- N01_确定性: 0.18
- N11_归属群体: 0.13
- N10_自我确认: 0.12
- N06_摆脱痛苦: 0.12
- N03_提升能力: 0.10
- N05_优化效率: 0.05
- N08_提升形象: 0.05
- N07_占有资源: 0.03

Total: 1.00

OK let me finalize the JSON. Let me be more rigorous about the evidence.

Actually, looking at the writing style again - it's so detailed and clinical that it might be intended as a record/documentation rather than seeking help. But the platform "reddit hearing discussion" suggests posting for community response.

Let me also note that this might be the writer with their own speech issue AND teaching a student with hearing issues - they are doubly affected.

Let me finalize:

Final desires:
- 控制欲: 0.22 - "I placed the microphone on the table and tested the recording system", "I scheduled another session with the campus accessibility office"
- 安全感欲: 0.20 - "My speech has remained slow and halting since therapy ended", worry about student
- 摆脱欲: 0.15 - escape speech disability
- 归属欲: 0.12 - posting in community
- 确认欲: 0.12 - confirm approach
- 成为欲: 0.08 - be effective teacher
- 拥有欲: 0.05 - possess right tools
- 超越欲: 0.04 - transcend limitations
- 向往欲: 0.02 - ideal teaching scenario

Final needs:
- N02_掌控局面: 0.22
- N01_确定性: 0.18
- N11_归属群体: 0.13
- N10_自我确认: 0.12
- N06_摆脱痛苦: 0.12
- N03_提升能力: 0.10
- N05_优化效率: 0.05
- N08_提升形象: 0.05
- N07_占有资源: 0.03

Final emotions:
- 恐惧 fear: 0.18 (anxiety about speech, about whether student can hear)
- 感激 gratitude: 0.15 (toward accessibility services)
- 渴望 desire: 0.15 (for solution, for full recovery)
- 宽慰 relief: 0.10 (some progress made)
- 悲伤 sadness: 0.10 (about ongoing speech issue)
- 愤怒 anger: 0.08 (frustration with limitations)
- 自豪 pride: 0.05 (in methodical work)
- 认同 approval: 0.05
- 钦佩 admiration: 0.05
- 好奇 curiosity: 0.04
- 喜悦 joy: 0.02
- 怀旧 nostalgia: 0.02
- 爱 love: 0.01

Total: 1.00

Final action tendencies:
- 趋近 approach: 0.35
- 关注 attend: 0.28
- 支配 dominate: 0.15
- 回避 avoidance: 0.10
- 对抗 agonistic: 0.05
- 拒斥 reject: 0.04
- 中断 interrupt: 0.03

Total: 1.00

OK let me write the JSON now. The chain trace needs to be a coherent one-sentence derivation.

Chain trace:
"控制欲 →(情境:自己有言语障碍且教听障学生,设备又拾取环境噪音)→ 需求N02_掌控局面+N01_确定性 →(评价:相关度0.9,方向促进但未完全满足,coping中高)→ 恐惧(未完全满足) + 感激(获得机构支持) + 渴望(期待最终成功) → 趋近(主动约见accessibility office) + 关注(反复复盘录音/清点词数) + 支配(控制座位/麦克风/增益) 的完整一句话推导"

Let me also think about whether to add some other emotions. The methodical tone suggests some emotional restraint - the writer is being very procedural. This might suggest:
- Lower emotional intensity overall
- But the underlying anxiety is high

The "I copied the student on the message" detail shows they care about being transparent and inclusive - this could be approval/self-confirmation or relational care.

Let me finalize the JSON output.

Actually, I realize I should be more careful with the evidence. Let me pick the most direct quotes:

For desires:
- 控制欲: "I placed the microphone on the table and tested the recording system before the first meeting"
- 安全感欲: "I replayed the file and counted the words that were separated by background noise"
- 摆脱欲: "My speech has remained slow and halting since therapy ended"
- 归属欲: posting context "reddit hearing discussion" - though this is platform, not text
- 确认欲: "I asked two coworkers to read a list of terms at a set pace while I wore the earpiece connected to the microphone"
- 成为欲: "Last term I taught one section with twelve students. I stood near the whiteboard and repeated each sentence twice"
- 拥有欲: "I scheduled another session with the campus accessibility office and brought the microphone, the recording, and the list"

For needs:
- N02_掌控局面: "The office sent a memo to the registrar about seating placement, and I copied the student on the message"
- N01_确定性: "I replayed the file and counted the words that were separated by background noise"
- N06_摆脱痛苦: "My speech has remained slow and halting since therapy ended"
- N03_提升能力: "The technician adjusted the gain, changed the windscreen, and ran a speech-in-noise test"
- N10_自我确认: "I asked two coworkers to read a list of terms at a set pace while I wore the earpiece"
- N11_归属群体: posting context

For emotions:
- 恐惧: "The written list contained gaps where the consonants overlapped with the fan noise"
- 感激: "I scheduled another session with the campus accessibility office and brought the microphone, the recording, and the list"
- 悲伤: "My speech has remained slow and halting since therapy ended"
- 愤怒: implicit in "the device raised the volume of my voice and captured the sound of papers, keyboard taps, and the ventilation system"

For actions:
- 趋近: "I scheduled another session with the campus accessibility office"
- 关注: "I replayed the file and counted the words that were separated by background noise"
- 支配: "The office sent a memo to the registrar about seating placement, and I copied the student on the message"

Let me also reconsider whether to include some less-weighted emotions. The 13 emotions must sum to 1.

Let me finalize:

```json
{
  "desire_layer": {
    "distribution": {
      "拥有欲": 0.05,
      "成为欲": 0.08,
      "摆脱欲": 0.15,
      "确认欲": 0.12,
      "超越欲": 0.04,
      "归属欲": 0.12,
      "控制欲": 0.22,
      "安全感欲": 0.20,
      "向往欲": 0.02
    },
    "note": "写作者本人有言语障碍(therapy ended 后言语缓慢停顿)，又在教一个用助听器的学生，设备还会拾取环境噪音——核心激活控制欲(夺回教学与设备主导权)与安全感欲(消除学生能否听清的不确定性)；同时通过 reddit hearing discussion 帖子结构投射出归属欲(找同类)与确认欲(方法是否对的背书)；言语障碍的持续状态直接驱动摆脱欲；希望成为有效教师的成为欲较弱，超越欲与向往欲更低。"
  },
  ...
}
```

Wait, I need to be careful - the instruction is about analyzing the writer's psychology through the content, not the audience. Let me make sure my analysis is about the writer.

The note: "写作者本人" - yes this is the writer.

Now for the need layer, let me restructure the JSON properly. Need layer is a list.

```json
"need_layer": [
  {"code": "N02_掌控局面", "context_slot": "教听障学生时设备拾取环境噪音、言语障碍削弱控制感", "weight": 0.22, "derived_from": "由控制欲 经 言语障碍+设备故障情境 衍生"},
  {"code": "N01_确定性", "context_slot": "需要确认麦克风/座位/增益调整后学生能否真正听清", "weight": 0.18, "derived_from": "由安全感欲 经 录音中辅音被风扇噪音覆盖情境 衍生"},
  {"code": "N11_归属群体", "context_slot": "在 reddit hearing discussion 发帖，记录详细过程", "weight": 0.13, "derived_from": "由归属欲 经 孤独处理复杂无障碍教学情境 衍生"},
  {"code": "N10_自我确认", "context_slot": "让同事朗读、自己用耳件听写来验证流程", "weight": 0.12, "derived_from": "由确认欲 经 担心做法是否对头 衍生"},
  {"code": "N06_摆脱痛苦", "context_slot": "言语缓慢停顿持续，therapy 已结束未痊愈", "weight": 0.12, "derived_from": "由摆脱欲 经 言语障碍持续状态 衍生"},
  {"code": "N03_提升能力", "context_slot": "学习如何在言语障碍下使用麦克风/耳件/录音系统", "weight": 0.10, "derived_from": "由成为欲 经 设备调试与speech-in-noise test 情境 衍生"},
  {"code": "N05_优化效率", "context_slot": "通过剪辑卡、复盘录音减少课堂沟通损耗", "weight": 0.05, "derived_from": "由控制欲 经 课堂时间有限情境 衍生"},
  {"code": "N08_提升形象", "context_slot": "在系里/学生面前维持可被托付的专业教师形象", "weight": 0.05, "derived_from": "由成为欲 经 系里分配教室/学生评估情境 衍生"},
  {"code": "N07_占有资源", "context_slot": "获得合适的麦克风、防风罩、增益设置", "weight": 0.04, "derived_from": "由拥有欲 经 设备缺陷情境 衍生"}
]
```

Sum: 0.22+0.18+0.13+0.12+0.12+0.10+0.05+0.05+0.04 = 1.01

Let me adjust to make it exactly 1.00:
0.22+0.18+0.13+0.12+0.12+0.10+0.05+0.05+0.03 = 1.00

Or:
0.22+0.18+0.13+0.12+0.12+0.10+0.05+0.05+0.04 = 1.01 → adjust N07 to 0.03

Let me make sure all layers sum to 1.

Desire layer: 0.05+0.08+0.15+0.12+0.04+0.12+0.22+0.20+0.02 = 1.00 ✓

Need layer: 0.22+0.18+0.13+0.12+0.12+0.10+0.05+0.05+0.03 = 1.00 ✓

Emotion layer: let me sum
0.18+0.15+0.15+0.10+0.10+0.08+0.05+0.05+0.05+0.04+0.02+0.02+0.01 = 1.00 ✓

Action tendency: 0.35+0.28+0.15+0.10+0.05+0.04+0.03 = 1.00 ✓

Great.

Now let me write out the final JSON.

For chain_trace, I need a single coherent sentence:

"控制欲+安全感欲 →(情境:写作者有言语障碍+教听障学生+设备拾取环境噪音)→ N02_掌控局面+N01_确定性 →(评价:相关度0.9,方向促进但未完全满足,coping中高)→ 恐惧(未完全满足)+感激(获得机构支持)+渴望(期待最终成功)+悲伤(言语障碍持续) → 趋近(主动约见accessibility office)+关注(反复复盘录音清点词数)+支配(控制座位麦克风增益) 的完整一句话推导"

This is a bit long. Let me make it more concise but still complete.

Actually, the instruction says "用具体名字填 X/Y/Z/W/V，必须连贯读通" - so I need to specify each layer with concrete names.

"控制欲 →(情境:言语障碍+教听障学生+设备拾取噪音)→ 需求N02_掌控局面+N01_确定性 →(评价:相关度0.9/促进/未完全满足/偏正/coping中高)→ 情绪恐惧+感激+渴望+悲伤 → 行动倾向趋近+关注+支配"

Let me write a more readable version.

OK let me finalize the JSON output now.

Actually, I should also note that this content analysis is quite nuanced because the writer is a single individual dealing with both a speech disability AND a teaching situation involving a student with hearing aids. This dual identity makes the psychology complex.

Let me also reconsider the "渴望" weight - 0.15 might be too high. The writer isn't showing strong desire, more like procedural concern.

Actually, looking at the methodical documentation, the writer is mostly in "evaluative/problem-solving" mode rather than "desire/wanting" mode. The actions are practical, not aspirational.

Let me adjust:
- 渴望 desire: 0.10
- 恐惧 fear: 0.20
- 感激 gratitude: 0.18
- 宽慰 relief: 0.10
- 悲伤 sadness: 0.10
- 愤怒 anger: 0.08
- 自豪 pride: 0.05
- 认同 approval: 0.05
- 钦佩 admiration: 0.05
- 好奇 curiosity: 0.04
- 喜悦 joy: 0.02
- 怀旧 nostalgia: 0.02
- 爱 love: 0.01

Total: 0.20+0.18+0.10+0.10+0.10+0.08+0.05+0.05+0.05+0.04+0.02+0.02+0.01 = 1.00 ✓

Let me finalize.

One more consideration: the writing is very dry and clinical. This suggests emotional restraint. The writer is processing through action rather than expressing emotion overtly. So the "emotion" layer might be more subdued than I initially thought.

But underlying the clinical tone, there are clearly:
- Anxiety (fear)
- Frustration (anger)
- Sadness about ongoing disability
- Some relief/optimism about institutional support
- Some pride in methodical approach

Let me keep the emotion distribution as I have it.

Final JSON:

```json
{
  "desire_layer": {
    "distribution": {
      "拥有欲": 0.05,
      "成为欲": 0.08,
      "摆脱欲": 0.15,
      "确认欲": 0.12,
      "超越欲": 0.04,
      "归属欲": 0.12,
      "控制欲": 0.22,
      "安全感欲": 0.20,
      "向往欲": 0.02
    },
    "note": "写作者有言语障碍(therapy ended 后言语缓慢停顿)，又教一个用助听器的学生，设备还拾取环境噪音——核心激活控制欲(夺回教学与设备主导权)与安全感欲(消除学生能否听清的不确定)；通过 reddit hearing discussion 发帖投射出归属欲(找同类)与确认欲(方法是否对头的背书)；言语障碍的持续状态直接驱动摆脱欲；想成为有效教师的成为欲偏弱，超越欲与向往欲更弱。"
  },
  "need_layer": [
    {"code": "N02_掌控局面", "context_slot": "教听障学生时设备拾取环境噪音，言语障碍削弱控制感", "weight": 0.22, "derived_from": "由控制欲 经 言语障碍+设备故障情境 衍生"},
    {"code": "N01_确定性", "context_slot": "需确认麦克风/座位/增益调整后学生能否真正听清", "weight": 0.18, "derived_from": "由安全感欲 经 录音中辅音被风扇噪音覆盖情境 衍生"},
    {"code": "N11_归属群体", "context_slot": "在 reddit hearing discussion 发帖并详细记录全过程", "weight": 0.13, "derived_from": "由归属欲 经 独自处理复杂无障碍教学情境 衍生"},
    {"code": "N10_自我确认", "context_slot": "让同事朗读、自己用耳件听写以验证流程", "weight": 0.12, "derived_from": "由确认欲 经 担心做法是否对头 衍生"},
    {"code": "N06_摆脱痛苦", "context_slot": "言语缓慢停顿持续，therapy 已结束未痊愈", "weight": 0.12, "derived_from": "由摆脱欲 经 言语障碍持续状态 衍生"},
    {"code": "N03_提升能力", "context_slot": "学习如何在言语障碍下使用麦克风/耳件/录音系统", "weight": 0.10, "derived_from": "由成为欲 经 设备调试与 speech-in-noise test 情境 衍生"},
    {"code": "N05_优化效率", "context_slot": "通过 index cards 写作、复盘录音减少课堂沟通损耗", "weight": 0.05, "derived_from": "由控制欲 经 课堂时间有限情境 衍生"},
    {"code": "N08_提升形象", "context_slot": "在系里与学生面前维持可被托付的专业教师形象", "weight": 0.05, "derived_from": "由成为欲 经 系里分配教室/学生评估情境 衍生"},
    {"code": "N07_占有资源", "context_slot": "获得合适的麦克风、防风罩、增益设置", "weight": 0.03, "derived_from": "由拥有欲 经 设备缺陷情境 衍生"}
  ],
  "appraisal": {
    "goal_relevance": 0.9,
    "congruence_direction": "促进",
    "need_status": "未满足",
    "goal_congruence": "偏正",
    "coping_potential": "中高",
    "note": "目标相关度极高(教学与学生听清直接相关)；方向是促进(主动约见 accessibility office、跑 speech-in-noise test、获得 registrar 备忘录)，但 need_status 仍处未满足(言语障碍未愈、最终效果未确认)，coping_potential 中高(有制度资源但有物理环境限制)。这种'促进但未完全满足'的评价组合，导出以恐惧/渴望/感激为主的情绪谱：未来威胁未解除→fear，已有进展但未完结→gratitude+relief，对解决仍有期待→desire，对自身受限→sadness。"
  },
  "emotion_layer": {
    "distribution": {
      "admiration钦佩": 0.05,
      "joy喜悦": 0.02,
      "gratitude感激": 0.18,
      "desire渴望": 0.10,
      "nostalgia怀旧": 0.02,
      "

===== 2026-08-20 01:34:01 knot_s2_d4 =====
Let me carefully analyze this content to classify the "knots" present.

The content is from a 34-year-old who paid a lot for hearing aids and says they understand even less than the poster's husband. They literally can't do anything but rely on text communication. They say hearing aids don't work for everyone - they give access to sound but hearing doesn't mean understanding. The clarity just isn't there.

Let me map this against the engine readout and the knot signatures:

**Engine readout says:**
- desire: 摆脱欲
- need: N06_摆脱痛苦
- emotion: sadness悲伤
- action: approach趋近
- appraisal: goal_relevance: 0.9, congruence_direction: 威胁, need_status: 未满足, goal_congruence: 负, coping_potential: 低

The engine's appraisal is about the "approach" - reaching out to help (and possibly the approach is toward the person being discussed). The goal_congruence is negative - meaning the action of responding with information doesn't resolve the underlying problem.

Now let me identify the knots:

**pain_seek (痛点·求解结):**
- congruence: 威胁 ✓ ("hearing aids don't work for everyone", "the clarity just isn't there" = threat to their communication needs)
- need_status: 未满足 ✓ (hearing/understanding not achieved)
- coping: 中/高 - the person has already tried hearing aids, paid a lot, knows audiologists exist. But the coping potential for the actual problem (understanding speech) is low. The engine says coping_potential: 低. But pain_seek requires coping: "中/高". Hmm, this is tricky. The person has demonstrated agency (bought hearing aids, tried solutions) but the coping is ultimately failing. Let me reconsider.

Actually, the pain_seek signature says coping: "中/高" as a necessary condition. The person has tried hearing aids (coping = high effort) but the results are poor. They're sharing their experience in a way that could be seen as helping (pain_seek behavior is "求助通道·高成本:详述症状+已试步骤+照做回报+询盘"). 

Wait, but they're not really asking for help - they're sharing their own experience to comfort the OP. The behavior is more "self-disclosure as solidarity" than "seeking solution." But the underlying pain is real and detailed.

Actually, let me reconsider the pain_seek signature more carefully. The behavior says "求助通道·高成本:详述症状+已试步骤+照做回报+询盘." This person is:
- 详述症状: "can't do anything but rely on text communication"
- 已试步骤: "paid a lot of money for hearing aids"
- But not really "照做回报" or "询盘"

This person is more sharing their own experience to help someone else, which has pain elements but isn't strictly pain_seek behavior.

Let me think about belong (归属·确认结):
- congruence: 威胁(孤立) ✓ ("I literally can't do anything but rely on text communication" = isolation through hearing loss)
- need_status: 未满足 ✓
- coping: 低 - they're isolated, relying on text only
- time: 过去-现在 ✓ (ongoing situation)
- attribution: none ✓
- target_layer: identity ✓
- behavior: "确认通道·中成本:自我暴露式发帖+'only me?';线下伴随伪装替代行为" - "if it makes you feel better" is an attempt to provide comfort through shared experience, which is a belonging/connection behavior. The self-disclosure ("I'm 34 and paid a lot...") is classic belonging behavior.

The "only me?" element: They're not literally asking "only me?" but the self-disclosure serves the same function - "I have this too, you're not alone." This is strongly belong.

**inertia (惯性·缺席结):**
The prompt specifically says: "inertia 的行为签名是缺席与替代行为——认命句('but I understand it now'式)、长期忍受、伪装,即使文本表面是致谢也要识别。"

Let me look for inertia signs:
- "I understand even less than your husband" - acceptance of their condition
- "I literally can't do anything but rely on text communication" - resignation
- "the clarity just isn't there" - acceptance of limitation
- "if it makes you feel better" - could be seen as making peace with the situation

The "I understand it now" pattern is about acceptance/resignation. "I can't do anything" is quite close to this. "The clarity just isn't there" is acceptance of a permanent state.

But wait - the person does mention solutions (hearing aids, audiologist). They've taken action. Inertia requires "coping: 极低/习得性认命" - learned helplessness. The person has tried hearing aids, which is active coping, but the result is resignation. This is more complex.

Let me look at this more carefully. The person:
1. Tried hearing aids (active action)
2. But the result is poor
3. They accept the limitation ("the clarity just isn't there")
4. They've adapted to text-only communication

This pattern - trying something, it doesn't work, accepting the limitation, adapting with workaround (text) - has inertia elements. The "can't do anything" is essentially a "习得性认命" statement.

**reward (爽点·回报结):**
The tone has some elements of shared experience/solidarity. "If it makes you feel better" could be seen as providing comfort, which has reward elements. But it's not strongly reward - it's more belong/solidarity.

Let me also consider:

**suspend (悬置·焦虑结):**
No clear signs of decision suspension.

**audit (验真·审计结):**
No auditing behavior present.

**injustice (不平·问责结):**
No accountability/injustice language. They're not blaming anyone.

**itch (痒点·投影结):**
No aspiration or future desire. Quite the opposite.

**display (确证·展示结):**
The self-disclosure of personal information (age, cost of hearing aids) has some display elements, but it's more about solidarity than showing off.

OK, let me now determine intensities:

**belong: 0.80-0.90** - This is the strongest signal. Classic self-disclosure pattern to create connection. "If it makes you feel better" is explicitly about providing comfort through shared experience. "I literally can't do anything but rely on text communication" reveals the isolation. The self-disclosure serves to connect with the OP.

**pain_seek: 0.45-0.55** - The pain is real and detailed. They've described symptoms and tried solutions. But the context is more "sharing to help" than "seeking help." The behavior doesn't fully match pain_seek (no explicit "询盘" or asking what to do). However, the pain is authentic and would drive the underlying motivation.

Actually, let me reconsider. Pain_seek is about "推动" (driving) and requires "高成本" behavior including "详述症状+已试步骤+照做回报+询盘." This person has 详述症状 and 已试步骤 but not 询盘 (asking for solutions) or 照做回报. They're sharing, not asking. So pain_seek is present but not at full intensity.

**inertia: 0.50-0.65** - There are clear inertia elements:
- "I literally can't do anything but rely on text communication" = resignation
- "the clarity just isn't there" = acceptance of permanent limitation
- Adapting through text = workaround/替代行为
- "hearing aids don't work for everyone" = generalizing acceptance

The pattern of "tried solution → didn't work → accepted it → adapted with workaround" is classic inertia.

Hmm, but inertia says coping is "极低/习得性认命." The person has tried hearing aids, which is active. But the resignation after the failure is the inertia part. I think inertia is around 0.55-0.65.

Let me also think about whether there's an element of "helping/caring" that could be reward. "If it makes you feel better" - this is providing comfort, which is an other-directed positive action. But it's not really about the person themselves feeling rewarded. It's more about solidarity/belong.

Final assessment:

1. **belong: 0.82** - Strong self-disclosure to create connection, "if it makes you feel better" as solidarity
2. **pain_seek: 0.50** - Pain is real and detailed, but context is sharing not seeking
3. **inertia: 0.60** - Resignation, acceptance, workaround adaptation

For the signatures:

belong: congruence="威胁(孤立)", need_status="未满足", coping="低", time="过去-现在", attribution="none", target_layer="identity"
- desire_code: "归属欲"
- need_code: "N11" (or N13)

pain_seek: congruence="威胁", need_status="未满足", coping="中", time="现在", attribution="system/none", target_layer="consumption_goal"
- Wait, the attribution should be "system/none" per the signature. Here, the problem is with hearing aids/medical system failing. "system/none" works.
- desire_code: "摆脱欲", "控制欲"
- need_code: "N06", "N02"

inertia: congruence="无激活或coping感知为零", need_status="现状部分满足为默认", coping="极低/习得性认命", time="无限期现在", attribution="none", target_layer="consumption_goal"
- desire_code: "控制欲(被压抑)"
- need_code: "N02(被搁置)"

Wait, but the person IS actively coping (bought hearing aids). The inertia might be more about the acceptance after coping failed. Let me adjust.

Actually, "coping: 极低/习得性认命" in inertia means the person perceives their coping as zero/has learned helplessness. "I literally can't do anything" is exactly this perception. Even though they technically tried hearing aids, their assessment is that nothing works. The "习得性认命" (learned helplessness) is the key.

Freshness days hint:
- belong: probably older, this is a chronic condition - maybe 60-75 days (near expiry, it's been going on)
- pain_seek: chronic, hearing loss is ongoing - 60-75 days
- inertia: chronic, accepted state - 70-75 days (long-standing resignation)

Levers present:
- "if it makes you feel better" - this is a comfort/consolation technique, could be seen as emotional lever
- "I paid a lot of money" - social proof / authority by experience
- The overall tone uses solidarity as a way to help, which is more a behavior than a lever

Actually, looking at the levers:
- 好奇缺口 (curiosity gap): no
- 稀缺紧迫 (scarcity/urgency): no
- 从众 (social proof): "I paid a lot of money for hearing aids" - this could be seen as social proof
- 种草 (recommendation): the mention of audiologist could be 种草

Hmm, actually the content doesn't seem to be "using" levers - it's a user comment sharing experience. The levers concept is about content creation techniques. But the instructions say "内容里出现的杠杆(若有)" - so I should look for any lever patterns.

"he should go to an audiologist" - this is advice/recommendation, could be 种草 (planting) for audiologist visits.

Let me keep it minimal and just note the solidarity/empathy element as part of belong rather than a lever.

Notes: 经典的多结并存场景:belong(以"if it makes you feel better"自我暴露建立连接)+pain_seek(详述症状+已试步骤)+inertia("can't do anything"/"clarity just isn't there"习得性认命+文本替代行为)。

===== 2026-08-20 01:34:27 knot_s1_T0.0 =====
```json
{
  "desire_layer": {
    "distribution": {
      "拥有欲": 0.05,
      "成为欲": 0.05,
      "摆脱欲": 0.40,
      "确认欲": 0.12,
      "超越欲": 0.02,
      "归属欲": 0.08,
      "控制欲": 0.13,
      "安全感欲": 0.10,
      "向往欲": 0.05
    },
    "note": "主导欲望是「摆脱欲」——长期被听力损失和无效助听器带来的痛苦所困，想脱离这个状态；「控制欲」源于'I can do nothing'的无力感，想夺回沟通主导权；「安全感欲」指向对助听器是否真有效的风险不确定；「确认欲/归属欲」通过分享经历寻找同病相怜者获得被理解感。'
  },
  "need_layer": [
    {
      "code": "N06_摆脱痛苦",
      "context_slot": "34岁、已重金购入助听器却仍'comprehend even less'，听得到声音但'clearness simply isn't present'的痛苦处境",
      "weight": 0.35,
      "derived_from": "由「摆脱欲」经'花大钱换不来有效听力'这一情境事件衍生"
    },
    {
      "code": "N01_确定性",
      "context_slot": "'hearing aids aren't effective for everybody'——想确认到底有没有办法/办法是否对自己有效",
      "weight": 0.25,
      "derived_from": "由「安全感欲」经'投入巨大却仍无解'的未知处境衍生"
    },
    {
      "code": "N02_掌控局面",
      "context_slot": "'I truly can do nothing except depend on written messages'——被迫依赖文字沟通，丧失主动权",
      "weight": 0.15,
      "derived_from": "由「控制欲」经'只有文字一条退路'的情境衍生"
    },
    {
      "code": "N13_情感慰藉",
      "context_slot": "在reddit听力讨论区发长文倾诉，想被同处境者接纳与安慰",
      "weight": 0.12,
      "derived_from": "由「归属欲」+「确认欲」经'在群体中讲出自己经历'的情境衍生"
    },
    {
      "code": "N04_理解世界",
      "context_slot": "'They let me reach sound, but hearing isn't the same as understanding'——想弄懂为什么'听到'≠'听懂'",
      "weight": 0.10,
      "derived_from": "由「拥有欲/控制欲」经'声音到了但言语清晰度依然缺失'的认知缺口衍生"
    },
    {
      "code": "N10_自我确认",
      "context_slot": "以'34岁'、'重金购入'自陈，暗示'不是我没努力'，想被确认问题不在自己",
      "weight": 0.03,
      "derived_from": "由「确认欲」经'花了钱还被质疑是不是自己的问题'的情境衍生"
    }
  ],
  "appraisal": {
    "goal_relevance": 0.95,
    "congruence_direction": "威胁",
    "need_status": "未满足",
    "goal_congruence": "负",
    "coping_potential": "低",
    "note": "内容揭示了'重金助听器+仍听不清'的双重威胁：金钱沉没+核心需求(听清/沟通)未解决；'I truly can do nothing'自我宣告应对潜能极低——既无技术解法(助听器对clearness无能为力)、也丢掉社会沟通渠道。威胁×未满足×低应对潜能→强烈负情绪(悲伤/恐惧/愤怒为主)，而非'已满足'的正情绪。"
  },
  "emotion_layer": {
    "distribution": {
      "admiration钦佩": 0.03,
      "joy喜悦": 0.00,
      "gratitude感激": 0.08,
      "desire渴望": 0.07,
      "nostalgia怀旧": 0.00,
      "pride自豪": 0.00,
      "love爱": 0.02,
      "relief宽慰": 0.03,
      "approval认同": 0.07,
      "curiosity好奇": 0.05,
      "fear恐惧": 0.20,
      "sadness悲伤": 0.30,
      "anger愤怒": 0.15
    },
    "note": "由'N06未满足+威胁'→ sadness悲伤(0.30)为主：沉没成本与功能丧失；'低应对潜能+不确定性'→ fear恐惧(0.20)：助听器无效、无路可走的恐惧；'投入金钱却无回报'→ anger愤怒(0.15)；仍来发帖说明尚存 desire渴望(0.07)与 curiosity好奇(0.05)寻解；感激(0.08)+认同(0.07)来自对同群体与发帖者的连接感；微弱的 relief(0.03)来自'终于讲出来了'。"
  },
  "action_tendency_layer": {
    "distribution": {
      "approach趋近": 0.18,
      "avoidance回避": 0.22,
      "attend关注": 0.20,
      "reject拒斥": 0.12,
      "agonistic对抗": 0.08,
      "interrupt中断": 0.05,
      "dominate支配": 0.15
    },
    "note": "avoidance回避(0.22)最强：'I truly can do nothing'暗示对现实社交/电话沟通的回避；attend关注(0.20)：仍来讨论区继续监测、寻找新方案；approach趋近(0.18)：向同群体靠近寻求慰藉；dominate支配(0.15)：用'written messages'夺回部分沟通控制权；reject拒斥(0.12)：对现有助听器/医疗方案的部分拒斥。"
  },
  "chain_trace": "摆脱欲(想脱离'听到却听不懂'的痛苦) →(情境：34岁花重金配助听器、clearness依然缺失、被迫退回文字沟通)→ 需求N06_摆脱痛苦(主) + N01_确定性 + N02_掌控局面 →(评价：goal_relevance=0.95 高相关、congruence=威胁、need_status=未满足、goal_congruence=负、coping_potential=低)→ 情绪以 sadness悲伤(0.30)+fear恐惧(0.20)+anger愤怒(0.15) 为主、混以少量desire与curiosity → 行动倾向以 avoidance回避(0.22) + attend关注(0.20) + approach趋近(0.18) + dominate支配(0.15) 主导，既想逃开也仍在寻找和夺权。",
  "evidence": {
    "desire": "I'm 34 and spent heavily on hearing aids, yet I comprehend even less than your husband. They let me reach sound, but hearing isn't the same as understanding; the clearness simply isn't present.",
    "need": "I truly can do nothing except depend on written messages.",
    "emotion": "the clearness simply isn't present / I comprehend even less",
    "action": "Maybe this helps, but I'm 34 and spent heavily on hearing aids (仍持续发帖寻找/监测方案); I truly can do nothing except depend on written messages (已退回文字通道)"
  }
}
```

===== 2026-08-20 01:38:10 knot_s1_T0.6 =====
```json
{
  "desire_layer": {
    "distribution": {
      "拥有欲": 0.0,
      "成为欲": 0.0,
      "摆脱欲": 0.25,
      "确认欲": 0.20,
      "超越欲": 0.0,
      "归属欲": 0.15,
      "控制欲": 0.15,
      "安全感欲": 0.15,
      "向往欲": 0.10
    },
    "note": "叙事呈'母亲听力下降→电话沟通完全依赖→助听器后重获独立'的转折结构。核心触发:① 摆脱欲——长期目睹母亲陷入依赖(写留言、让我接电话)这种痛苦状态,书写是逃离/消化这种无力感的出口;② 确认欲——把'助听器确实有用'以亲历细节外化,寻求自我决策被看见、被背书;③ 控制欲——母亲从'把电话给我'到'不再把电话给我'这条隐线,是作者对母亲重夺生活主导权的深切渴望;④ 安全感欲——'clinic or bank called'暗示重要来电若漏接/误接有真实风险,助听器解决了这个风险;⑤ 归属欲——发布在 hearing 讨论区,寻找同处听力语境下的同类;⑥ 向往欲——结尾画面(母亲自己站在厨房料理台接电话)是一个可代入的'恢复了的日常'图景。"
  },
  "need_layer": [
    {"code": "N06_摆脱痛苦", "context_slot": "长期观看母亲因听力下降被迫让出电话、变成机构来电的被动方", "weight": 0.20, "derived_from": "由摆脱欲 经 母亲听力下降、依赖我接电话的情境事件 衍生"},
    {"code": "N10_自我确认", "context_slot": "把'装助听器→母亲独立'这条因果以可被他人阅读的细节写出来,需要外部/自我背书', "weight": 0.20, "derived_from": "由确认欲 经 用文学化细节外化决策正确性 的情境事件 衍生"},
    {"code": "N02_掌控局面", "context_slot": "母亲从把诊所、银行电话转给我,到自己讲完地址并不再交还话筒", "weight": 0.15, "derived_from": "由控制欲 经 母亲重夺电话沟通主导权 的情境事件 衍生"},
    {"code": "N01_确定性", "context_slot": "诊所、银行等关键机构来电是否被听清、是否被正确处理", "weight": 0.10, "derived_from": "由安全感欲 经 重要来电有漏接/误接风险 的情境事件 衍生"},
    {"code": "N11_归属群体", "context_slot": "把内容发到 hearing discussion 板块", "weight": 0.10, "derived_from": "由归属欲 经 面向听力相关社群发帖 的情境事件 衍生"},
    {"code": "N13_情感慰藉", "context_slot": "作为照护子女,把长期观察以文字托出,期待被读懂", "weight": 0.10, "derived_from": "由摆脱欲/确认欲 共同经 长期无人共情的旁观者位置 的情境事件 衍生"},
    {"code": "N12_情感联结", "context_slot": "为母亲重新能自己讲完一通电话,感到关系中的依赖被松绑", "weight": 0.10, "derived_from": "由安全感欲/向往欲 经 母亲不再需要把听筒交给我 的情境事件 衍生"},
    {"code": "N04_理解世界", "context_slot": "想让人理解'电话里没有脸、没有嘴、没有一个房间可以指'的失聪体验", "weight": 0.05, "derived_from": "由确认欲 经 把不可见的感知差异具象化 的情境事件 衍生"}
  ],
  "appraisal": {
    "goal_relevance": 0.90,
    "congruence_direction": "促进",
    "need_status": "已满足",
    "goal_congruence": "正",
    "coping_potential": "高",
    "note": "母亲处境与作者多线目标高度相关(goal_relevance 高);叙事以'助听器→母亲独立'作为已发生的解决(direction=促进);作者当下已能观察到母亲重获自理(need_status=已满足,不是悬置焦虑);二阶派生=正;且解决路径明确、可复现(助听器),不构成残余威胁→应对潜能高。正向且高应对的评价组合,直接导出 relief/gratitude 主导,而不是 fear/anger。"
  },
  "emotion_layer": {
    "distribution": {
      "admiration钦佩": 0.10,
      "joy喜悦": 0.05,
      "gratitude感激": 0.20,
      "desire渴望": 0.0,
      "nostalgia怀旧": 0.10,
      "pride自豪": 0.0,
      "love爱": 0.10,
      "relief宽慰": 0.30,
      "approval认同": 0.15,
      "curiosity好奇": 0.0,
      "fear恐惧": 0.0,
      "sadness悲伤": 0.0,
      "anger愤怒": 0.0
    },
    "note": "由'需求×goal_congruence=正'派生:① relief宽慰 最重——长期照护的不确定性(N01)+母亲失能(N02/N06)在'不再把听筒给我'这句上明确落地,是最典型的悬置解除;② gratitude感激——把转折归因于助听器这一外因;③ approval认同——以细节自证决策正确,本质是自我背书;④ love爱——反复观察母亲手势/眉毛/语调,带体温的注视;⑤ admiration钦佩——母亲从失能到重握电话的适应性;⑥ nostalgia怀旧——过去时+文学化描述('a face, a mouth, or a room to point at objects'),呈现回忆语调;⑦ joy微量——是 relief 的次级伴随。fear/sadness/anger 都被正向闭环结构压住,未显现。"
  },
  "action_tendency_layer": {
    "distribution": {
      "approach趋近": 0.40,
      "avoidance回避": 0.0,
      "attend关注": 0.40,
      "reject拒斥": 0.0,
      "agonistic对抗": 0.10,
      "interrupt中断": 0.0,
      "dominate支配": 0.10
    }
  },
  "chain_trace": "摆脱欲 →(情境:母亲听力下降,电话变成无脸无嘴无房间的声音,机构来电必须转交给作者)→ 需求 N06_摆脱痛苦(主) + N02_掌控局面 + N10_自我确认 →(评价:goal_relevance=0.90、direction=促进、need_status=已满足、goal_congruence=正、coping_potential=高)→ 情绪 relief宽慰(主) + gratitude感激 + approval认同 + love爱 → 行动倾向 attend关注(把母亲每个动作写下来)+ approach趋近(发到 hearing discussion 寻求被读懂与同类归属)+ dominate(以这段叙事为助听器决定站台) 的完整推导链。"
  "evidence": {
    "desire": "'After my mother began losing hearing, phone calls at her apartment followed a new routine' (痛苦状态起点); 'She handed the phone to me when a clinic or bank called' (依赖与控制丧失); 'wrote down messages from the voicemail later' (失能、被隔离); 'Once she received hearing aids' (摆脱/确认的事件触发)",
    "need": "N06: 'watched the speaker's hands and eyebrows, and replied after each pause'; N02: 'ended conversations without passing the receiver to me'; N01: 'clinic or bank called'; N10: 整段 before/after 对照本身就是'我做对了决定'的论证; N11: 发在 hearing discussion; N04: 'The caller's voice came through the receiver without a face, a mouth, or a room to point at objects' (把不可见体验具象化)",
    "emotion": "relief: 'ended conversations without passing the receiver to me' (悬置解除的关键句); gratitude: 'Once she received hearing aids, she answered calls at the kitchen counter'; nostalgia/love: 整段以过去时、对母亲手势与眉毛的细致注视展开; approval: before/after 的对照结构即自我背书",
    "action": "attend: 详尽描写每次动作('placed the handset down, let the ring stop'); approach: 整段作为发帖文本即趋近受众、寻求归属; dominate: 用文学化排比把'助听器有用'的叙事钉死,带轻度说服/站台意味"
  }
}
```

===== 2026-08-20 01:39:22 knot_s1_T0.0 =====
The user wants me to analyze a piece of text. Let me read it carefully.

The text is:
"I sit at a desk with a headset and a keyboard. A captioning program opens on my monitor when a call comes in. I read the words that appear beneath the caller's number, type responses into a chat window, and press the mute button before speaking. A second monitor shows the queue of incoming calls. I transfer some calls to a relay operator, record the details in a spreadsheet, and send a transcript to the person who requested the call. After the office supplied an amplified handset and a flashing light for ring alerts, I answer the line, adjust the volume with a dial, and remain on the call until the caller hangs up."

This is a description of a job - specifically, this person appears to be working as a captioned telephone relay operator (for the deaf/hard of hearing). They're describing their work routine in a very detached, procedural way.

The platform is "reddit hearing discussion" - this seems to be from a hearing person describing a relay/captioning service job, or it could be a captioned telephone service.

Wait, let me re-read. The text describes someone who:
- Sits at a desk with headset and keyboard
- A captioning program opens when a call comes in
- They read words that appear beneath the caller's number
- They type responses into a chat window
- They press mute before speaking
- A second monitor shows queue of incoming calls
- They transfer some calls to a relay operator
- They record details in a spreadsheet
- They send a transcript to the person who requested the call
- The office supplied an amplified handset and flashing light for ring alerts
- They answer the line, adjust volume with a dial
- They remain on the call until the caller hangs up

This sounds like a Video Relay Service (VRS) or similar captioning service operator. The mention of "captioning program," "relay operator," and "transcript to the person who requested the call" suggests they're an operator who handles captioned phone calls.

The context "reddit hearing discussion" suggests this is posted in a hearing-focused subreddit, perhaps to help hearing people understand what it's like or what these services involve.

Now, is this a personal expression? It does read like a description of one's own work - using "I" throughout. The person is describing their own job routine. So it is a personal expression, describing one's own work life.

The note says: "若这段内容确实是某一个人写下的自我表达，请对『写下这段内容的这一个人』反推其心理因果链四层占比分布"

So yes, this is personal expression. I need to infer the psychological causal chain of the person who wrote this.

Let me think about the psychology here:

The text is very procedural, detached, matter-of-fact. The person describes their work routine in a dry, almost mechanical way. There are some interesting elements:
- The mention of "amplified handset and a flashing light for ring alerts" - this is an accommodation. The person may have hearing loss themselves, or they're describing accommodations that their workplace provides.
- The mention of being a "relay operator" or "captioning" - this is a service for deaf/hard of hearing.

Wait, actually re-reading: "I read the words that appear beneath the caller's number" - this suggests the person is reading captions (the caller's speech is being captioned). And "type responses into a chat window" - they type their responses. "press the mute button before speaking" - they speak to the caller.

So this is a captioned telephone service where:
- The hearing caller calls
- Their speech is captioned (probably by an automatic captioning system)
- The operator (this person) reads the captions
- The operator types their responses which are converted to voice
- Or alternatively, they speak and it goes through

Actually, this might be a relay service. "I transfer some calls to a relay operator" - so they handle some calls directly, and transfer others to a relay operator (who would do sign language interpretation?).

Hmm, "send a transcript to the person who requested the call" - so they're a transcription service? They caption calls and send transcripts?

Let me think about this more carefully. Actually, this could be:
- A captioned telephone (CapTel) service operator
- The caller is hearing impaired
- A captioning program transcribes the other party's speech
- The operator types responses or speaks them
- The transcripts are saved and sent to the user

The mention of "amplified handset and flashing light" suggests the operator might also have hearing issues, or these are general accommodations for hearing impaired users.

Given the context "reddit hearing discussion" - this person is likely describing a service they provide or use, possibly to a hearing audience to explain how it works.

Now for the psychological analysis:

The tone is very flat, procedural. There's no emotional expression. The person seems to be documenting their routine.

**Desire layer:**
- This is describing one's work. The person might want:
  - 控制欲 (Control): They want to be in control of the calls, manage the queue, follow procedures
  - 安全感欲 (Safety): They have a stable job with accommodations
  - 确认欲 (Confirmation): Perhaps wanting to confirm that their work is valid/important
  - 归属欲 (Belonging): Being part of the deaf/hearing community

Actually, looking at the content more carefully - this is a worker describing their daily routine in a way that feels almost like a complaint about monotony, OR an explanation to others about what they do. The very flatness suggests:
- Possible lack of emotional engagement
- Routine/automation
- Possibly a way to process or share the experience

The procedural nature could indicate:
- A need to organize/make sense of experience
- Perhaps sharing to help others understand
- Possibly revealing the somewhat alienating nature of such work

Let me think about what the writer wants by writing this:
- They might want understanding/recognition (确认欲)
- They might want to belong to the deaf/hearing community (归属欲)
- They might want some control or at least clarity in their life (控制欲)
- They might want to be seen/understood (情感联结)

Given the procedural, somewhat impersonal tone, I think the dominant desires are:
- 控制欲: need for control, routine, order
- 安全感欲: stability, predictability
- 确认欲: wanting to be understood/validated
- 归属欲: belonging to a community (deaf/HoH or service providers)

**Need layer:**
- N10_自我确认: confirming their work/identity
- N11_归属群体: belonging to the deaf community or hearing loss community
- N12_情感联结: connecting with others through sharing
- N03_提升能力: skill mastery (captioning, typing, etc.)
- N15_放松休憩: this is work, but the routine nature might suggest need for rhythm

Hmm, the most likely needs:
- N10_自我确认 (writing this to be seen/understood)
- N11_归属群体 (relating to the hearing/deaf community)
- N03_提升能力 (showing competence in their work)

**Appraisal layer:**
- goal_relevance: medium-high (this is about their daily life)
- congruence_direction: 中性 (the content is descriptive, neither helping nor threatening)
- need_status: 未满足 (the act of writing suggests unmet needs to be understood)
- goal_congruence: 负 (slight negative - the unfulfilled need is being expressed)
- coping_potential: 中 (they can cope, they have a job, but the need for recognition is what drives the writing)

Wait, but the content itself is very neutral/flat. The appraisal might be different. Let me reconsider.

Actually, the content is just a description. The act of posting this to Reddit suggests some desire to share. But the tone is very flat. This could be:
- A way to make the abstract concrete
- A way to find others who understand
- A way to process their own experience
- A way to educate others

The flatness could indicate emotional suppression or simply a documentary style.

For the writer's psychological state, I think:
- They've written this somewhat matter-of-factly
- The procedural nature suggests a need for control/order
- The fact that they share it suggests desire for connection
- The mention of accommodations (amplified handset, flashing light) might subtly hint at their own hearing status, suggesting identity/归属

**Emotion layer:**
- The flat tone suggests low emotional intensity
- Possible emotions: relief (relief宽慰) - having a stable job; approval认同 - identifying with their work
- Some curiosity好奇 might be present
- Sadness悲伤 - if there's something missing

Given the procedural, somewhat detached nature, I think the emotions are muted. The dominant ones might be:
- approval认同: identifying with their role
- relief宽慰: having structure and a job
- admiration钦佩: perhaps admiring their own competence
- curiosity好奇: about the work/process

Or alternatively, if we read it as a person finding their work somewhat isolating:
- sadness悲伤: slight isolation
- relief宽慰: having routine
- approval认同: work identity

**Action tendency layer:**
- attend关注: describing their work in detail
- approach趋近: sharing the experience
- The procedural nature suggests maintaining order/routine

Let me now structure my response.

Looking at this more carefully, the text reads like a personal essay describing a job (likely a VRS or CapTel operator). The writer is sharing this to:
1. Explain their work
2. Possibly find connection with others
3. Document their routine

The mention of "amplified handset and a flashing light for ring alerts" is interesting - this sounds like a deaf/hard of hearing person working in a captioned telephone service. They might be a deaf person who works in a relay service.

For the analysis:

**Desire layer:**
- 归属欲: 0.30 (finding/belonging to the hearing loss/deaf community)
- 控制欲: 0.25 (managing calls, routine, order)
- 确认欲: 0.20 (wanting to be seen/understood)
- 安全感欲: 0.15 (stable job, accommodations)
- 拥有欲: 0.05 (having the equipment, job)
- 成为欲: 0.05 (being a competent worker)
- 摆脱欲: 0.0
- 超越欲: 0.0
- 向往欲: 0.0

**Need layer:**
- N11_归属群体: 0.30 (belonging to the hearing loss community or service workers)
- N10_自我确认: 0.25 (wanting to be understood/validated)
- N02_掌控局面: 0.20 (managing calls, queue, equipment)
- N08_提升形象: 0.10 (being seen as a capable worker)
- N12_情感联结: 0.10 (sharing the experience)
- N03_提升能力: 0.05 (mastering the work)

**Appraisal:**
- goal_relevance: 0.7
- congruence_direction: 中性 (descriptive content)
- need_status: 未满足 (writing to be understood)
- goal_congruence: 负 (slightly negative, need unmet)
- coping_potential: 中

Hmm, but actually let me reconsider. The text is so flat and procedural. Is there really an unmet need? The person might just be sharing information. Let me think about this differently.

If the person is sharing this on Reddit, the act of sharing suggests some need. The content itself is purely descriptive. The appraisal might be:
- goal_relevance: 0.5 (the content itself is not particularly emotionally relevant)
- congruence_direction: 中性 (the content is descriptive, neither helping nor threatening)
- need_status: 已满足 (by writing this, they get to organize/document their experience)
- goal_congruence: 正 (slightly positive - the act of writing is satisfying)
- coping_potential: 中

Actually, I think the content is more about a worker describing their routine. The motivation is unclear. Let me consider it from the perspective that this is a worker documenting their routine, perhaps because:
1. They find it meaningful to articulate
2. They want to share with the hearing community
3. They're processing the experience

The flat tone suggests this is somewhat of a routine task. The person is calmly describing their work.

Let me revise:

**Desire layer:**
- 归属欲: 0.25 (belonging to a community - hearing loss or service workers)
- 控制欲: 0.25 (managing calls, having control over the process)
- 确认欲: 0.20 (wanting to confirm/validate their work experience)
- 安全感欲: 0.15 (stable work, accommodations)
- 成为欲: 0.10 (being a competent operator)
- 拥有欲: 0.05 (having the equipment/job)
- Others: 0.0

**Need layer:**
- N11_归属群体: 0.25
- N02_掌控局面: 0.20
- N10_自我确认: 0.20
- N03_提升能力: 0.15
- N12_情感联结: 0.10
- N15_放松休憩: 0.10 (the routine might be calming)

**Appraisal:**
- goal_relevance: 0.5
- congruence_direction: 中性
- need_status: 已满足 (the act of writing provides some satisfaction)
- goal_congruence: 正
- coping_potential: 中-高

**Emotion layer:**
- approval认同: 0.25 (identifying with their work)
- relief宽慰: 0.20 (stable routine)
- admiration钦佩: 0.15 (slight self-admiration at competence)
- curiosity好奇: 0.10 (about the work/process)
- joy喜悦: 0.10 (slight satisfaction)
- gratitude感激: 0.10 (for accommodations)
- love爱: 0.05
- nostalgia怀旧: 0.05
- Others: 0.0

**Action tendency layer:**
- attend关注: 0.40 (detailed description, attention to process)
- approach趋近: 0.30 (sharing the experience)
- dominate支配: 0.15 (controlling the calls)
- Others: 0.15 (interrupt中断 for transferring calls, etc.)

Hmm, let me think about this more carefully. The text is purely descriptive and very flat. The writer is describing their job routine in a detached way. This is the kind of writing that someone might do when:
- They're feeling somewhat alienated from the work
- They want to process/document the experience
- They want to share with others
- They're just sharing information

Looking at the text again:
- "I sit at a desk with a headset and a keyboard" - work setup
- "A captioning program opens on my monitor when a call comes in" - work process
- "I read the words that appear beneath the caller's number" - reading captions (suggesting they may have hearing issues)
- "type responses into a chat window" - typing
- "press the mute button before speaking" - speaking
- "A second monitor shows the queue of incoming calls" - managing queue
- "I transfer some calls to a relay operator" - transferring
- "record the details in a spreadsheet" - documenting
- "send a transcript to the person who requested the call" - serving customer
- "After the office supplied an amplified handset and a flashing light for ring alerts" - accommodations (hints at hearing issues)
- "I answer the line, adjust the volume with a dial" - adjusting
- "remain on the call until the caller hangs up" - completing

This is detailed, procedural documentation. The writer is clearly competent and methodical. The mention of accommodations suggests they themselves might be deaf or hard of hearing (otherwise why mention these specific accommodations?).

Now for the psychological analysis:

The act of writing this and posting to Reddit suggests:
- Some need to be seen/understood
- Possibly some need to share their experience
- Possibly some interest in being validated

The content itself is flat, suggesting:
- Emotional distance or regulation
- Routine/mundane experience
- Documentation style

I think my analysis is on the right track. Let me refine.

Given the procedural nature and the "hearing discussion" context, I think the writer is:
- A deaf/HoH person working in a captioned telephone service
- Sharing their experience with a hearing audience (perhaps to bridge the gap)
- Or sharing with peers in the community

The fact that they mention accommodations specifically (amplified handset, flashing light) might be:
- Showing that they have a hearing impairment themselves
- Explaining what accommodations are needed
- Highlighting how the workplace has supported them

Given the context of "reddit hearing discussion" - this is likely a hearing-focused subreddit, suggesting the writer might be sharing with hearing people to help them understand.

Now, what would motivate someone to share their work routine in such detail on Reddit?
- Wanting to be understood
- Wanting to belong to a community
- Wanting to validate their work
- Wanting to inform/educate
- Wanting to document

Let me finalize my analysis:

**Desire layer (final):**
- 归属欲: 0.25 - wanting to belong (likely to hearing loss community or hearing community)
- 控制欲: 0.20 - managing the calls, having control
- 确认欲: 0.20 - wanting to be understood/validated
- 安全感欲: 0.15 - stable job, accommodations
- 成为欲: 0.10 - being a competent worker
- 拥有欲: 0.05 - having the job/equipment
- 摆脱欲: 0.05 - escape from isolation through writing
- Others: 0.0

Actually, I realize I should be more careful here. The text is very neutral, and the writer is describing a routine job. Let me think about whether they might be expressing any deeper emotions or if this is just matter-of-fact description.

The text feels like it could be from someone who is:
1. New to the job and trying to articulate what they do
2. Processing the experience
3. Sharing to help others understand
4. Just documenting

Given the very flat, procedural style, the emotions are likely muted. But there must be some motivation for sharing this.

I'll go with my analysis. Let me draft the JSON now.

Actually, I want to think more about this. The line "After the office supplied an amplified handset and a flashing light for ring alerts" is interesting. This could be:
- The user themselves is deaf/HoH and uses these accommodations
- These are accommodations provided to all operators

The fact that this is the only "human" moment in the text (acknowledging the office supplying equipment) suggests there's a story here. The writer might be subtly highlighting that they themselves benefit from these accommodations.

If the writer is deaf/HoH working in this field, their psychological state might involve:
- 归属欲: strong sense of belonging to the deaf/HoH community
- 确认欲: wanting hearing people to understand their experience
- 安全感欲: stable job with accommodations
- 控制欲: managing their work

OK, let me finalize. I'll structure my response now.

Let me also consider: the "causal chain" needs to flow logically:
desire → (情境事件) → need → (评价) → emotion → action tendency → behavior/words

So for example:
归属欲 → (working in captioned telephone service, observing own routine) → N11_归属群体 → (评价: 中性, 已满足 by writing) → approval认同 → attend关注 → posting to Reddit

Or:
确认欲 → (sharing on Reddit) → N10_自我确认 → (评价: 中性, 未满足) → sadness悲伤 or fear恐惧 → approach趋近 → writing the post

Let me think about which interpretation is best.

The content is neutral/已满足 by writing - the act of writing provides some satisfaction. The reader is calmly documenting their routine, perhaps to feel a sense of order or to be understood.

Let me go with:
- Dominant: 归属欲 → N11_归属群体 → approval认同 → attend关注
- Secondary: 控制欲 → N02_掌控局面 → relief宽慰 → dominate支配
- Tertiary: 确认欲 → N10_自我确认 → approval认同 → approach趋近

Final distribution:

**Desire layer:**
- 归属欲: 0.30
- 控制欲: 0.25
- 确认欲: 0.20
- 安全感欲: 0.15
- 成为欲: 0.05
- 拥有欲: 0.05
- 摆脱欲: 0.0
- 超越欲: 0.0
- 向往欲: 0.0

**Need layer:**
- N11_归属群体: 0.25
- N02_掌控局面: 0.20
- N10_自我确认: 0.20
- N03_提升能力: 0.15
- N12_情感联结: 0.10
- N15_放松休憩: 0.10

**Appraisal:**
- goal_relevance: 0.6
- congruence_direction: 中性
- need_status: 已满足 (by writing)
- goal_congruence: 正
- coping_potential: 中

**Emotion layer:**
- approval认同: 0.30 (identifying with the work, the role)
- relief宽慰: 0.25 (stable routine, accommodations)
- curiosity好奇: 0.15 (about the work)
- admiration钦佩: 0.10 (slight self-admiration)
- gratitude感激: 0.10 (for accommodations)
- joy喜悦: 0.05
- love爱: 0.05
- Others: 0.0

**Action tendency layer:**
- attend关注: 0.40
- approach趋近: 0.25
- dominate支配: 0.20
- interrupt中断: 0.10 (transferring calls)
- Others: 0.05

Now let me put this together with the chain trace and evidence.

Actually, wait. Let me re-read the instructions:

"欲望9类定义（触发视角：看完这条内容观众想要什么）"

Hmm, this is from the audience's perspective. "After watching/reading this content, what do viewers want?" So this is about the audience, not the writer.

But then the note says: "若这段内容确实是某一个人写下的自我表达，请对『写下这段内容的这一个人』反推其心理因果链四层占比分布——这是一个个体，不是群体。"

So for personal expression, we analyze the writer. OK, so my analysis is for the writer.

Let me proceed.

For the chain trace, I need to show:
欲望X →(情境Y)→ 需求Z →(评价:direction/need_status/congruence正负,coping)→ 情绪W → 行动倾向V

Let me draft:
"归属欲 →(在 captioning 工作台前观察到自身的标准作业流程)→ N11_归属群体 →(评价：中性, 已满足(写出来即归位), 正, coping中)→ approval认同 → attend关注(详尽描述步骤) 的完整推导"

Hmm, this is for the dominant path. Let me think about how to handle multiple layers.

Maybe the chain_trace can show the primary path, with the distribution showing the weighted mixture.

Let me write it:
"归属欲主导 → 在captioning工作台观察到自身作业流程的孤独片段 → 衍生N11_归属群体需求(想找到同类、确认我是这群人中的一员) → 评价：内容中性(对需求促进有限)、写出来这一刻部分已满足、goal_congruence正、coping_potential中 → 触发approval认同与relief宽慰(确认自己属于这个工作场景) → 行动倾向attend关注(将工作步骤逐条详细记录下来)"

This seems reasonable.

Now for evidence, I need to pull specific words:
- desire (归属欲): "captioning program", "relay operator", "transcript" (community-related terms)
- need (N11_归属群体): "relay operator", "the person who requested the call" (interaction with community)
- emotion (approval认同): "I read the words", "I transfer", "I record" (actions showing competence/identity)
- action (attend关注): "I sit at a desk with a headset and a keyboard. A captioning program opens on my monitor..." (detailed step-by-step description)

Let me finalize my JSON.

Actually, I want to reconsider the appraisal more carefully. The content is purely descriptive. The "needs" being met is through the act of writing. Let me think about it this way:

The writer wrote this to:
1. Process/document their experience
2. Share with others
3. Find connection

So the content is descriptive (中性 for content's own congruence), but the act of writing provides some satisfaction (已满足).

Actually, on further thought, the appraisal should be about how the content relates to the writer's needs. If the content is just describing their routine, the content itself doesn't help or threaten their needs. But the act of writing about it (the behavior) does provide some satisfaction.

For appraisal, I'll say:
- goal_relevance: 0.5 (the content is relevant to their life but not emotionally intense)
- congruence_direction: 中性 (the content is descriptive, neither helping nor threatening)
- need_status: 已满足 (by writing, they achieve some sense of organization/validation)
- goal_congruence: 正 (slight positive - the act of writing is satisfying)
- coping_potential: 中 (they can cope, they have a job, but need recognition/connection)

OK let me finalize.

Actually, I realize the "appraisal" should be evaluated for the specific need being analyzed, not in general. Since I'm doing a weighted distribution of needs, I need to think about this more carefully.

But the JSON structure has appraisal as a single value, so I'll use the dominant/most relevant appraisal.

Let me go with the dominant need being N11_归属群体:
- goal_relevance: 0.6
- congruence_direction: 中性
- need_status: 未满足 (the writing doesn't fully satisfy the need for belonging)
- goal_congruence: 负 (slight negative - the need is being expressed but not fully met)
- coping_potential: 中

Wait, if the goal_congruence is negative, then the emotions should be negative (sadness, fear, etc.). But the content feels neutral/slightly positive. Let me reconsider.

Maybe:
- need_status: 已满足 (the act of writing does provide some satisfaction)
- goal_congruence: 正 (slight positive)
- coping_potential: 中-高

This leads to:
- approval认同 (positive identification with role)
- relief宽慰 (stable work life)
- gratitude感激 (for accommodations)

This makes more sense given the calm, procedural tone of the text.

Let me also think about whether the dominant need is really N11_归属群体. The text is very individual-focused - it's about "I" doing things. There's no explicit mention of community or finding similar people. The mention of "the person who requested the call" is just a customer reference.

Maybe the dominant need is actually N02_掌控局面 - the writer is describing how they manage and control the calls. This is a control-focused description.

Or N10_自我确认 - the writer is documenting what they do, perhaps to confirm their own work/role.

Or N03_提升能力 - showing their competence in handling calls.

Hmm, let me think again. The flat, procedural style of the text might suggest that the writer is:
- Detached from the work
- Documenting as a way to process
- Sharing to connect

The dominant motivation could be control (managing calls), competence (showing skill), or connection (sharing with others).

I think the most likely dominant needs are:
- N02_掌控局面 (managing the workflow)
- N03_提升能力 (showing competence)
- N10_自我确认 (validating their work)
- N11_归属群体 (finding connection)

Let me distribute:
- N02_掌控局面: 0.30
- N03_提升能力: 0.20
- N10_自我确认: 0.20
- N11_归属群体: 0.15
- N12_情感联结: 0.10
- N15_放松休憩: 0.05

And desires:
- 控制欲: 0.30
- 确认欲: 0.25
- 成为欲: 0.20
- 归属欲: 0.15
- 安全感欲: 0.10
- Others: 0.0

For the appraisal (focused on dominant need N02_掌控局面):
- goal_relevance: 0.7 (the content is highly relevant to the work)
- congruence_direction: 促进 (the content describes control over work)
- need_status: 已满足 (the description itself confirms control)
- goal_congruence: 正
- coping_potential: 高 (they can manage the calls)

This leads to emotions like:
- relief宽慰 (control over the situation)
- approval认同 (identifying with their competent role)
- pride自豪 (pride in their competence)
- admiration钦佩 (perhaps self-admiration)

Emotion distribution:
- approval认同: 0.25
- relief宽慰: 0.25
- pride自豪: 0.20
- admiration钦佩: 0.15
- joy喜悦: 0.10
- gratitude感激: 0.05
- Others: 0.0

Action tendency:
- dominate支配: 0.35
- attend关注: 0.30
- approach趋近: 0.20
- interrupt中断: 0.10 (transferring calls)
- Others: 0.05

This feels more consistent. Let me go with this.

Actually, looking at the text again, I want to reconsider. The mention of "After the office supplied an amplified handset and a flashing light for ring alerts" is a notable detail. It suggests:
- The writer might be deaf/HoH themselves
- Or they're highlighting accommodations for the workplace
- This could relate to identity/belonging

The "amplified handset" and "flashing light" are accommodations for hearing impaired people. If the writer themselves uses these, they are likely deaf/HoH.

This adds weight to:
- 归属欲 (belonging to the deaf/HoH community)
- 确认欲 (wanting to be seen as a competent deaf worker)
- 安全感欲 (stable accommodations)

Hmm, but the text is still about a worker describing their job. Let me stick with my analysis.

Let me finalize:

**Desire layer:**
- 控制欲: 0.25
- 确认欲: 0.20
- 成为欲: 0.15
- 归属欲: 0.15
- 安全感欲: 0.15
- 拥有欲: 0.05
- 摆脱欲: 0.05
- Others: 0.0

**Need layer:**
- N02_掌控局面: 0.25
- N03_提升能力: 0.20
- N10_自我确认: 0.20
- N11_归属群体: 0.15
- N12_情感联结: 0.10
- N15_放松休憩: 0.10

**Appraisal:**
- goal_relevance: 0.65
- congruence_direction: 促进
- need_status: 已满足
- goal_congruence: 正
- coping_potential: 中-高

**Emotion layer:**
- approval认同: 0.25
- relief宽慰: 0.20
- pride自豪: 0.15
- admiration钦佩: 0.15
- joy喜悦: 0.10
- gratitude感激: 0.10
- curiosity好奇: 0.05

**Action tendency layer:**
- dominate支配: 0.30
- attend关注: 0.30
- approach趋近: 0.20
- interrupt中断: 0.15
- Others: 0.05

OK I'll go with this. Let me write the JSON.

Wait, the structure says: "appraisal" is one block, so it represents the overall appraisal, not specific to one need. Let me make sure the appraisal values are consistent with the dominant emotional outcome.

If the appraisal is "促进 + 已满足 + 正 + coping中-高", then the emotions should be positive (approval, relief, pride, admiration, joy, gratitude). This is consistent with my emotion distribution.

OK finalizing now.

For the chain_trace, I need to show the full chain for the dominant path:
"控制欲 → (在captioning工作台前观察到自身可控制的工作流程) → N02_掌控局面 → (评价：促进, 已满足, 正, coping中-高) → approval认同+relief宽慰 → dominate支配+attend关注的详细步骤记录"

This shows the dominant path. The other layers are weighted contributions.

Now let me put it all together.

Actually, let me reconsider one more time. The text is unusually flat and procedural. It could be:
1. A worker documenting their routine (calm, routine)
2. A worker sharing their experience (with some need to connect)
3. A worker providing information to others (educational)

The context "reddit hearing discussion" suggests this is shared in a hearing-focused community. The writer might be:
- A deaf/HoH person sharing their work experience
- A hearing person describing a service they provide
- An educator describing a service

The mention of accommodations (amplified handset, flashing light) leans toward the writer being deaf/HoH themselves, or describing accommodations provided in the workplace.

If the writer is deaf/HoH, their psychology might involve:
- Strong sense of belonging to deaf/HoH community
- Wanting to be understood by hearing people
- Pride in their work
- Possibly some isolation

If the writer is hearing, their psychology might involve:
- Work routine documentation
- Possible interest in accessibility
- Just sharing their work

Given the context "reddit hearing discussion" (which could mean a hearing subreddit or a discussion about hearing), I'll go with the interpretation that the writer might be deaf/HoH and sharing with a broader audience.

But for the analysis, the key is what the text reveals about the writer's psychology. The text is flat and procedural, suggesting:
- Routine/control orientation
- Some need for documentation/processing
- Some need for connection (otherwise why share?)

OK final analysis:

**Desire layer:**
- 控制欲: 0.25
- 确认欲: 0.20
- 成为欲: 0.15
- 归属欲: 0.15
- 安全感欲: 0.10
- 拥有欲: 0.05
- 摆脱欲: 0.05
- 超越欲: 0.05
- 向往欲: 0.0

**Need layer:**
- N02_掌控局面: 0.25
- N10_自我确认: 0.20
- N03_提升能力: 0.15
- N11_归属群体: 0.15
- N12_情感联结: 0.10
- N15_放松休憩: 0.10
- N08_提升形象: 0.05

**Appraisal:**
- goal_relevance: 0.65
- congruence_direction: 促进
- need_status: 已满足
- goal_congruence: 正
- coping_potential: 中

**Emotion layer:**
- approval认同: 0.25
- relief宽慰: 0.20
- pride自豪: 0.15
- admiration钦佩: 0.10
- joy喜悦: 0.10
- gratitude感激: 0.10
- curiosity好奇: 0.05
- love爱: 0.05

**Action tendency layer:**
- attend关注: 0.35
- dominate支配: 0.25
- approach趋近: 0.20
- interrupt中断: 0.10
- Others: 0.10

OK let me write the final JSON.

For evidence, I need to pick specific words/phrases:
- desire: For 控制欲, words like "transfer some calls", "record the details", "send a transcript" show control. For 归属欲, "captioning program", "relay operator", "the person who requested the call" show community-related work.
- need: For N02_掌控局面, "I transfer some calls to a relay operator, record the details in a spreadsheet, and send a transcript" shows managing the workflow. For N11_归属群体, "the person who requested the call" shows the connection to a community of users.
- emotion: For approval认同, "I answer the line, adjust the volume with a dial" shows competent action. For relief宽慰, "After the office supplied an amplified handset and a flashing light" shows accommodation.
- action: For attend关注, the

===== 2026-08-20 01:42:10 knot_s1_T0.3 =====
Let me carefully analyze this content. It's a piece of text that reads like a short story or vignette, not a personal expression in the traditional sense. Let me look at it more carefully.

The content describes:
- A receptionist slides a clipboard with a form that only lists "general barotrauma" but omits "sensorineural hearing loss"
- Someone signs it
- No one asks about stitches from last week's abdominal surgery or checks medication list
- The person enters a hyperbaric chamber
- Pressure increases, air grows dense
- A high-pitched tone begins in the left ear
- In the adjacent waiting room, another person searches "Oxygen Health Systems"
- The search results show proper pre-session screening protocols
- The heavy steel door stays shut

This is written in third person, present tense narration. It's not a personal "I" expression. It reads like a piece of narrative fiction or a cautionary vignette designed to provoke thought in the reader.

Now, the instruction says: "若这段内容确实是某一个人写下的自我表达，请对『写下这段内容的这一个人』反推其心理因果链四层占比分布——这是一个个体，不是群体。"

And: "若它**不是个人表达**（例如纯数据表、条款样板、说明书、操作步骤、代码、目录、日志），请在 JSON 顶层返回 "no_inferable_subject": true 并说明理由，**不要为它构造一个人**。"

But the original framing says "对以下内容做「因果链逆问题」拆解：从可观测话语/评论，反推观众心理完整因果链"

So the analysis is about the audience/reader of this content, not the author. The content is positioned for a Reddit "hearing discussion" multi-base calibration panel. The audience is Reddit users reading this story.

So this is NOT a personal expression by the writer - it's content designed for a Reddit discussion. The "subject" we should analyze is the audience reading it, or the inferred person whose experience is being described in the story (the person entering the chamber).

Actually, re-reading the prompt: "你是爆款内容心理拆解专家。对以下内容做「因果链逆问题」拆解：从可观测话语/评论，反推观众心理完整因果链"

The audience is the reader/viewer of this content. The content itself depicts a scenario - someone entering a hyperbaric chamber without proper screening, experiencing hearing issues, while someone else in the waiting room searches for the proper protocols.

The implied subject/protagonist is the person in the chamber. But we're analyzing the audience's psychological response to reading this.

Let me think about the audience reaction:
- A person reads this scene
- They feel anxiety/fear because the situation is dangerous
- The situation depicts medical negligence
- The "high-pitched tone" in the ear is a sign of potential sensorineural hearing loss
- No one checked contraindications
- The contrast between what the protagonist experienced and what the proper protocols (Eustachian tube checks, surgery screening) should have been creates a sense of injustice and fear

Audience psychology:
- Desire: Safety (avoid danger), Control (want to know about risks), Escape (want to be free from this scenario)
- Need: Certainty (about safety), Understanding (why this happened), Escape from pain
- Appraisal: Content threatens safety, needs unsatisfied (no resolution shown)
- Emotion: Fear, anger, possibly some curiosity
- Action: Avoidance (avoid hyperbaric chambers without screening), Attend (to learn more), possibly agonistic (against medical negligence)

Let me think about the protagonist implied in the text too. The story depicts a person who:
- Signed a form without being properly informed
- Has stitches from a recent abdominal surgery (a contraindication for hyperbaric chamber)
- Is on medication (also potentially relevant)
- Is now experiencing hearing problems inside the chamber
- The "door stays shut" - they're stuck

This is clearly depicting a dangerous situation. The audience reads this and feels:
- Fear (sensorineural hearing loss is permanent)
- Anger (at the medical facility's negligence)
- Anxiety about medical procedures in general

The format/genre: This reads like literary fiction or a Reddit story (r/legaladvice, r/medical, r/tifu type). It's designed to evoke strong emotional responses.

Now, the question is: should I treat this as a personal expression? The note says "若这段内容确实是某一个人写下的自我表达". This isn't really a personal expression - it's third-person narrative. But it could be a creative writing piece that an individual wrote.

However, the prompt is framed as analyzing the AUDIENCE/READER psychology from the content. So we should be analyzing what viewers/readers would feel.

Let me think about this more carefully. The content is described as a "reddit hearing discussion" piece - so it's posted to Reddit, presumably in a hearing-related discussion. The audience is Reddit users reading this.

Let me design the analysis for the audience:

**Desire Layer:**
- 安全感欲 (Safety desire): Highest - the content depicts a dangerous medical situation
- 控制欲 (Control desire): High - audience wants to control their medical care
- 摆脱欲 (Escape desire): Medium - want to escape dangerous situations like this
- 确认欲 (Confirmation): Some - confirming that proper protocols exist
- Other desires lower

**Need Layer:**
- N01_确定性: Want to know about risks and proper procedures
- N06_摆脱痛苦: Want to escape hearing loss/pain
- N03_提升能力: Want to know how to advocate for proper screening
- N04_理解世界: Want to understand what happened
- N02_掌控局面: Want to take control of medical decisions

**Appraisal Layer:**
- goal_relevance: High (medical safety is directly relevant to everyone)
- congruence_direction: 威胁 (content shows a threat/situation where needs are blocked)
- need_status: 未满足 (content shows threat but no resolution)
- goal_congruence: 负
- coping_potential: 中-高 (audience can take action - research, ask questions, choose different facilities)

**Emotion Layer:**
- fear: High (depicts a scary medical scenario)
- anger: High (depicts medical negligence)
- curiosity: Medium (want to know what happens next)
- sadness: Some (the protagonist is suffering)
- admiration: Low (no hero in the story)

**Action Tendency:**
- avoidance: High (avoid dangerous medical procedures without screening)
- agonistic: Medium (against the negligent facility)
- attend: Medium (pay attention to medical safety)
- approach: Low (not approaching this situation)

Let me now write this out as a JSON. But wait - I need to be careful. The text is third-person narrative. Is it a personal expression? Let me re-read.

"The receptionist slides a clipboard across the counter..."

This is third-person narrative. It could be:
1. A piece of literary fiction
2. A narrative retelling of someone's experience
3. A creative writing piece

The note says if it's personal expression, analyze that individual. If not (data table, template, manual, etc.), return no_inferable_subject.

I think this is more like literary fiction/narrative - not pure data. But it's also not a clear personal "I" expression. It's a story-style narrative that depicts an experience.

Given the platform context (reddit hearing discussion), this is likely:
- A creative writing piece
- A cautionary tale
- A medical horror/thriller vignette

The audience for this would have a psychological response. The "writer" might have written this to express frustration or warning, but the text is third-person.

I'll analyze the AUDIENCE reaction since that's what the prompt asks for ("反推观众心理完整因果链" - reverse-infer the audience's psychological causal chain).

Actually, re-reading once more: "对以下内容做「因果链逆问题」拆解：从可观测话语/评论，反推观众心理完整因果链"

This explicitly says "audience psychology from observable discourse/comments". So the subject is the audience.

Let me structure the answer:

```json
{
  "desire_layer": {
    "distribution": {
      "拥有欲": 0.0,
      "成为欲": 0.0,
      "摆脱欲": 0.30,
      "确认欲": 0.05,
      "超越欲": 0.0,
      "归属欲": 0.0,
      "控制欲": 0.20,
      "安全感欲": 0.40,
      "向往欲": 0.05
    },
    "note": "..."
  },
  ...
}
```

Wait, I need to reconsider. The story depicts a person whose medical safety is at risk. The audience reading this would feel:
- Safety concerns (the protagonist is in danger)
- Desire to escape such situations
- Desire to control their own medical decisions
- Desire for information/certainty

Let me finalize my analysis:

**Desires activated (audience):**
- 安全感欲 (0.40): Want to be safe from medical harm
- 摆脱欲 (0.25): Want to escape dangerous scenarios, including hearing loss
- 控制欲 (0.15): Want to control medical decisions, ask for proper screening
- 确认欲 (0.10): Want to confirm that proper protocols exist and that this was abnormal
- 向往欲 (0.05): Longing for a world where medical care is proper
- Other: 0.05

**Needs (audience response):**
- N01_确定性 (0.30): Want to know the risks, what proper procedures are
- N06_摆脱痛苦 (0.20): Want relief from fear of medical negligence
- N04_理解世界 (0.15): Want to understand how this could happen
- N02_掌控局面 (0.15): Want to take control of their own medical decisions
- N03_提升能力 (0.10): Want to learn how to advocate for proper screening
- N10_自我确认 (0.05): Confirm that this negligence is wrong

**Appraisal:**
- goal_relevance: 0.9 (highly relevant - medical safety affects everyone)
- congruence_direction: "威胁" (content depicts a threat scenario)
- need_status: "未满足" (no resolution, threat remains)
- goal_congruence: "负" (negative)
- coping_potential: "中" (audience can research, ask questions, choose facilities)

**Emotions:**
- fear: 0.40 (high - medical danger, hearing loss)
- anger: 0.30 (high - medical negligence)
- curiosity: 0.15 (what happens next, what are proper protocols)
- sadness: 0.08 (sympathy for protagonist)
- relief: 0.0
- admiration: 0.0
- others: 0.07

**Action Tendencies:**
- avoidance: 0.35 (avoid unscreened medical procedures)
- attend: 0.25 (pay attention to medical safety)
- agonistic: 0.20 (against negligent medical practices)
- interrupt: 0.10 (speak out, share, warn others)
- approach: 0.05
- others: 0.05

Let me now think about the chain trace:

安全感欲 →(情境: 目睹医疗疏漏场景，高压氧舱未做禁忌症筛查)→ 需求N01_确定性 + N06_摆脱痛苦 →(评价: 高相关/威胁/未满足/负应对潜能中)→ 情绪fear+anger → 行动倾向avoidance+agonistic+attend

Let me draft the JSON properly.

Actually, I want to make sure the analysis is correct. Let me re-read the content one more time:

"The receptionist slides a clipboard across the counter. The attached single page lists general barotrauma but omits sensorineural hearing loss. The pen moves across the signature line. The attendant opens the heavy steel door to the hyperbaric chamber and gestures toward the interior. No one asks about the stitches from last week's abdominal operation or checks the current medication list. The pressure increases as the chamber engages. The air grows dense. A high-pitched tone begins in the left ear, overriding the mechanical hiss of the flowing oxygen. In the adjacent waiting room, another person taps a phone screen, typing the words "Oxygen Health Systems" into a search bar. The glowing screen displays pages detailing pre-session Eustachian tube checks, recent surgery screening, and contraindication reviews. The heavy steel door stays shut."

Key elements:
1. Form omits sensorineural hearing loss from risks listed
2. No pre-screening for recent surgery (stitches from last week) or medications
3. The chamber is entered
4. Pressure builds, air dense
5. High-pitched tone in left ear (warning sign of barotrauma/sensorineural damage)
6. Another person searches for proper protocols
7. Door stays shut

The story ends on a cliffhanger - the door is shut, suggesting the protagonist is trapped in the chamber while the damage may be occurring.

This is clearly a cautionary/thriller narrative designed to evoke:
- Fear of medical negligence
- Anger at the system
- Anxiety about hearing loss
- Possibly some satisfaction that the person in the waiting room is doing the right research

For the audience:

Desire: Strongly safety and control. They want to avoid such scenarios and want to control their medical care.

Now let me think about whether this is actually a "personal expression" or not. The format note says:
"若这段内容确实是某一个人写下的自我表达，请对『写下这段内容的这一个人』反推其心理因果链四层占比分布"

This is third-person narrative - not directly a personal "I" expression. But it could be an indirect expression of:
- Frustration with medical systems
- Personal experience (recounted in third person)
- Creative writing to express concerns

The platform is "reddit hearing discussion" - so it's likely posted to a hearing-related subreddit. This could be:
- A personal story being shared (the writer's own or someone they know's experience)
- A piece of creative writing inspired by real events
- A cautionary tale

Given the ambiguity, I think the safer interpretation is that this is content posted on Reddit, and we should analyze the audience reaction. The "audience" here is the readers/commenters of this Reddit post.

Actually, re-reading the prompt: "对以下内容做「因果链逆问题」拆解：从可观测话语/评论，反推观众心理完整因果链"

This is clearly asking for audience analysis. The "可观测话语/评论" is the content. The "观众心理" is what we need to reverse-infer.

OK so the analysis is about the audience. Let me proceed.

But wait - there's also the option to consider the implied protagonist. The protagonist in the story is the one being subjected to this experience. The audience projects/identifies with this protagonist.

I'll analyze the audience's psychological response to reading this content.

Let me also think about the "向往欲" aspect. The text contrasts a "broken" world (where screening doesn't happen) with a "proper" world (where the other person can find the right information). The audience might long for a world where the protagonist in the chamber would have been properly screened - this is a type of "向往欲" but it's a counterfactual longing for proper care.

Actually, I think 向往欲 doesn't fit well here. Let me reduce it.

Final distribution:
- 安全感欲: 0.40
- 摆脱欲: 0.30
- 控制欲: 0.20
- 确认欲: 0.05
- 向往欲: 0.05
- Others: 0.0

Actually let me think about this again. The "观众" (audience) is reading a story about medical negligence. The strongest reactions are:
1. Safety concerns (安全感欲) - "This could happen to me"
2. Wanting to escape/avoid such situations (摆脱欲)
3. Wanting control over medical decisions (控制欲)

For confirmation - the audience might want to confirm that this is abnormal/negligent, not standard practice. This is 确认欲.

For longing - this is more about safety than longing for an aesthetic. So 向往欲 is low.

Let me settle on:
- 安全感欲: 0.40
- 摆脱欲: 0.30
- 控制欲: 0.20
- 确认欲: 0.10
- 向往欲: 0.0
- Others: 0.0

For needs:
- N01_确定性: 0.30 (want to know risks, understand what proper protocols are)
- N06_摆脱痛苦: 0.20 (want relief from anxiety about this scenario)
- N02_掌控局面: 0.20 (want to take control of medical decisions)
- N04_理解世界: 0.10 (want to understand the medical situation)
- N03_提升能力: 0.10 (want to learn how to advocate for proper care)
- N10_自我确认: 0.05 (confirm that this is wrong)
- Others: 0.05

For emotions:
- fear: 0.40
- anger: 0.25
- curiosity: 0.15
- sadness: 0.10
- desire: 0.05
- approval: 0.05 (approving of the person in the waiting room doing research)
- Others: 0.0

For action tendencies:
- avoidance: 0.30
- attend: 0.25
- agonistic: 0.20
- interrupt: 0.15
- approach: 0.05
- reject: 0.05
- dominate: 0.0

Let me draft the JSON now.

Wait, let me re-think. Is this a "personal expression"? The text is written in third person. It's possible the writer is recounting their own experience in third person, or it's creative fiction. The note says:

"注: 若这段内容确实是某一个人写下的自我表达，请对『写下这段内容的这一个人』反推其心理因果链四层占比分布"

If the writer is recounting their own experience, then we should analyze the writer. But the text doesn't have an "I" - it's third person narrative. So it's hard to say it's "personal expression" in the strict sense.

However, given the context (reddit hearing discussion, this seems like a personal recount), it could be a creative retelling of a real experience. In that case, the writer's psychology is the focus.

Let me think about both interpretations:

**If writer is recounting own experience in third person:**
- Desire: Safety (failed - they experienced harm)
- Need: Understanding why this happened, what they can do, escape from pain
- Appraisal: This is a recount of past harm, mixed feelings
- Emotion: Anger, fear, sadness, possibly some relief that they survived
- Action: Share the story to warn others, seek answers

**If this is a creative piece (fiction):**
- The writer wanted to create a cautionary tale
- The audience reads and reacts

I think the most useful interpretation is to analyze the audience - since the prompt explicitly says "观众心理". The writer's psychology is secondary.

OK let me finalize. I'll analyze the audience.

Let me also think about whether the writer is essentially an individual. Since the prompt says "若这段内容确实是某一个人写下的自我表达", and this isn't really an "I" personal expression, but it could be someone's experience rendered in third person, I'm going to treat the implied subject (the protagonist in the story) as the focal point for the audience's reaction.

Actually, looking at this more carefully, the implied subject - the person whose experience is being depicted - is in the story. The audience reacts to this implied subject's experience. The causal chain should reverse-infer the audience's psychology from the text.

Let me proceed with the JSON.

Let me also reconsider - the prompt says the content is from "reddit hearing discussion: 多 base 标定面板". This is for a multi-base calibration panel. So this is content to be used for psychological calibration across different models/analysts. The text is designed to evoke specific psychological responses.

OK let me write the final JSON.

Actually, let me reconsider the desires once more. The content evokes:
- Fear of medical negligence
- Concern about hearing loss
- The protagonist is in danger
- The "other person" doing research is doing the right thing

Audience desires:
1. Safety (most) - 0.35
2. Escape from such scenarios - 0.25
3. Control over their own medical care - 0.20
4. Confirmation that this is negligent - 0.10
5. To be like the "other person" who is informed and researches - this is becoming欲
6. To belong to a community that values safety - 归属欲

Hmm, let me revise:
- 安全感欲: 0.35
- 摆脱欲: 0.25
- 控制欲: 0.20
- 归属欲: 0.10 (community of safety-conscious people)
- 确认欲: 0.05
- 成为欲: 0.05 (want to be like the informed person)
- Others: 0.0

Actually, I think the audience's strongest reactions are around safety and the desire to avoid this scenario. The 归属欲 isn't strong here. Let me reduce it.

Final:
- 安全感欲: 0.40
- 摆脱欲: 0.25
- 控制欲: 0.20
- 确认欲: 0.10
- 成为欲: 0.05
- Others: 0.0

For needs, I want to be more careful. The audience sees a scenario where:
- The protagonist lacks information (the form omits risks)
- The protagonist lacks control (no questions asked)
- The protagonist is in danger (chamber is dangerous)
- The "other person" is doing the right research (suggesting what audience should do)

Audience needs:
- N01_确定性: 0.25 (want to know risks, what to do)
- N02_掌控局面: 0.20 (want control over medical decisions)
- N06_摆脱痛苦: 0.15 (escape from this anxiety)
- N03_提升能力: 0.15 (learn to advocate, do research)
- N04_理解世界: 0.10 (understand the situation)
- N10_自我确认: 0.05 (confirm this is wrong)
- N11_归属群体: 0.05 (community of informed patients)
- N15_放松休憩: 0.05 (calm down from the tension)

For emotions, audience reaction:
- fear: 0.35 (the situation is scary)
- anger: 0.25 (medical negligence is enraging)
- curiosity: 0.15 (what happens next, what are the protocols)
- sadness: 0.10 (for the protagonist)
- admiration: 0.05 (for the "other person" doing research)
- approval: 0.05 (for proper protocols)
- desire: 0.05 (want to be safer)
- Others: 0.0

For action tendencies:
- avoidance: 0.25 (avoid unscreened medical procedures)
- attend: 0.20 (pay attention to medical safety)
- agonistic: 0.20 (against the negligent facility)
- interrupt: 0.15 (speak out, share, warn others)
- approach: 0.10 (approach proper medical care)
- reject: 0.05 (reject negligent practices)
- dominate: 0.05 (take charge of medical decisions)

Let me finalize the JSON.

One more thought - the prompt mentions that this is a "calibration panel" content. This suggests it's designed to elicit strong, specific psychological responses. The text deliberately creates:
- A dangerous scenario (chamber)
- A "victim" protagonist (no screening)
- A "hero" in the waiting room (researching)
- An ominous ending (door stays shut)

The audience is meant to feel:
- Fear
- Anger
- A sense of "I would do better"
- Motivation to be the "other person" (informed, researching)

OK let me write the final JSON now.

Wait, I want to make sure I'm thinking about the implied subject correctly. The text is third-person narrative. There's no "I" - it's not directly a personal expression. The note asks me to check if it's personal expression.

I think the safest interpretation:
- The text is NOT a direct personal expression (no "I", no first-person account)
- It's third-person narrative
- It could be creative writing or fictionalized account
- The audience/reader is the subject of analysis

So I'll analyze the audience's reaction.

Let me also double-check the chain logic:
- 安全感欲 →(medical negligence scenario)→ N01_确定性 + N02_掌控局面
- These needs are threatened (congruence_direction: 威胁) and unsatisfied (need_status: 未满足)
- This produces fear and anger
- Which leads to avoidance, agonistic, attend action tendencies

This chain is logically coherent.

Let me write the JSON now.

Actually, I want to reconsider the implied subject once more. The prompt is asking about "观众" (audience). In Chinese content analysis, this often refers to the people who consume the content. So we analyze what the readers feel.

The implied subject in the text (the protagonist) is the one experiencing the chamber scenario. The audience observes this and feels empathy, fear, etc.

For the analysis, I should be the "audience" reading the text. What would the audience feel?

OK final answer coming up.

Let me also consider one more time if this could be a personal recount. Looking at the style:
- Third person, present tense
- Cinematic, short sentences
- Carefully constructed tension
- Cliffhanger ending

This is literary/cinematic style. It's not a typical "I went to the doctor and..." recount. It's more like a piece of creative writing.

Given the platform (reddit), this could be:
- A creative writing post
- A retelling of someone else's experience
- A fictional scenario to spark discussion

In any case, the audience's reaction is what we're analyzing.

OK, let me write the final JSON.

I realize I should think about the "安全感欲" vs "摆脱欲" distinction more carefully:
- 安全感欲: Want to eliminate uncertainty/risk/fear (人格特质视角: 被爱欲)
- 摆脱欲: Want to escape current pain state

The audience reading this content:
- Has a latent desire for safety (not in immediate pain, but concerned about hypothetical future)
- The content activates safety concerns
- The audience might also feel a desire to "escape" the anxiety this content causes

I'll go with:
- 安全感欲: 0.40 (primary)
- 摆脱欲: 0.20 (anxiety relief)
- 控制欲: 0.20 (control over medical decisions)
- 确认欲: 0.10 (confirm this is wrong)
- 成为欲: 0.05 (be like the informed person)
- 向往欲: 0.05 (longing for proper medical care world)

Total: 1.0

Now the needs:
- N01_确定性: 0.25
- N02_掌控局面: 0.20
- N06_摆脱痛苦: 0.15
- N03_提升能力: 0.15
- N04_理解世界: 0.10
- N10_自我确认: 0.05
- N11_归属群体: 0.05
- N14_代入理想: 0.05

Total: 1.0

Emotions:
- fear: 0.35
- anger: 0.25
- curiosity: 0.15
- sadness: 0.10
- admiration: 0.05
- approval: 0.05
- desire: 0.05

Total: 1.0

Action tendencies:
- avoidance: 0.25
- attend: 0.20
- agonistic: 0.20
- interrupt: 0.15
- approach: 0.10
- reject: 0.05
- dominate: 0.05

Total: 1.0

Now let me write the JSON. I'll also include good notes and evidence.

For evidence, I should use the original text:
- "omits sensorineural hearing loss" - supports fear/safety
- "No one asks about the stitches" - supports anger/control
- "high-pitched tone begins in the left ear" - supports fear
- "The heavy steel door stays shut" - supports threat
- "pre-session Eustachian tube checks" - suggests proper protocols exist (relief of sorts)
- "recent surgery screening" - the missed screening
- "contraindication reviews" - the missed review

Let me write the final JSON.

Actually let me reconsider the implied subject one more time. The prompt's note says:

"注: 若这段内容确实是某一个人写下的自我表达，请对『写下这段内容的这一个人』反推其心理因果链四层占比分布——这是一个个体，不是群体。"

This is a specific instruction for personal expression. If the text is a personal expression, analyze the writer. If not, return no_inferable_subject.

The text is third-person narrative. It's not directly a "personal expression" in the sense of "I" statements. But it could be a creative retelling of a personal experience.

Given the ambiguity, I have two options:
1. Treat as not personal expression → return no_inferable_subject: true
2. Treat as creative writing about an experience → analyze the audience

But the overall prompt is asking for audience analysis: "从可观测话语/评论，反推观众心理完整因果链"

I think the best approach is to analyze the AUDIENCE. The text is content posted to Reddit, and we analyze what readers feel.

But also, the note says "若这段内容确实是某一个人写下的自我表达" - this is conditional. If it is, analyze the writer.

Since the text is third-person narrative and not clearly a personal expression, I could argue either way. But I'll analyze the audience since:
1. The overall prompt is about audience psychology
2. The text is third-person (not direct personal expression)
3. The platform is reddit discussion (audience-oriented)

Wait, actually I think the better interpretation is:
- The "audience" here is implicit - the readers of this Reddit post
- The content is designed to evoke certain psychological responses
- We reverse-infer what the audience feels

OK final answer time.

Let me also be careful about the chain_trace. It must be a single coherent sentence:

"安全感欲(被高压氧舱无筛查的医疗疏漏情境触发) → 需求N01_确定性+N02_掌控局面(想知道风险有多大、想夺回医疗决策主导权) → 评价: 高目标相关/威胁/未满足/负应对潜能中 → 情绪fear+anger(医疗疏漏直接威胁人身安全并令人愤慨) → 行动倾向avoidance+agonistic+attend(回避无筛查的医疗程序、对抗疏漏方、关注医疗安全知识)"

This reads as a single sentence with clear flow.

Let me finalize.

Oh wait, I should double check - the text says "The pressure increases as the chamber engages" and "A high-pitched tone begins in the left ear". The high-pitched tone in the ear is a sign of barotrauma or beginning of sensorineural damage. This is a critical fear moment.

The ending "The heavy steel door stays shut" is ominous - the protagonist can't escape, the door is sealed.

OK my analysis is correct. Let me write the JSON.

One more consideration - the "approval" emotion. The audience might approve of the "other person" in the waiting room who is doing proper research. This is a small but real emotion.

And "admiration" - the audience might admire that "other person" for being proactive. Small amount.

Let me also add - the audience might feel some "desire" - desire to be the kind of person who does research before medical procedures.

OK final JSON time.

Let me also consider - is this text essentially an "I" experience told in third person? It could be. The writer might be recounting their own experience. In that case, the writer's psychology is the focus.

But the writer's psychology would be different from the audience's. The writer is processing a past (or ongoing) traumatic experience. The audience is feeling the emotions as they read.

For maximum utility, I'll analyze the audience. If the prompt wanted writer analysis, it would be more specific.

OK writing now.

Hmm, one more thought. The note says "若这段内容确实是某一个人写下的自我表达". This is conditional. The question is whether the content is or isn't personal expression.

If I consider it personal expression (the writer recounting their experience), then I should analyze the writer. The writer's psychology would be:
- Safety desire: wanting safety (failed, suffered harm)
- Escape desire: wanting to escape the harm/pain
- Control desire: wanting control over their medical care
- Confirmation: wanting to confirm this was negligent
- Possibly some other elements

The writer's emotions:
- Anger (at the negligence)
- Fear (about the ongoing effects)
- Sadness (about what happened)
- Possibly some relief (at being able to tell the story)

The writer's action tendencies:
- Agonistic (against the facility)
- Interrupt (speak out)
- Attend (to medical safety)
- Approach (toward proper care, healing)

Hmm, this is also a valid analysis. But the prompt is about audience, so I'll go with audience.

Wait, let me read the prompt one more time:

"你是爆款内容心理拆解专家。对以下内容做「因果链逆问题」拆解：从可观测话语/评论，反推观众心理完整因果链"

This is about audience psychology. Clear.

"注: 若这段内容确实是某一个人写下的自我表达，请对『写下这段内容的这一个人』反推其心理因果链四层占比分布——这是一个个体，不是群体。"

This note is clarifying: if it's personal expression, analyze the writer (an individual). But this is conditional on it being personal expression.

The text is third-person narrative. It's not directly a personal expression. It's a story-style narrative that may or may not be based on real experience.

I think the safer interpretation is: this is content for an audience, and we analyze the audience.

But actually, let me re-read once more. The note specifically mentions "写下这段内容的这一个人" - "this one person who wrote this content". The structure of the prompt is suggesting that if the text is a personal recount (e.g., "I went to the doctor and..."), then analyze that one person. If it's not (e.g., it's a data table), then return no_inferable_subject.

The text in question is third-person narrative. It doesn't fit the "data table/manual" exclusion. It also doesn't fit the "personal expression" inclusion cleanly. So... it's ambiguous.

Given the ambiguity, I'll analyze the audience. The audience is the most general and useful interpretation.

Wait, I just realized - the note says "若它**不是个人表达**（例如纯数据表、条款样板、说明书、操作步骤、代码、目录、日志），请在 JSON 顶层返回 "no_inferable_subject": true"

The exclusion is for things like data tables, templates, manuals, operation steps, code, directories, logs. The text in question is none of these - it's narrative prose. So it doesn't fit the exclusion.

But it also doesn't fit the inclusion (personal expression) cleanly. The prompt might be assuming that narrative prose is the "default" case, and we should analyze the audience.

OK final answer: analyze the audience.

Let me write the JSON now.

Hmm, but actually thinking more about it - the text is third-person narrative that could be:
1. Creative writing (not personal)
2. A third-person retelling of personal experience
3. A piece of literary fiction

For all these cases, the audience's psychological response is what matters. So I'll analyze the audience.

One more thought - the implied subject in the story IS the audience's projection. The audience identifies with the protagonist (or the "other person" doing research). The psychological response is the audience's.

OK final JSON.

Let me also think about what "no_inferable_subject" means. It's for content where there's no person to analyze. The text has implied people (protagonist, receptionist, attendant, "another person"). So there's a subject. We can analyze.

But the subject to analyze is the audience, not the implied characters. Or maybe both. Let me just analyze the audience.

OK writing the JSON now. Final.

```json
{
  "desire_layer": {
    "distribution": {
      "拥有欲": 0.0,
      "成为欲": 0.05,
      "摆脱欲": 0.20,
      "确认欲": 0.10,
      "超越欲": 0.0,
      "归属欲": 0.0,
      "控制欲": 0.20,
      "安全感欲": 0.40,
      "向往欲": 0.05
    },
    "note": "内容激活的核心欲望是安全感欲(对医疗程序/身体完整性/听力的安全底线被威胁)与控制欲(对自身医疗决策权的渴望)；摆脱欲来自观众对疏漏引发的焦虑与潜在听力损伤的回避

===== 2026-08-20 01:42:12 knot_s1_T0.6 =====
```json
{
  "desire_layer": {
    "distribution": {
      "拥有欲": 0.00,
      "成为欲": 0.00,
      "摆脱欲": 0.20,
      "确认欲": 0.15,
      "超越欲": 0.05,
      "归属欲": 0.05,
      "控制欲": 0.15,
      "安全感欲": 0.40,
      "向往欲": 0.00
    },
    "note": "整段叙事的核心是一桩医疗安全失败——术前筛查单遗漏 sensorineural hearing loss、未问及术后一周的伤口与用药清单就放人进舱。最先被激活的稳定潜变量是「消除人身/健康威胁」的安全感欲(0.40)，其次是已经/正在承受身体不适并想停下来的摆脱欲(0.20)；同时作者明显希望自己曾握有医疗决策主导权(控制欲 0.15)，也希望读者确认「这家机构的做法就是错的」(确认欲 0.15)。微弱地也想找到「和我一样被这套系统坑过的人」(归属欲)以及「比前台更懂筛查」的超越位置(超越欲)。"
  },
  "need_layer": [
    {
      "code": "N01_确定性",
      "context_slot": "医疗情境:进高压氧舱前,禁忌症/既往手术/用药的完整披露",
      "weight": 0.30,
      "derived_from": "由 安全感欲 经「签同意书时只拿到一页、且 sensorineural hearing loss 被省略」这一情境事件衍生——需要把所有潜在风险摊开成确定性"
    },
    {
      "code": "N02_掌控局面",
      "context_slot": "医疗情境:作为患者在签字瞬间被剥夺提问权",
      "weight": 0.20,
      "derived_from": "由 控制欲 经「receptionist 只递板、attendant 不问就开门、钢门关上」这一情境事件衍生——需要夺回医疗自主权"
    },
    {
      "code": "N06_摆脱痛苦",
      "context_slot": "生理情境:左耳出现高频音、疑为感音神经性听力损伤前兆",
      "weight": 0.20,
      "derived_from": "由 摆脱欲 + 安全感欲 经「chamber 加压后左耳高频音 overrode the mechanical hiss」这一情境事件衍生——需要让这种耳鸣/潜在损伤停下来"
    },
    {
      "code": "N10_自我确认",
      "context_slot": "叙事情境:与旁边候诊室自行检索到的标准筛查流程做对照",
      "weight": 0.15,
      "derived_from": "由 确认欲 经「glowing screen 列出 Eustachian tube checks / recent surgery screening / contraindication reviews」与「单页表」之对比衍生——需要被告知『你的警觉是对的,机构流程就是缺了』
    },
    {
      "code": "N04_理解世界",
      "context_slot": "认知情境:为什么这份同意书能合法通过,为什么没人问",
      "weight": 0.10,
      "derived_from": "由 安全感欲 经「被威胁但找不到解法」衍生——需要把『系统为什么会失灵』这件事想明白"
    },
    {
      "code": "N03_提升能力",
      "context_slot": "方法情境:下次进任何高压设备前自己该问什么清单",
      "weight": 0.05,
      "derived_from": "由 安全感欲 + 控制欲 经「事前如果知道要问什么就能拦下」这一反事实衍生——需要习得可迁移的就医自保方法"
    }
  ],
  "appraisal": {
    "goal_relevance": 0.95,
    "congruence_direction": "威胁",
    "need_status": "未满足",
    "goal_congruence": "负",
    "coping_potential": "低",
    "note": "goal_relevance 极高,因为情境直接威胁生命/听力(高相关度 0.95)。congruence_direction = 威胁:内容揭示筛查缺失让 N01/N02/N06 都受阻,而非促进趋近。need_status = 未满足:威胁被揭示但当场无解——钢门已关上、签字已落、流程已启动。coping_potential = 低:身处加压舱内物理上无法退出,外部信息(旁边人搜到的页面)看得见但够不到。威胁 × 未满足 × 低应对潜能 → 派生 goal_congruence = 负,且强度足以主导情绪走向恐惧+愤怒,而不是单纯好奇或悲伤。"
  },
  "emotion_layer": {
    "distribution": {
      "admiration钦佩": 0.00,
      "joy喜悦": 0.00,
      "gratitude感激": 0.00,
      "desire渴望": 0.10,
      "nostalgia怀旧": 0.00,
      "pride自豪": 0.00,
      "love爱": 0.00,
      "relief宽慰": 0.05,
      "approval认同": 0.05,
      "curiosity好奇": 0.00,
      "fear恐惧": 0.40,
      "sadness悲伤": 0.10,
      "anger愤怒": 0.30
    },
    "note": "从 N06(摆脱痛苦)×goal_congruence=负×coping=低 派生出最强情绪 fear 0.40——左耳高频音+钢门关闭+无法退出,是教科书式的被困+身体报警组合。从 N01/N02(确定性/掌控)被威胁且未满足、且能看到「本应有」的对照(旁边人搜到的完整筛查页)派生出 anger 0.30——是『我知道本不该如此、但它就是发生了』的指向性愤怒,而非泛化悲伤。N10 部分的确认欲得到部分满足(自己是对的),故有 approval 0.05 与 relief 0.05(原来信息就在那里,只是前台没给)。desire 0.10 来自 N06 未被满足的余响——渴望这个高频音停下、渴望时间倒流。sadness 0.10 是被困状态下对失能的低强度哀伤。joy/admiration/love/curiosity/nostalgia/pride/gratitude 在本评价组合下不应出现,均为 0。"
  },
  "action_tendency_layer": {
    "distribution": {
      "approach趋近": 0.05,
      "avoidance回避": 0.30,
      "attend关注": 0.15,
      "reject拒斥": 0.15,
      "agonistic对抗": 0.25,
      "interrupt中断": 0.10,
      "dominate支配": 0.00
    },
    "note": "fear 主导 avoidance 0.30——以后回避此类筛查简陋的机构/任何未经逐条问诊的侵入性治疗。anger 主导 agonistic 0.25——把整件事写出来曝光、在评论区与同经历者结成指控联盟(对应归属欲微迹)。N01/N02 受挫 + 对照信息出现,激活 reject 0.15(拒斥那张单页同意书的合法性)与 interrupt 0.10(在叙述层面『中断』那个被钢门封死的流程——把镜头切到旁边人搜索到的页面,等于把流程硬拽回『本来该发生的样子』)。attend 0.15 对应 N04/N03:从此密切关注每条禁忌症清单、养成检索习惯。微弱 approach 0.05 仅指向『下一次会去一家真的做筛查的地方』。"
  },
  "chain_trace": "安全感欲(0.40) + 摆脱欲(0.20) + 控制欲(0.15) + 确认欲(0.15) →(情境:术后一周的伤口与用药未问、sensorineural hearing loss 被单页同意书省略、attendant 不问即开门、加压后左耳出现高频音)→ N01_确定性(0.30) + N02_掌控局面(0.20) + N06_摆脱痛苦(0.20) →(评价:goal_relevance 0.95 / 威胁 / 未满足 / 负 / coping_potential 低——钢门关上,信息够不到)→ fear恐惧(0.40,被关在加压舱里耳鸣)+ anger愤怒(0.30,对照本应有的筛查页) → avoidance回避(0.30,远离此类机构)+ agonistic对抗(0.25,把这件事写出来指控系统),辅以 reject拒斥(0.15)与 interrupt中断(0.10)回到『本该发生的流程』",
  "evidence": {
    "desire": "『The attached single page lists general barotrauma but omits sensorineural hearing loss』『No one asks about the stitches from last week's abdominal operation or checks the current medication list』『A high-pitched tone begins in the left ear, overriding the mechanical hiss of the flowing oxygen』",
    "need": "『omits sensorineural hearing loss』(N01_确定性)『The attendant opens the heavy steel door to the hyperbaric chamber and gestures toward the interior』(N02_掌控局面)『A high-pitched tone begins in the left ear』(N06_摆脱痛苦)『The glowing screen displays pages detailing pre-session Eustachian tube checks, recent surgery screening, and contraindication reviews』(N10_自我确认/对照)『The heavy steel door stays shut』(coping_potential=低 的锚句)",
    "emotion": "恐惧锚句:『A high-pitched tone begins in the left ear, overriding the mechanical hiss of the flowing oxygen』;愤怒/被困锚句:『The heavy steel door stays shut』;approval 锚句:『The glowing screen displays pages detailing pre-session Eustachian tube checks, recent surgery screening, and contraindication reviews』",
    "action": "回避锚句:『The heavy steel door stays shut』(物理上无法趋近、只能事后回避同类);对抗/中断锚句:整段叙事本身就是一次 interrupt——把镜头从『被关在里面』切到『旁边人搜到的本应有的清单』,agonistic 表征为把这件事写进 Reddit hearing 讨论区公开指控"
  }
}
```

===== 2026-08-20 01:42:37 knot_s1_T0.6 =====
```json
{
  "desire_layer": {
    "distribution": {
      "拥有欲": 0.05,
      "成为欲": 0.0,
      "摆脱欲": 0.15,
      "确认欲": 0.30,
      "超越欲": 0.0,
      "归属欲": 0.15,
      "控制欲": 0.0,
      "安全感欲": 0.20,
      "向往欲": 0.15
    },
    "note": "这是一个成年子女对母亲听力衰退与恢复的私人追述。稳定潜变量集中在三块:1)确认欲——确认自己作为'坐在旁边、手里握着电话'的照护者的角色与意义;2)安全感欲——母亲重新能独立接电话/写留言,风险被消除;3)归属欲/向往欲——'每天早晨厨房桌旁'那个固定位置、固定节奏带来的家庭成员位置感和对那段旧时光的想象性回返;摆脱欲对应母亲从无法接电话的依赖状态中走出来。"
  },
  "need_layer": [
    {
      "code": "N17_追忆连接",
      "context_slot": "听力测试结果出来之后,每天早晨厨房桌旁陪母亲接电话的固定场景",
      "weight": 0.35,
      "derived_from": "由向往欲/归属欲 经'每天早晨重复的厨房桌旁电话场景'触发,要把那段陪母亲一起应答电话的旧时光重新连上"
    },
    {
      "code": "N12_情感联结",
      "context_slot": "坐在母亲身边、读地址日期、把听筒递过去的手把手互动",
      "weight": 0.25,
      "derived_from": "由归属欲/确认欲 经'对坐、看她口型、替她重复来电者的话'的肢体靠近情境衍生,要维系与母亲之间那种有温度的、有具体动作的联结"
    },
    {
      "code": "N10_自我确认",
      "context_slot": "从替母亲接电话→母亲自己接电话的对照叙事",
      "weight": 0.15,
      "derived_from": "由确认欲 经'前后两段生活的并置'衍生,要确认'我坐在她旁边'这个照护身份是真实有意义的、且被时间验证过"
    },
    {
      "code": "N06_摆脱痛苦",
      "context_slot": "母亲把听筒拿远、让我重复、让来电转语音信箱的失能状态",
      "weight": 0.10,
      "derived_from": "由摆脱欲 经'听不见电话/答不上来'的痛苦情境衍生,要让这种失能与不适停下来"
    },
    {
      "code": "N13_情感慰藉",
      "context_slot": "母亲戴上助听器后自己接听、写下留言、不再依赖的转好画面",
      "weight": 0.10,
      "derived_from": "由安全感欲 经'她接电话自己来了'的抚慰性画面衍生,获得'她没事了'的安心感"
    },
    {
      "code": "N01_确定性",
      "context_slot": "知道以后母亲能自己处理电话、不再需要子女坐守的预期",
      "weight": 0.05,
      "derived_from": "由安全感欲 经'她能自己接/写/留在通话里'的可预测结果衍生,不确定性下降"
    }
  ],
  "appraisal": {
    "goal_relevance": 0.85,
    "congruence_direction": "促进",
    "need_status": "已满足",
    "goal_congruence": "正",
    "coping_potential": "高",
    "note": "情境对'追忆+情感联结+照护身份确认'这一组目标高度相关(0.85);叙事以'结果向好'收束——助听器让母亲从依赖回到独立,内容对所有激活需求都是促进;且'已满足'(母亲能自己应答、写下留言、留在通话中);coping_potential 高,因为解决路径(助听器+我的配合)已被实际走通且可见。由此派生正情绪(怀旧/爱/宽慰),而非 fear/sadness 类的负情绪。"
  },
  "emotion_layer": {
    "distribution": {
      "admiration钦佩": 0.05,
      "joy喜悦": 0.05,
      "gratitude感激": 0.10,
      "desire渴望": 0.0,
      "nostalgia怀旧": 0.40,
      "pride自豪": 0.05,
      "love爱": 0.20,
      "relief宽慰": 0.15,
      "approval认同": 0.0,
      "curiosity好奇": 0.0,
      "fear恐惧": 0.0,
      "sadness悲伤": 0.0,
      "anger愤怒": 0.0
    },
    "note": "由'促进+已满足+正+高应对'导出:以怀旧(0.40)为主——'kitchen table each morning'这种高度场景化的细节指向时间维度的回望;爱(0.20)来自对坐/手递听筒/读地址的具身亲密;宽慰(0.15)对应'她接电话自己来了、写下留言、留在通话里'的解除威胁感;感激(0.10)对助听器/那段共处;pride(0.05)+admiration(0.05)+joy(0.05)是次级余韵。没有任何负情绪,因为 appraisal 没有任何威胁/未满足/低应对分量。"
  },
  "action_tendency_layer": {
    "distribution": {
      "approach趋近": 0.30,
      "avoidance回避": 0.0,
      "attend关注": 0.40,
      "reject拒斥": 0.05,
      "agonistic对抗": 0.0,
      "interrupt中断": 0.05,
      "dominate支配": 0.20
    },
    "note": "怀旧+爱+宽慰的混合情绪组合,落到行动上主要是 attend(0.40)——极度细致的观察性描写(口型/听筒距离/语音信箱/留言);approach(0.30)——'sat beside'、'handed it to me'的趋近;dominate(0.20)——在电话情境中替母亲做主(读地址日期、让她留在通话中);reject(0.05)对'让来电进语音信箱'这种退避行为的轻度否定;interrupt(0.05)对应打断通话/中断失能的微动作。"
  },
  "chain_trace": "确认欲 + 安全感欲 + 归属欲 + 向往欲 + 摆脱欲 →(母亲听力测试结果送达、每天早晨厨房桌旁对坐接电话的重复情境)→ N17_追忆连接 + N12_情感联结 + N10_自我确认 + N13_情感慰藉 + N06_摆脱痛苦 + N01_确定性 →(评价:goal_relevance 0.85 / 促进 / 已满足 / 正 / 高应对潜能)→ 怀旧(0.40) + 爱(0.20) + 宽慰(0.15) + 感激(0.10) + 自豪/钦佩/喜悦各 0.05 → 关注(0.40) + 趋近(0.30) + 支配(0.20) + 拒斥/中断 各 0.05 的完整推导,从稳定潜变量到'坐在旁边、读出地址日期、亲手递出听筒'的可观测话语/行为,因果链每一层都由上一层自然导出。"
  "evidence": {
    "desire": "归属/向往:'I sat beside my mother at the kitchen table each morning'(固定位置+固定时间=家庭成员位+对旧时光的想象性回返);安全感/摆脱:'After she began using hearing aids, she answered calls herself';确认:'I sat beside…during calls'与'stayed on the line while I read addresses and dates aloud'前后并置,确认照护者角色的真实性与价值",
    "need": "追忆连接:'I sat beside my mother at the kitchen table each morning during calls';情感联结:'she watched my mouth and answered…handed it to me'、'I read addresses and dates aloud';自我确认:前后两段(替接 vs. 自接)并置;摆脱痛苦:'held the receiver away, asked me to repeat the caller's words';情感慰藉:'she answered calls herself, wrote down messages, and stayed on the line';确定性:'answered calls herself, wrote down messages'",
    "emotion": "怀旧:'kitchen table each morning during calls'的强场景化时间锚;爱:'sat beside'、'handed it to me'的具身亲密;宽慰:'she answered calls herself, wrote down messages, and stayed on the line';感激/自豪:对助听器带来的恢复以及'我曾在旁边'的隐性满足",
    "action": "关注:'she watched my mouth and answered'、'played them back with the speaker on'等细节观察;趋近:'sat beside my mother'、'handed it to me';支配:'stayed on the line while I read addresses and dates aloud';拒斥/中断:对'let several calls go to voicemail'的隐性否定与'asked me to repeat the caller's words'的打断-重述动作"
  }
}
```

===== 2026-08-20 01:51:45 knot_s2_d4 [empty] =====
<EMPTY>

===== 2026-08-20 01:51:45 knot_s2_d0 [empty] =====
<EMPTY>

===== 2026-08-20 01:51:45 knot_s2_d3 [empty] =====
<EMPTY>

===== 2026-08-20 01:51:45 knot_s2_d1 [empty] =====
<EMPTY>

===== 2026-08-20 01:51:45 knot_s2_d4 [empty] =====
<EMPTY>

===== 2026-08-20 01:51:45 knot_s2_d3 [empty] =====
<EMPTY>

===== 2026-08-20 01:51:45 knot_s2_d1 [empty] =====
<EMPTY>

===== 2026-08-20 01:51:45 knot_s2_d2 [empty] =====
<EMPTY>

===== 2026-08-20 01:51:45 knot_s2_d1 [empty] =====
<EMPTY>

===== 2026-08-20 01:51:45 knot_s2_d0 [empty] =====
<EMPTY>

===== 2026-08-20 01:51:45 knot_s2_d2 [empty] =====
<EMPTY>

===== 2026-08-20 01:51:46 knot_s2_d4 [empty] =====
<EMPTY>

===== 2026-08-20 01:51:46 knot_s2_d1 [empty] =====
<EMPTY>

===== 2026-08-20 01:51:46 knot_s2_d0 [empty] =====
<EMPTY>

===== 2026-08-20 01:51:46 knot_s2_d4 [empty] =====
<EMPTY>

===== 2026-08-20 01:51:47 knot_s2_d3 [empty] =====
<EMPTY>

===== 2026-08-20 01:51:47 knot_s2_d1 [empty] =====
<EMPTY>

===== 2026-08-20 01:51:47 knot_s2_d2 [empty] =====
<EMPTY>

===== 2026-08-20 01:51:47 knot_s2_d0 [empty] =====
<EMPTY>

===== 2026-08-20 01:51:47 knot_s2_d1 [empty] =====
<EMPTY>

===== 2026-08-20 01:51:47 knot_s2_d3 [empty] =====
<EMPTY>

===== 2026-08-20 01:51:48 knot_s2_d2 [empty] =====
<EMPTY>

===== 2026-08-20 01:51:48 knot_s2_d1 [empty] =====
<EMPTY>

===== 2026-08-20 01:51:48 knot_s2_d0 [empty] =====
<EMPTY>

===== 2026-08-20 01:51:48 knot_s2_d4 [empty] =====
<EMPTY>

===== 2026-08-20 01:51:48 knot_s2_d1 [empty] =====
<EMPTY>

===== 2026-08-20 01:51:48 knot_s2_d4 [empty] =====
<EMPTY>

===== 2026-08-20 01:51:48 knot_s2_d0 [empty] =====
<EMPTY>

===== 2026-08-20 01:51:49 knot_s2_d1 [empty] =====
<EMPTY>

===== 2026-08-20 01:51:49 knot_s2_d3 [empty] =====
<EMPTY>

===== 2026-08-20 01:51:49 knot_s2_d2 [empty] =====
<EMPTY>

===== 2026-08-20 01:51:50 knot_s2_d3 [empty] =====
<EMPTY>

===== 2026-08-20 01:51:50 knot_s2_d2 [empty] =====
<EMPTY>

===== 2026-08-20 01:51:51 knot_s1_T0.3 [empty] =====
<EMPTY>

===== 2026-08-20 01:51:51 knot_s1_T0.0 [empty] =====
<EMPTY>

===== 2026-08-20 01:51:51 knot_s1_T0.6 [empty] =====
<EMPTY>

===== 2026-08-20 01:51:52 knot_s1_T0.3 [empty] =====
<EMPTY>

===== 2026-08-20 01:51:53 knot_s1_T0.6 [empty] =====
<EMPTY>

===== 2026-08-20 01:51:53 knot_s1_T0.3 [empty] =====
<EMPTY>

===== 2026-08-20 01:51:53 knot_s1_T0.0 [empty] =====
<EMPTY>

===== 2026-08-20 01:51:53 knot_s1_T0.0 [empty] =====
<EMPTY>

===== 2026-08-20 01:51:54 knot_s1_T0.3 [empty] =====
<EMPTY>

===== 2026-08-20 01:51:55 knot_s1_T0.3 [empty] =====
<EMPTY>

===== 2026-08-20 01:51:55 knot_s1_T0.0 [empty] =====
<EMPTY>

===== 2026-08-20 01:51:55 knot_s1_T0.0 [empty] =====
<EMPTY>

===== 2026-08-20 01:51:56 knot_s1_T0.6 [empty] =====
<EMPTY>

===== 2026-08-20 01:51:56 knot_s1_T0.0 [empty] =====
<EMPTY>

===== 2026-08-20 01:51:56 knot_s1_T0.3 [empty] =====
<EMPTY>

===== 2026-08-20 01:51:57 knot_s1_T0.3 [empty] =====
<EMPTY>

===== 2026-08-20 01:51:57 knot_s1_T0.6 [empty] =====
<EMPTY>

===== 2026-08-20 01:51:57 knot_s1_T0.0 [empty] =====
<EMPTY>

===== 2026-08-20 01:51:58 knot_s1_T0.6 [empty] =====
<EMPTY>

===== 2026-08-20 01:51:58 knot_s1_T0.0 [empty] =====
<EMPTY>

===== 2026-08-20 01:51:58 knot_s1_T0.3 [empty] =====
<EMPTY>

===== 2026-08-20 01:51:58 knot_s1_T0.6 [empty] =====
<EMPTY>

===== 2026-08-20 01:51:59 knot_s1_T0.6 [empty] =====
<EMPTY>

===== 2026-08-20 01:52:00 knot_s1_T0.0 [empty] =====
<EMPTY>

===== 2026-08-20 01:52:00 knot_s1_T0.3 [empty] =====
<EMPTY>

===== 2026-08-20 01:52:00 knot_s1_T0.6 [empty] =====
<EMPTY>

===== 2026-08-20 01:52:01 knot_s1_T0.6 [empty] =====
<EMPTY>

===== 2026-08-20 01:52:01 knot_s1_T0.6 [empty] =====
<EMPTY>

===== 2026-08-20 01:52:01 knot_s1_T0.3 [empty] =====
<EMPTY>

===== 2026-08-20 01:52:01 knot_s1_T0.3 [empty] =====
<EMPTY>

===== 2026-08-20 01:52:01 knot_s1_T0.0 [empty] =====
<EMPTY>

===== 2026-08-20 01:52:02 knot_s1_T0.0 [empty] =====
<EMPTY>

===== 2026-08-20 01:52:02 knot_s1_T0.6 [empty] =====
<EMPTY>

===== 2026-08-20 01:52:02 knot_s1_T0.0 [empty] =====
<EMPTY>

===== 2026-08-20 01:52:03 knot_s1_T0.3 [empty] =====
<EMPTY>

===== 2026-08-20 01:52:03 knot_s1_T0.6 [empty] =====
<EMPTY>

===== 2026-08-20 01:52:03 knot_s1_T0.0 [empty] =====
<EMPTY>

===== 2026-08-20 01:52:04 knot_s1_T0.3 [empty] =====
<EMPTY>

===== 2026-08-20 01:52:04 knot_s1_T0.6 [empty] =====
<EMPTY>

===== 2026-08-20 01:52:04 knot_s1_T0.6 [empty] =====
<EMPTY>

===== 2026-08-20 01:52:04 knot_s1_T0.3 [empty] =====
<EMPTY>

===== 2026-08-20 01:52:05 knot_s1_T0.0 [empty] =====
<EMPTY>

===== 2026-08-20 01:52:05 knot_s1_T0.3 [empty] =====
<EMPTY>

===== 2026-08-20 01:52:05 knot_s1_T0.6 [empty] =====
<EMPTY>

===== 2026-08-20 01:52:05 knot_s1_T0.0 [empty] =====
<EMPTY>

===== 2026-08-20 01:52:05 knot_s1_T0.6 [empty] =====
<EMPTY>

===== 2026-08-20 01:52:06 knot_s1_T0.3 [empty] =====
<EMPTY>

===== 2026-08-20 01:52:06 knot_s1_T0.6 [empty] =====
<EMPTY>

===== 2026-08-20 01:52:06 knot_s1_T0.0 [empty] =====
<EMPTY>

===== 2026-08-20 01:52:07 knot_s1_T0.3 [empty] =====
<EMPTY>

===== 2026-08-20 01:52:07 knot_s1_T0.6 [empty] =====
<EMPTY>

===== 2026-08-20 01:52:07 knot_s1_T0.0 [empty] =====
<EMPTY>

===== 2026-08-20 01:52:08 knot_s1_T0.3 [empty] =====
<EMPTY>

===== 2026-08-20 01:52:08 knot_s1_T0.0 [empty] =====
<EMPTY>

===== 2026-08-20 01:52:08 knot_s1_T0.3 [empty] =====
<EMPTY>

===== 2026-08-20 01:52:08 knot_s1_T0.6 [empty] =====
<EMPTY>

===== 2026-08-20 01:52:08 knot_s1_T0.0 [empty] =====
<EMPTY>

===== 2026-08-20 01:52:09 knot_s1_T0.3 [empty] =====
<EMPTY>

===== 2026-08-20 01:52:09 knot_s1_T0.0 [empty] =====
<EMPTY>

===== 2026-08-20 01:52:09 knot_s1_T0.6 [empty] =====
<EMPTY>

===== 2026-08-20 01:52:10 knot_s1_T0.0 [empty] =====
<EMPTY>

===== 2026-08-20 01:52:10 knot_s1_T0.0 [empty] =====
<EMPTY>

===== 2026-08-20 01:52:10 knot_s1_T0.6 [empty] =====
<EMPTY>

===== 2026-08-20 01:52:10 knot_s1_T0.3 [empty] =====
<EMPTY>

===== 2026-08-20 01:52:10 knot_s1_T0.3 [empty] =====
<EMPTY>

===== 2026-08-20 01:52:10 knot_s1_T0.3 [empty] =====
<EMPTY>

===== 2026-08-20 01:52:10 knot_s1_T0.6 [empty] =====
<EMPTY>

===== 2026-08-20 01:52:11 knot_s1_T0.3 [empty] =====
<EMPTY>

===== 2026-08-20 01:52:11 knot_s1_T0.6 [empty] =====
<EMPTY>

===== 2026-08-20 01:52:11 knot_s1_T0.0 [empty] =====
<EMPTY>

===== 2026-08-20 01:52:11 knot_s1_T0.6 [empty] =====
<EMPTY>

===== 2026-08-20 01:52:11 knot_s1_T0.0 [empty] =====
<EMPTY>

===== 2026-08-20 01:52:12 knot_s1_T0.0 [empty] =====
<EMPTY>

===== 2026-08-20 01:52:12 knot_s1_T0.3 [empty] =====
<EMPTY>

===== 2026-08-20 01:52:12 knot_s1_T0.3 [empty] =====
<EMPTY>

===== 2026-08-20 01:52:12 knot_s1_T0.3 [empty] =====
<EMPTY>

===== 2026-08-20 01:52:13 knot_s1_T0.6 [empty] =====
<EMPTY>

===== 2026-08-20 01:52:13 knot_s1_T0.0 [empty] =====
<EMPTY>

===== 2026-08-20 01:52:13 knot_s1_T0.6 [empty] =====
<EMPTY>

===== 2026-08-20 01:52:13 knot_s1_T0.0 [empty] =====
<EMPTY>

===== 2026-08-20 01:52:13 knot_s1_T0.0 [empty] =====
<EMPTY>

===== 2026-08-20 01:52:13 knot_s1_T0.3 [empty] =====
<EMPTY>

===== 2026-08-20 01:52:13 knot_s1_T0.6 [empty] =====
<EMPTY>

===== 2026-08-20 01:52:14 knot_s1_T0.3 [empty] =====
<EMPTY>

===== 2026-08-20 01:52:14 knot_s1_T0.3 [empty] =====
<EMPTY>

===== 2026-08-20 01:52:14 knot_s1_T0.6 [empty] =====
<EMPTY>

===== 2026-08-20 01:52:15 knot_s1_T0.6 [empty] =====
<EMPTY>

===== 2026-08-20 01:52:15 knot_s1_T0.0 [empty] =====
<EMPTY>

===== 2026-08-20 01:52:15 knot_s1_T0.0 [empty] =====
<EMPTY>

===== 2026-08-20 01:52:15 knot_s1_T0.6 [empty] =====
<EMPTY>

===== 2026-08-20 01:52:16 knot_s1_T0.0 [empty] =====
<EMPTY>

===== 2026-08-20 01:52:16 knot_s1_T0.6 [empty] =====
<EMPTY>

===== 2026-08-20 01:52:16 knot_s1_T0.3 [empty] =====
<EMPTY>

===== 2026-08-20 01:52:17 knot_s1_T0.0 [empty] =====
<EMPTY>

===== 2026-08-20 01:52:17 knot_s1_T0.6 [empty] =====
<EMPTY>

===== 2026-08-20 01:52:17 knot_s1_T0.3 [empty] =====
<EMPTY>

===== 2026-08-20 01:52:17 knot_s1_T0.3 [empty] =====
<EMPTY>

===== 2026-08-20 01:52:17 knot_s1_T0.6 [empty] =====
<EMPTY>

===== 2026-08-20 01:52:17 knot_s1_T0.6 [empty] =====
<EMPTY>

===== 2026-08-20 01:52:18 knot_s1_T0.0 [empty] =====
<EMPTY>

===== 2026-08-20 01:52:18 knot_s1_T0.6 [empty] =====
<EMPTY>

===== 2026-08-20 01:52:18 knot_s1_T0.0 [empty] =====
<EMPTY>

===== 2026-08-20 01:52:18 knot_s1_T0.3 [empty] =====
<EMPTY>

===== 2026-08-20 01:52:18 knot_s1_T0.0 [empty] =====
<EMPTY>

===== 2026-08-20 01:52:18 knot_s1_T0.3 [empty] =====
<EMPTY>

===== 2026-08-20 01:52:18 knot_s1_T0.0 [empty] =====
<EMPTY>

===== 2026-08-20 01:52:18 knot_s1_T0.3 [empty] =====
<EMPTY>

===== 2026-08-20 01:52:19 knot_s1_T0.3 [empty] =====
<EMPTY>

===== 2026-08-20 01:52:19 knot_s1_T0.6 [empty] =====
<EMPTY>

===== 2026-08-20 01:52:19 knot_s1_T0.6 [empty] =====
<EMPTY>

===== 2026-08-20 01:52:19 knot_s1_T0.6 [empty] =====
<EMPTY>

===== 2026-08-20 01:52:19 knot_s1_T0.6 [empty] =====
<EMPTY>

===== 2026-08-20 01:52:19 knot_s1_T0.0 [empty] =====
<EMPTY>

===== 2026-08-20 01:52:19 knot_s1_T0.0 [empty] =====
<EMPTY>

===== 2026-08-20 01:52:19 knot_s1_T0.3 [empty] =====
<EMPTY>

===== 2026-08-20 01:52:20 knot_s1_T0.6 [empty] =====
<EMPTY>

===== 2026-08-20 01:52:20 knot_s1_T0.0 [empty] =====
<EMPTY>

===== 2026-08-20 01:52:20 knot_s1_T0.0 [empty] =====
<EMPTY>

===== 2026-08-20 01:52:20 knot_s1_T0.3 [empty] =====
<EMPTY>

===== 2026-08-20 01:52:20 knot_s1_T0.3 [empty] =====
<EMPTY>

===== 2026-08-20 01:52:20 knot_s1_T0.6 [empty] =====
<EMPTY>

===== 2026-08-20 01:52:20 knot_s1_T0.3 [empty] =====
<EMPTY>

===== 2026-08-20 01:52:20 knot_s1_T0.0 [empty] =====
<EMPTY>

===== 2026-08-20 01:52:20 knot_s1_T0.6 [empty] =====
<EMPTY>

===== 2026-08-20 01:52:20 knot_s1_T0.3 [empty] =====
<EMPTY>

===== 2026-08-20 01:52:21 knot_s1_T0.6 [empty] =====
<EMPTY>

===== 2026-08-20 01:52:21 knot_s1_T0.3 [empty] =====
<EMPTY>

===== 2026-08-20 01:52:21 knot_s1_T0.0 [empty] =====
<EMPTY>

===== 2026-08-20 01:52:21 knot_s1_T0.6 [empty] =====
<EMPTY>

===== 2026-08-20 01:52:21 knot_s1_T0.0 [empty] =====
<EMPTY>

===== 2026-08-20 01:52:21 knot_s1_T0.6 [empty] =====
<EMPTY>

===== 2026-08-20 01:52:21 knot_s1_T0.0 [empty] =====
<EMPTY>

===== 2026-08-20 01:52:21 knot_s1_T0.6 [empty] =====
<EMPTY>

===== 2026-08-20 01:52:22 knot_s1_T0.0 [empty] =====
<EMPTY>

===== 2026-08-20 01:52:22 knot_s1_T0.3 [empty] =====
<EMPTY>

===== 2026-08-20 01:52:22 knot_s1_T0.0 [empty] =====
<EMPTY>

===== 2026-08-20 01:52:22 knot_s1_T0.6 [empty] =====
<EMPTY>

===== 2026-08-20 01:52:22 knot_s1_T0.3 [empty] =====
<EMPTY>

===== 2026-08-20 01:52:22 knot_s1_T0.3 [empty] =====
<EMPTY>

===== 2026-08-20 01:52:22 knot_s1_T0.0 [empty] =====
<EMPTY>

===== 2026-08-20 01:52:22 knot_s1_T0.6 [empty] =====
<EMPTY>

===== 2026-08-20 01:52:22 knot_s1_T0.3 [empty] =====
<EMPTY>

===== 2026-08-20 01:52:23 knot_s1_T0.3 [empty] =====
<EMPTY>

===== 2026-08-20 01:52:23 knot_s1_T0.3 [empty] =====
<EMPTY>

===== 2026-08-20 01:52:23 knot_s1_T0.0 [empty] =====
<EMPTY>

===== 2026-08-20 01:52:23 knot_s1_T0.0 [empty] =====
<EMPTY>

===== 2026-08-20 01:52:23 knot_s1_T0.6 [empty] =====
<EMPTY>

===== 2026-08-20 01:52:23 knot_s1_T0.6 [empty] =====
<EMPTY>

===== 2026-08-20 01:52:23 knot_s1_T0.3 [empty] =====
<EMPTY>

===== 2026-08-20 01:52:23 knot_s1_T0.0 [empty] =====
<EMPTY>

===== 2026-08-20 01:52:24 knot_s1_T0.6 [empty] =====
<EMPTY>

===== 2026-08-20 01:52:24 knot_s1_T0.6 [empty] =====
<EMPTY>

===== 2026-08-20 01:52:24 knot_s1_T0.3 [empty] =====
<EMPTY>

===== 2026-08-20 01:52:24 knot_s1_T0.0 [empty] =====
<EMPTY>

===== 2026-08-20 01:52:24 knot_s1_T0.6 [empty] =====
<EMPTY>

===== 2026-08-20 01:52:24 knot_s1_T0.3 [empty] =====
<EMPTY>

===== 2026-08-20 01:52:25 knot_s1_T0.6 [empty] =====
<EMPTY>

===== 2026-08-20 01:52:25 knot_s1_T0.3 [empty] =====
<EMPTY>

===== 2026-08-20 01:52:25 knot_s1_T0.3 [empty] =====
<EMPTY>

===== 2026-08-20 01:52:25 knot_s1_T0.0 [empty] =====
<EMPTY>

===== 2026-08-20 01:52:25 knot_s1_T0.3 [empty] =====
<EMPTY>

===== 2026-08-20 01:52:25 knot_s1_T0.0 [empty] =====
<EMPTY>

===== 2026-08-20 01:52:25 knot_s1_T0.0 [empty] =====
<EMPTY>

===== 2026-08-20 01:52:25 knot_s1_T0.6 [empty] =====
<EMPTY>

===== 2026-08-20 01:52:25 knot_s1_T0.6 [empty] =====
<EMPTY>

===== 2026-08-20 01:52:25 knot_s1_T0.3 [empty] =====
<EMPTY>

===== 2026-08-20 01:52:25 knot_s1_T0.0 [empty] =====
<EMPTY>

===== 2026-08-20 01:52:26 knot_s1_T0.6 [empty] =====
<EMPTY>

===== 2026-08-20 01:52:26 knot_s1_T0.0 [empty] =====
<EMPTY>

===== 2026-08-20 01:52:26 knot_s1_T0.0 [empty] =====
<EMPTY>

===== 2026-08-20 01:52:26 knot_s1_T0.3 [empty] =====
<EMPTY>

===== 2026-08-20 01:52:26 knot_s1_T0.6 [empty] =====
<EMPTY>

===== 2026-08-20 01:52:26 knot_s1_T0.0 [empty] =====
<EMPTY>

===== 2026-08-20 01:52:26 knot_s1_T0.3 [empty] =====
<EMPTY>

===== 2026-08-20 01:52:27 knot_s1_T0.6 [empty] =====
<EMPTY>

===== 2026-08-20 01:52:27 knot_s1_T0.3 [empty] =====
<EMPTY>

===== 2026-08-20 01:52:27 knot_s1_T0.0 [empty] =====
<EMPTY>

===== 2026-08-20 01:52:27 knot_s1_T0.6 [empty] =====
<EMPTY>

===== 2026-08-20 01:52:27 knot_s1_T0.3 [empty] =====
<EMPTY>

===== 2026-08-20 01:52:27 knot_s1_T0.6 [empty] =====
<EMPTY>

===== 2026-08-20 01:52:27 knot_s1_T0.0 [empty] =====
<EMPTY>

===== 2026-08-20 01:52:27 knot_s1_T0.3 [empty] =====
<EMPTY>

===== 2026-08-20 01:52:27 knot_s1_T0.6 [empty] =====
<EMPTY>

===== 2026-08-20 01:52:27 knot_s1_T0.3 [empty] =====
<EMPTY>

===== 2026-08-20 01:52:27 knot_s1_T0.0 [empty] =====
<EMPTY>

===== 2026-08-20 01:52:27 knot_s1_T0.6 [empty] =====
<EMPTY>

===== 2026-08-20 01:52:28 knot_s1_T0.6 [empty] =====
<EMPTY>

===== 2026-08-20 01:52:28 knot_s1_T0.3 [empty] =====
<EMPTY>

===== 2026-08-20 01:52:28 knot_s1_T0.0 [empty] =====
<EMPTY>

===== 2026-08-20 01:52:28 knot_s1_T0.6 [empty] =====
<EMPTY>

===== 2026-08-20 01:52:28 knot_s1_T0.0 [empty] =====
<EMPTY>

===== 2026-08-20 01:52:28 knot_s1_T0.0 [empty] =====
<EMPTY>

===== 2026-08-20 01:52:28 knot_s1_T0.0 [empty] =====
<EMPTY>

===== 2026-08-20 01:52:28 knot_s1_T0.3 [empty] =====
<EMPTY>

===== 2026-08-20 01:52:28 knot_s1_T0.3 [empty] =====
<EMPTY>

===== 2026-08-20 01:52:28 knot_s1_T0.6 [empty] =====
<EMPTY>

===== 2026-08-20 01:52:29 knot_s1_T0.3 [empty] =====
<EMPTY>

===== 2026-08-20 01:52:29 knot_s1_T0.0 [empty] =====
<EMPTY>

===== 2026-08-20 01:52:29 knot_s1_T0.6 [empty] =====
<EMPTY>

===== 2026-08-20 01:52:29 knot_s1_T0.3 [empty] =====
<EMPTY>

===== 2026-08-20 01:52:29 knot_s1_T0.3 [empty] =====
<EMPTY>

===== 2026-08-20 01:52:29 knot_s1_T0.6 [empty] =====
<EMPTY>

===== 2026-08-20 01:52:29 knot_s1_T0.6 [empty] =====
<EMPTY>

===== 2026-08-20 01:52:30 knot_s1_T0.3 [empty] =====
<EMPTY>

===== 2026-08-20 01:52:30 knot_s1_T0.0 [empty] =====
<EMPTY>

===== 2026-08-20 01:52:30 knot_s1_T0.3 [empty] =====
<EMPTY>

===== 2026-08-20 01:52:30 knot_s1_T0.6 [empty] =====
<EMPTY>

===== 2026-08-20 01:52:30 knot_s1_T0.6 [empty] =====
<EMPTY>

===== 2026-08-20 01:52:30 knot_s1_T0.3 [empty] =====
<EMPTY>

===== 2026-08-20 01:52:30 knot_s1_T0.3 [empty] =====
<EMPTY>

===== 2026-08-20 01:52:30 knot_s1_T0.6 [empty] =====
<EMPTY>

===== 2026-08-20 01:52:30 knot_s1_T0.0 [empty] =====
<EMPTY>

===== 2026-08-20 01:52:30 knot_s1_T0.0 [empty] =====
<EMPTY>

===== 2026-08-20 01:52:31 knot_s1_T0.0 [empty] =====
<EMPTY>

===== 2026-08-20 01:52:31 knot_s1_T0.6 [empty] =====
<EMPTY>

===== 2026-08-20 01:52:31 knot_s1_T0.0 [empty] =====
<EMPTY>

===== 2026-08-20 01:52:31 knot_s1_T0.0 [empty] =====
<EMPTY>

===== 2026-08-20 01:52:31 knot_s1_T0.3 [empty] =====
<EMPTY>

===== 2026-08-20 01:52:31 knot_s1_T0.3 [empty] =====
<EMPTY>

===== 2026-08-20 01:52:31 knot_s1_T0.0 [empty] =====
<EMPTY>

===== 2026-08-20 01:52:32 knot_s1_T0.6 [empty] =====
<EMPTY>

===== 2026-08-20 01:52:32 knot_s1_T0.6 [empty] =====
<EMPTY>

===== 2026-08-20 01:52:32 knot_s1_T0.3 [empty] =====
<EMPTY>

===== 2026-08-20 01:52:32 knot_s1_T0.3 [empty] =====
<EMPTY>

===== 2026-08-20 01:52:32 knot_s1_T0.6 [empty] =====
<EMPTY>

===== 2026-08-20 01:52:32 knot_s1_T0.3 [empty] =====
<EMPTY>

===== 2026-08-20 01:52:32 knot_s1_T0.6 [empty] =====
<EMPTY>

===== 2026-08-20 01:52:32 knot_s1_T0.0 [empty] =====
<EMPTY>

===== 2026-08-20 01:52:32 knot_s1_T0.3 [empty] =====
<EMPTY>

===== 2026-08-20 01:52:33 knot_s1_T0.0 [empty] =====
<EMPTY>

===== 2026-08-20 01:52:33 knot_s1_T0.0 [empty] =====
<EMPTY>

===== 2026-08-20 01:52:33 knot_s1_T0.6 [empty] =====
<EMPTY>

===== 2026-08-20 01:52:33 knot_s1_T0.0 [empty] =====
<EMPTY>

===== 2026-08-20 01:52:33 knot_s1_T0.3 [empty] =====
<EMPTY>

===== 2026-08-20 01:52:33 knot_s1_T0.6 [empty] =====
<EMPTY>

===== 2026-08-20 01:52:33 knot_s1_T0.0 [empty] =====
<EMPTY>

===== 2026-08-20 01:52:34 knot_s1_T0.6 [empty] =====
<EMPTY>

===== 2026-08-20 01:52:34 knot_s2_d3 [empty] =====
<EMPTY>

===== 2026-08-20 01:52:34 knot_s2_d1 [empty] =====
<EMPTY>

===== 2026-08-20 01:52:34 knot_s1_T0.0 [empty] =====
<EMPTY>

===== 2026-08-20 01:52:34 knot_s2_d4 [empty] =====
<EMPTY>

===== 2026-08-20 01:52:34 knot_s1_T0.3 [empty] =====
<EMPTY>

===== 2026-08-20 01:52:34 knot_s2_d0 [empty] =====
<EMPTY>

===== 2026-08-20 01:52:34 knot_s1_T0.6 [empty] =====
<EMPTY>

===== 2026-08-20 01:52:34 knot_s1_T0.3 [empty] =====
<EMPTY>

===== 2026-08-20 01:52:34 knot_s1_T0.6 [empty] =====
<EMPTY>

===== 2026-08-20 01:52:34 knot_s1_T0.3 [empty] =====
<EMPTY>

===== 2026-08-20 01:52:34 knot_s1_T0.0 [empty] =====
<EMPTY>

===== 2026-08-20 01:52:35 knot_s1_T0.3 [empty] =====
<EMPTY>

===== 2026-08-20 01:52:35 knot_s1_T0.0 [empty] =====
<EMPTY>

===== 2026-08-20 01:52:35 knot_s1_T0.6 [empty] =====
<EMPTY>

===== 2026-08-20 01:52:35 knot_s1_T0.3 [empty] =====
<EMPTY>

===== 2026-08-20 01:52:35 knot_s1_T0.6 [empty] =====
<EMPTY>

===== 2026-08-20 01:52:35 knot_s2_d3 [empty] =====
<EMPTY>

===== 2026-08-20 01:52:35 knot_s1_T0.0 [empty] =====
<EMPTY>

===== 2026-08-20 01:52:35 knot_s1_T0.3 [empty] =====
<EMPTY>

===== 2026-08-20 01:52:35 knot_s1_T0.6 [empty] =====
<EMPTY>

===== 2026-08-20 01:52:35 knot_s2_d2 [empty] =====
<EMPTY>

===== 2026-08-20 01:52:35 knot_s2_d4 [empty] =====
<EMPTY>

===== 2026-08-20 01:52:36 knot_s2_d1 [empty] =====
<EMPTY>

===== 2026-08-20 01:52:36 knot_s1_T0.0 [empty] =====
<EMPTY>

===== 2026-08-20 01:52:36 knot_s1_T0.0 [empty] =====
<EMPTY>

===== 2026-08-20 01:52:36 knot_s1_T0.0 [empty] =====
<EMPTY>

===== 2026-08-20 01:52:36 knot_s1_T0.3 [empty] =====
<EMPTY>

===== 2026-08-20 01:52:36 knot_s1_T0.0 [empty] =====
<EMPTY>

===== 2026-08-20 01:52:36 knot_s1_T0.3 [empty] =====
<EMPTY>

===== 2026-08-20 01:52:36 knot_s1_T0.3 [empty] =====
<EMPTY>

===== 2026-08-20 01:52:37 knot_s1_T0.3 [empty] =====
<EMPTY>

===== 2026-08-20 01:52:37 knot_s2_d3 [empty] =====
<EMPTY>

===== 2026-08-20 01:52:37 knot_s1_T0.0 [empty] =====
<EMPTY>

===== 2026-08-20 01:52:37 knot_s1_T0.6 [empty] =====
<EMPTY>

===== 2026-08-20 01:52:37 knot_s1_T0.6 [empty] =====
<EMPTY>

===== 2026-08-20 01:52:37 knot_s1_T0.6 [empty] =====
<EMPTY>

===== 2026-08-20 01:52:37 knot_s1_T0.3 [empty] =====
<EMPTY>

===== 2026-08-20 01:52:37 knot_s1_T0.6 [empty] =====
<EMPTY>

===== 2026-08-20 01:52:37 knot_s1_T0.6 [empty] =====
<EMPTY>

===== 2026-08-20 01:52:37 knot_s2_d2 [empty] =====
<EMPTY>

===== 2026-08-20 01:52:37 knot_s2_d4 [empty] =====
<EMPTY>

===== 2026-08-20 01:52:37 knot_s1_T0.6 [empty] =====
<EMPTY>

===== 2026-08-20 01:52:37 knot_s1_T0.0 [empty] =====
<EMPTY>

===== 2026-08-20 01:52:38 knot_s1_T0.0 [empty] =====
<EMPTY>

===== 2026-08-20 01:52:38 knot_s2_d0 [empty] =====
<EMPTY>

===== 2026-08-20 01:52:38 knot_s1_T0.0 [empty] =====
<EMPTY>

===== 2026-08-20 01:52:38 knot_s2_d1 [empty] =====
<EMPTY>

===== 2026-08-20 01:52:38 knot_s1_T0.3 [empty] =====
<EMPTY>

===== 2026-08-20 01:52:38 knot_s1_T0.0 [empty] =====
<EMPTY>

===== 2026-08-20 01:52:38 knot_s1_T0.3 [empty] =====
<EMPTY>

===== 2026-08-20 01:52:38 knot_s1_T0.0 [empty] =====
<EMPTY>

===== 2026-08-20 01:52:38 knot_s1_T0.6 [empty] =====
<EMPTY>

===== 2026-08-20 01:52:39 knot_s1_T0.3 [empty] =====
<EMPTY>

===== 2026-08-20 01:52:39 knot_s1_T0.0 [empty] =====
<EMPTY>

===== 2026-08-20 01:52:39 knot_s1_T0.3 [empty] =====
<EMPTY>

===== 2026-08-20 01:52:39 knot_s1_T0.6 [empty] =====
<EMPTY>

===== 2026-08-20 01:52:39 knot_s1_T0.6 [empty] =====
<EMPTY>

===== 2026-08-20 01:52:39 knot_s2_d0 [empty] =====
<EMPTY>

===== 2026-08-20 01:52:39 knot_s2_d2 [empty] =====
<EMPTY>

===== 2026-08-20 01:52:40 knot_s1_T0.3 [empty] =====
<EMPTY>

===== 2026-08-20 01:52:40 knot_s1_T0.6 [empty] =====
<EMPTY>

===== 2026-08-20 01:52:40 knot_s1_T0.0 [empty] =====
<EMPTY>

===== 2026-08-20 01:52:40 knot_s1_T0.3 [empty] =====
<EMPTY>

===== 2026-08-20 01:52:40 knot_s1_T0.6 [empty] =====
<EMPTY>

===== 2026-08-20 01:52:40 knot_s1_T0.0 [empty] =====
<EMPTY>

===== 2026-08-20 01:52:40 knot_s1_T0.0 [empty] =====
<EMPTY>

===== 2026-08-20 01:52:40 knot_s1_T0.3 [empty] =====
<EMPTY>

===== 2026-08-20 01:52:40 knot_s1_T0.6 [empty] =====
<EMPTY>

===== 2026-08-20 01:52:40 knot_s1_T0.0 [empty] =====
<EMPTY>

===== 2026-08-20 01:52:41 knot_s1_T0.6 [empty] =====
<EMPTY>

===== 2026-08-20 01:52:41 knot_s1_T0.3 [empty] =====
<EMPTY>

===== 2026-08-20 01:52:41 knot_s1_T0.0 [empty] =====
<EMPTY>

===== 2026-08-20 01:52:41 knot_s1_T0.3 [empty] =====
<EMPTY>

===== 2026-08-20 01:52:41 knot_s1_T0.0 [empty] =====
<EMPTY>

===== 2026-08-20 01:52:41 knot_s1_T0.6 [empty] =====
<EMPTY>

===== 2026-08-20 01:52:41 knot_s1_T0.0 [empty] =====
<EMPTY>

===== 2026-08-20 01:52:41 knot_s1_T0.3 [empty] =====
<EMPTY>

===== 2026-08-20 01:52:41 knot_s1_T0.6 [empty] =====
<EMPTY>

===== 2026-08-20 01:52:42 knot_s1_T0.3 [empty] =====
<EMPTY>

===== 2026-08-20 01:52:42 knot_s1_T0.0 [empty] =====
<EMPTY>

===== 2026-08-20 01:52:42 knot_s1_T0.6 [empty] =====
<EMPTY>

===== 2026-08-20 01:52:42 knot_s1_T0.3 [empty] =====
<EMPTY>

===== 2026-08-20 01:52:42 knot_s1_T0.6 [empty] =====
<EMPTY>

===== 2026-08-20 01:52:42 knot_s1_T0.3 [empty] =====
<EMPTY>

===== 2026-08-20 01:52:42 knot_s1_T0.0 [empty] =====
<EMPTY>

===== 2026-08-20 01:52:42 knot_s1_T0.6 [empty] =====
<EMPTY>

===== 2026-08-20 01:52:42 knot_s1_T0.0 [empty] =====
<EMPTY>

===== 2026-08-20 01:52:42 knot_s1_T0.3 [empty] =====
<EMPTY>

===== 2026-08-20 01:52:42 knot_s1_T0.6 [empty] =====
<EMPTY>

===== 2026-08-20 01:52:42 knot_s1_T0.0 [empty] =====
<EMPTY>

===== 2026-08-20 01:52:42 knot_s1_T0.0 [empty] =====
<EMPTY>

===== 2026-08-20 01:52:42 knot_s1_T0.0 [empty] =====
<EMPTY>

===== 2026-08-20 01:52:42 knot_s1_T0.3 [empty] =====
<EMPTY>

===== 2026-08-20 01:52:42 knot_s1_T0.6 [empty] =====
<EMPTY>

===== 2026-08-20 01:52:42 knot_s1_T0.6 [empty] =====
<EMPTY>

===== 2026-08-20 01:52:43 knot_s1_T0.3 [empty] =====
<EMPTY>

===== 2026-08-20 01:52:43 knot_s1_T0.3 [empty] =====
<EMPTY>

===== 2026-08-20 01:52:43 knot_s1_T0.0 [empty] =====
<EMPTY>

===== 2026-08-20 01:52:43 knot_s1_T0.3 [empty] =====
<EMPTY>

===== 2026-08-20 01:52:43 knot_s1_T0.6 [empty] =====
<EMPTY>

===== 2026-08-20 01:52:43 knot_s1_T0.6 [empty] =====
<EMPTY>

===== 2026-08-20 01:52:44 knot_s1_T0.3 [empty] =====
<EMPTY>

===== 2026-08-20 01:52:44 knot_s1_T0.3 [empty] =====
<EMPTY>

===== 2026-08-20 01:52:44 knot_s1_T0.6 [empty] =====
<EMPTY>

===== 2026-08-20 01:52:44 knot_s1_T0.0 [empty] =====
<EMPTY>

===== 2026-08-20 01:52:44 knot_s1_T0.3 [empty] =====
<EMPTY>

===== 2026-08-20 01:52:44 knot_s1_T0.6 [empty] =====
<EMPTY>

===== 2026-08-20 01:52:44 knot_s1_T0.6 [empty] =====
<EMPTY>

===== 2026-08-20 01:52:44 knot_s1_T0.3 [empty] =====
<EMPTY>

===== 2026-08-20 01:52:44 knot_s1_T0.0 [empty] =====
<EMPTY>

===== 2026-08-20 01:52:44 knot_s1_T0.0 [empty] =====
<EMPTY>

===== 2026-08-20 01:52:44 knot_s1_T0.0 [empty] =====
<EMPTY>

===== 2026-08-20 01:52:44 knot_s1_T0.6 [empty] =====
<EMPTY>

===== 2026-08-20 01:52:44 knot_s1_T0.0 [empty] =====
<EMPTY>

===== 2026-08-20 01:52:44 knot_s1_T0.6 [empty] =====
<EMPTY>

===== 2026-08-20 01:52:45 knot_s1_T0.3 [empty] =====
<EMPTY>

===== 2026-08-20 01:52:45 knot_s1_T0.6 [empty] =====
<EMPTY>

===== 2026-08-20 01:52:45 knot_s1_T0.0 [empty] =====
<EMPTY>

===== 2026-08-20 01:52:45 knot_s1_T0.3 [empty] =====
<EMPTY>

===== 2026-08-20 01:52:45 knot_s1_T0.0 [empty] =====
<EMPTY>

===== 2026-08-20 01:52:45 knot_s1_T0.6 [empty] =====
<EMPTY>

===== 2026-08-20 01:52:45 knot_s1_T0.6 [empty] =====
<EMPTY>

===== 2026-08-20 01:52:45 knot_s1_T0.3 [empty] =====
<EMPTY>

===== 2026-08-20 01:52:46 knot_s1_T0.0 [empty] =====
<EMPTY>

===== 2026-08-20 01:52:46 knot_s1_T0.3 [empty] =====
<EMPTY>

===== 2026-08-20 01:52:46 knot_s1_T0.0 [empty] =====
<EMPTY>

===== 2026-08-20 01:52:46 knot_s1_T0.3 [empty] =====
<EMPTY>

===== 2026-08-20 01:52:46 knot_s1_T0.6 [empty] =====
<EMPTY>

===== 2026-08-20 01:52:46 knot_s1_T0.3 [empty] =====
<EMPTY>

===== 2026-08-20 01:52:46 knot_s1_T0.6 [empty] =====
<EMPTY>

===== 2026-08-20 01:52:46 knot_s1_T0.0 [empty] =====
<EMPTY>

===== 2026-08-20 01:52:46 knot_s1_T0.0 [empty] =====
<EMPTY>

===== 2026-08-20 01:52:46 knot_s1_T0.6 [empty] =====
<EMPTY>

===== 2026-08-20 01:52:46 knot_s1_T0.0 [empty] =====
<EMPTY>

===== 2026-08-20 01:52:46 knot_s1_T0.3 [empty] =====
<EMPTY>

===== 2026-08-20 01:52:47 knot_s1_T0.6 [empty] =====
<EMPTY>

===== 2026-08-20 01:52:47 knot_s1_T0.6 [empty] =====
<EMPTY>

===== 2026-08-20 01:52:47 knot_s1_T0.0 [empty] =====
<EMPTY>

===== 2026-08-20 01:52:47 knot_s1_T0.0 [empty] =====
<EMPTY>

===== 2026-08-20 01:52:47 knot_s1_T0.3 [empty] =====
<EMPTY>

===== 2026-08-20 01:52:47 knot_s1_T0.3 [empty] =====
<EMPTY>

===== 2026-08-20 01:52:47 knot_s1_T0.6 [empty] =====
<EMPTY>

===== 2026-08-20 01:52:48 knot_s1_T0.0 [empty] =====
<EMPTY>

===== 2026-08-20 01:52:48 knot_s1_T0.3 [empty] =====
<EMPTY>

===== 2026-08-20 01:52:48 knot_s1_T0.0 [empty] =====
<EMPTY>

===== 2026-08-20 01:52:48 knot_s1_T0.3 [empty] =====
<EMPTY>

===== 2026-08-20 01:52:48 knot_s1_T0.6 [empty] =====
<EMPTY>

===== 2026-08-20 01:52:48 knot_s1_T0.0 [empty] =====
<EMPTY>

===== 2026-08-20 01:52:48 knot_s1_T0.6 [empty] =====
<EMPTY>

===== 2026-08-20 01:52:48 knot_s1_T0.3 [empty] =====
<EMPTY>

===== 2026-08-20 01:52:48 knot_s1_T0.0 [empty] =====
<EMPTY>

===== 2026-08-20 01:52:48 knot_s1_T0.6 [empty] =====
<EMPTY>

===== 2026-08-20 01:52:48 knot_s1_T0.0 [empty] =====
<EMPTY>

===== 2026-08-20 01:52:48 knot_s1_T0.3 [empty] =====
<EMPTY>

===== 2026-08-20 01:52:48 knot_s1_T0.0 [empty] =====
<EMPTY>

===== 2026-08-20 01:52:49 knot_s1_T0.6 [empty] =====
<EMPTY>

===== 2026-08-20 01:52:49 knot_s1_T0.0 [empty] =====
<EMPTY>

===== 2026-08-20 01:52:49 knot_s1_T0.3 [empty] =====
<EMPTY>

===== 2026-08-20 01:52:49 knot_s1_T0.3 [empty] =====
<EMPTY>

===== 2026-08-20 01:52:49 knot_s1_T0.6 [empty] =====
<EMPTY>

===== 2026-08-20 01:52:49 knot_s1_T0.6 [empty] =====
<EMPTY>

===== 2026-08-20 01:52:49 knot_s1_T0.3 [empty] =====
<EMPTY>

===== 2026-08-20 01:52:49 knot_s1_T0.3 [empty] =====
<EMPTY>

===== 2026-08-20 01:52:49 knot_s1_T0.6 [empty] =====
<EMPTY>

===== 2026-08-20 01:52:49 knot_s1_T0.0 [empty] =====
<EMPTY>

===== 2026-08-20 01:52:50 knot_s1_T0.3 [empty] =====
<EMPTY>

===== 2026-08-20 01:52:50 knot_s1_T0.0 [empty] =====
<EMPTY>

===== 2026-08-20 01:52:50 knot_s1_T0.3 [empty] =====
<EMPTY>

===== 2026-08-20 01:52:50 knot_s1_T0.6 [empty] =====
<EMPTY>

===== 2026-08-20 01:52:50 knot_s1_T0.0 [empty] =====
<EMPTY>

===== 2026-08-20 01:52:50 knot_s1_T0.6 [empty] =====
<EMPTY>

===== 2026-08-20 01:52:50 knot_s1_T0.0 [empty] =====
<EMPTY>

===== 2026-08-20 01:52:50 knot_s1_T0.6 [empty] =====
<EMPTY>

===== 2026-08-20 01:52:50 knot_s1_T0.6 [empty] =====
<EMPTY>

===== 2026-08-20 01:52:50 knot_s1_T0.0 [empty] =====
<EMPTY>

===== 2026-08-20 01:52:50 knot_s1_T0.3 [empty] =====
<EMPTY>

===== 2026-08-20 01:52:50 knot_s1_T0.0 [empty] =====
<EMPTY>

===== 2026-08-20 01:52:50 knot_s1_T0.0 [empty] =====
<EMPTY>

===== 2026-08-20 01:52:51 knot_s1_T0.6 [empty] =====
<EMPTY>

===== 2026-08-20 01:52:51 knot_s1_T0.3 [empty] =====
<EMPTY>

===== 2026-08-20 01:52:51 knot_s1_T0.0 [empty] =====
<EMPTY>

===== 2026-08-20 01:52:51 knot_s1_T0.3 [empty] =====
<EMPTY>

===== 2026-08-20 01:52:51 knot_s1_T0.6 [empty] =====
<EMPTY>

===== 2026-08-20 01:52:51 knot_s1_T0.6 [empty] =====
<EMPTY>

===== 2026-08-20 01:52:51 knot_s1_T0.3 [empty] =====
<EMPTY>

===== 2026-08-20 01:52:51 knot_s1_T0.0 [empty] =====
<EMPTY>

===== 2026-08-20 01:52:52 knot_s1_T0.3 [empty] =====
<EMPTY>

===== 2026-08-20 01:52:52 knot_s1_T0.0 [empty] =====
<EMPTY>

===== 2026-08-20 01:52:52 knot_s1_T0.6 [empty] =====
<EMPTY>

===== 2026-08-20 01:52:52 knot_s1_T0.6 [empty] =====
<EMPTY>

===== 2026-08-20 01:52:52 knot_s1_T0.6 [empty] =====
<EMPTY>

===== 2026-08-20 01:52:52 knot_s1_T0.0 [empty] =====
<EMPTY>

===== 2026-08-20 01:52:52 knot_s1_T0.3 [empty] =====
<EMPTY>

===== 2026-08-20 01:52:52 knot_s1_T0.3 [empty] =====
<EMPTY>

===== 2026-08-20 01:52:52 knot_s1_T0.6 [empty] =====
<EMPTY>

===== 2026-08-20 01:52:52 knot_s1_T0.0 [empty] =====
<EMPTY>

===== 2026-08-20 01:52:53 knot_s1_T0.6 [empty] =====
<EMPTY>

===== 2026-08-20 01:52:53 knot_s1_T0.3 [empty] =====
<EMPTY>

===== 2026-08-20 01:52:53 knot_s1_T0.0 [empty] =====
<EMPTY>

===== 2026-08-20 01:52:53 knot_s1_T0.3 [empty] =====
<EMPTY>

===== 2026-08-20 01:52:53 knot_s1_T0.3 [empty] =====
<EMPTY>

===== 2026-08-20 01:52:53 knot_s1_T0.6 [empty] =====
<EMPTY>

===== 2026-08-20 01:52:53 knot_s1_T0.3 [empty] =====
<EMPTY>

===== 2026-08-20 01:52:53 knot_s1_T0.6 [empty] =====
<EMPTY>

===== 2026-08-20 01:52:53 knot_s1_T0.0 [empty] =====
<EMPTY>

===== 2026-08-20 01:52:53 knot_s1_T0.0 [empty] =====
<EMPTY>

===== 2026-08-20 01:52:53 knot_s1_T0.3 [empty] =====
<EMPTY>

===== 2026-08-20 01:52:54 knot_s1_T0.0 [empty] =====
<EMPTY>

===== 2026-08-20 01:52:54 knot_s1_T0.0 [empty] =====
<EMPTY>

===== 2026-08-20 01:52:54 knot_s1_T0.3 [empty] =====
<EMPTY>

===== 2026-08-20 01:52:54 knot_s1_T0.3 [empty] =====
<EMPTY>

===== 2026-08-20 01:52:54 knot_s1_T0.0 [empty] =====
<EMPTY>

===== 2026-08-20 01:52:54 knot_s1_T0.6 [empty] =====
<EMPTY>

===== 2026-08-20 01:52:54 knot_s1_T0.6 [empty] =====
<EMPTY>

===== 2026-08-20 01:52:54 knot_s1_T0.0 [empty] =====
<EMPTY>

===== 2026-08-20 01:52:54 knot_s1_T0.6 [empty] =====
<EMPTY>

===== 2026-08-20 01:52:55 knot_s1_T0.3 [empty] =====
<EMPTY>

===== 2026-08-20 01:52:55 knot_s1_T0.6 [empty] =====
<EMPTY>

===== 2026-08-20 01:52:55 knot_s1_T0.0 [empty] =====
<EMPTY>

===== 2026-08-20 01:52:55 knot_s1_T0.3 [empty] =====
<EMPTY>

===== 2026-08-20 01:52:55 knot_s1_T0.0 [empty] =====
<EMPTY>

===== 2026-08-20 01:52:55 knot_s1_T0.6 [empty] =====
<EMPTY>

===== 2026-08-20 01:52:55 knot_s1_T0.6 [empty] =====
<EMPTY>

===== 2026-08-20 01:52:55 knot_s1_T0.3 [empty] =====
<EMPTY>

===== 2026-08-20 01:52:55 knot_s1_T0.6 [empty] =====
<EMPTY>

===== 2026-08-20 01:52:55 knot_s1_T0.3 [empty] =====
<EMPTY>

===== 2026-08-20 01:52:55 knot_s1_T0.0 [empty] =====
<EMPTY>

===== 2026-08-20 01:52:55 knot_s1_T0.3 [empty] =====
<EMPTY>

===== 2026-08-20 01:52:56 knot_s1_T0.0 [empty] =====
<EMPTY>

===== 2026-08-20 01:52:56 knot_s1_T0.6 [empty] =====
<EMPTY>

===== 2026-08-20 01:52:56 knot_s1_T0.0 [empty] =====
<EMPTY>

===== 2026-08-20 01:52:56 knot_s1_T0.3 [empty] =====
<EMPTY>

===== 2026-08-20 01:52:56 knot_s1_T0.6 [empty] =====
<EMPTY>

===== 2026-08-20 01:52:56 knot_s1_T0.0 [empty] =====
<EMPTY>

===== 2026-08-20 01:52:56 knot_s1_T0.6 [empty] =====
<EMPTY>

===== 2026-08-20 01:52:56 knot_s1_T0.0 [empty] =====
<EMPTY>

===== 2026-08-20 01:52:56 knot_s1_T0.3 [empty] =====
<EMPTY>

===== 2026-08-20 01:52:57 knot_s1_T0.0 [empty] =====
<EMPTY>

===== 2026-08-20 01:52:57 knot_s1_T0.0 [empty] =====
<EMPTY>

===== 2026-08-20 01:52:57 knot_s1_T0.3 [empty] =====
<EMPTY>

===== 2026-08-20 01:52:57 knot_s1_T0.6 [empty] =====
<EMPTY>

===== 2026-08-20 01:52:57 knot_s1_T0.6 [empty] =====
<EMPTY>

===== 2026-08-20 01:52:57 knot_s1_T0.0 [empty] =====
<EMPTY>

===== 2026-08-20 01:52:57 knot_s1_T0.6 [empty] =====
<EMPTY>

===== 2026-08-20 01:52:57 knot_s1_T0.3 [empty] =====
<EMPTY>

===== 2026-08-20 01:52:57 knot_s1_T0.6 [empty] =====
<EMPTY>

===== 2026-08-20 01:52:57 knot_s1_T0.3 [empty] =====
<EMPTY>

===== 2026-08-20 01:52:57 knot_s1_T0.3 [empty] =====
<EMPTY>

===== 2026-08-20 01:52:57 knot_s1_T0.0 [empty] =====
<EMPTY>

===== 2026-08-20 01:52:57 knot_s1_T0.0 [empty] =====
<EMPTY>

===== 2026-08-20 01:52:58 knot_s1_T0.3 [empty] =====
<EMPTY>

===== 2026-08-20 01:52:58 knot_s1_T0.0 [empty] =====
<EMPTY>

===== 2026-08-20 01:52:58 knot_s1_T0.3 [empty] =====
<EMPTY>

===== 2026-08-20 01:52:58 knot_s1_T0.6 [empty] =====
<EMPTY>

===== 2026-08-20 01:52:58 knot_s1_T0.6 [empty] =====
<EMPTY>

===== 2026-08-20 01:52:58 knot_s1_T0.3 [empty] =====
<EMPTY>

===== 2026-08-20 01:52:58 knot_s1_T0.6 [empty] =====
<EMPTY>

===== 2026-08-20 01:52:58 knot_s1_T0.0 [empty] =====
<EMPTY>

===== 2026-08-20 01:52:58 knot_s1_T0.3 [empty] =====
<EMPTY>

===== 2026-08-20 01:52:58 knot_s1_T0.0 [empty] =====
<EMPTY>

===== 2026-08-20 01:52:59 knot_s1_T0.3 [empty] =====
<EMPTY>

===== 2026-08-20 01:52:59 knot_s1_T0.6 [empty] =====
<EMPTY>

===== 2026-08-20 01:52:59 knot_s1_T0.6 [empty] =====
<EMPTY>

===== 2026-08-20 01:52:59 knot_s1_T0.6 [empty] =====
<EMPTY>

===== 2026-08-20 01:52:59 knot_s1_T0.3 [empty] =====
<EMPTY>

===== 2026-08-20 01:52:59 knot_s1_T0.3 [empty] =====
<EMPTY>

===== 2026-08-20 01:52:59 knot_s1_T0.0 [empty] =====
<EMPTY>

===== 2026-08-20 01:52:59 knot_s1_T0.6 [empty] =====
<EMPTY>

===== 2026-08-20 01:52:59 knot_s1_T0.0 [empty] =====
<EMPTY>

===== 2026-08-20 01:52:59 knot_s1_T0.6 [empty] =====
<EMPTY>

===== 2026-08-20 01:52:59 knot_s1_T0.0 [empty] =====
<EMPTY>

===== 2026-08-20 01:52:59 knot_s1_T0.6 [empty] =====
<EMPTY>

===== 2026-08-20 01:52:59 knot_s1_T0.0 [empty] =====
<EMPTY>

===== 2026-08-20 01:52:59 knot_s1_T0.0 [empty] =====
<EMPTY>

===== 2026-08-20 01:52:59 knot_s1_T0.3 [empty] =====
<EMPTY>

===== 2026-08-20 01:53:00 knot_s1_T0.3 [empty] =====
<EMPTY>

===== 2026-08-20 01:53:00 knot_s1_T0.6 [empty] =====
<EMPTY>

===== 2026-08-20 01:53:00 knot_s1_T0.3 [empty] =====
<EMPTY>

===== 2026-08-20 01:53:00 knot_s1_T0.6 [empty] =====
<EMPTY>

===== 2026-08-20 01:53:00 knot_s1_T0.0 [empty] =====
<EMPTY>

===== 2026-08-20 01:53:00 knot_s1_T0.3 [empty] =====
<EMPTY>

===== 2026-08-20 01:53:00 knot_s1_T0.0 [empty] =====
<EMPTY>

===== 2026-08-20 01:53:00 knot_s1_T0.0 [empty] =====
<EMPTY>

===== 2026-08-20 01:53:01 knot_s1_T0.3 [empty] =====
<EMPTY>

===== 2026-08-20 01:53:01 knot_s1_T0.6 [empty] =====
<EMPTY>

===== 2026-08-20 01:53:01 knot_s1_T0.0 [empty] =====
<EMPTY>

===== 2026-08-20 01:53:01 knot_s1_T0.3 [empty] =====
<EMPTY>

===== 2026-08-20 01:53:01 knot_s1_T0.0 [empty] =====
<EMPTY>

===== 2026-08-20 01:53:01 knot_s1_T0.6 [empty] =====
<EMPTY>

===== 2026-08-20 01:53:01 knot_s1_T0.6 [empty] =====
<EMPTY>

===== 2026-08-20 01:53:01 knot_s1_T0.3 [empty] =====
<EMPTY>

===== 2026-08-20 01:53:01 knot_s1_T0.3 [empty] =====
<EMPTY>

===== 2026-08-20 01:53:01 knot_s1_T0.6 [empty] =====
<EMPTY>

===== 2026-08-20 01:53:02 knot_s1_T0.0 [empty] =====
<EMPTY>

===== 2026-08-20 01:53:02 knot_s1_T0.6 [empty] =====
<EMPTY>

===== 2026-08-20 01:53:02 knot_s1_T0.3 [empty] =====
<EMPTY>

===== 2026-08-20 01:53:02 knot_s1_T0.6 [empty] =====
<EMPTY>

===== 2026-08-20 01:53:02 knot_s1_T0.0 [empty] =====
<EMPTY>

===== 2026-08-20 01:53:02 knot_s1_T0.3 [empty] =====
<EMPTY>

===== 2026-08-20 01:53:03 knot_s1_T0.3 [empty] =====
<EMPTY>

===== 2026-08-20 01:53:03 knot_s1_T0.6 [empty] =====
<EMPTY>

===== 2026-08-20 01:53:03 knot_s1_T0.0 [empty] =====
<EMPTY>

===== 2026-08-20 01:53:03 knot_s1_T0.6 [empty] =====
<EMPTY>

===== 2026-08-20 01:53:03 knot_s1_T0.0 [empty] =====
<EMPTY>

===== 2026-08-20 01:53:03 knot_s1_T0.6 [empty] =====
<EMPTY>

===== 2026-08-20 01:53:03 knot_s1_T0.0 [empty] =====
<EMPTY>

===== 2026-08-20 01:53:03 knot_s1_T0.6 [empty] =====
<EMPTY>

===== 2026-08-20 01:53:03 knot_s1_T0.3 [empty] =====
<EMPTY>

===== 2026-08-20 01:53:03 knot_s1_T0.3 [empty] =====
<EMPTY>

===== 2026-08-20 01:53:03 knot_s1_T0.6 [empty] =====
<EMPTY>

===== 2026-08-20 01:53:03 knot_s1_T0.3 [empty] =====
<EMPTY>

===== 2026-08-20 01:53:03 knot_s1_T0.3 [empty] =====
<EMPTY>

===== 2026-08-20 01:53:03 knot_s1_T0.0 [empty] =====
<EMPTY>

===== 2026-08-20 01:53:04 knot_s1_T0.6 [empty] =====
<EMPTY>

===== 2026-08-20 01:53:04 knot_s1_T0.3 [empty] =====
<EMPTY>

===== 2026-08-20 01:53:04 knot_s1_T0.3 [empty] =====
<EMPTY>

===== 2026-08-20 01:53:04 knot_s1_T0.0 [empty] =====
<EMPTY>

===== 2026-08-20 01:53:04 knot_s1_T0.0 [empty] =====
<EMPTY>

===== 2026-08-20 01:53:05 knot_s1_T0.3 [empty] =====
<EMPTY>

===== 2026-08-20 01:53:05 knot_s1_T0.0 [empty] =====
<EMPTY>

===== 2026-08-20 01:53:05 knot_s1_T0.0 [empty] =====
<EMPTY>

===== 2026-08-20 01:53:05 knot_s1_T0.6 [empty] =====
<EMPTY>

===== 2026-08-20 01:53:05 knot_s1_T0.6 [empty] =====
<EMPTY>

===== 2026-08-20 01:53:05 knot_s1_T0.0 [empty] =====
<EMPTY>

===== 2026-08-20 01:53:05 knot_s1_T0.3 [empty] =====
<EMPTY>

===== 2026-08-20 01:53:05 knot_s1_T0.0 [empty] =====
<EMPTY>

===== 2026-08-20 01:53:05 knot_s1_T0.3 [empty] =====
<EMPTY>

===== 2026-08-20 01:53:05 knot_s1_T0.6 [empty] =====
<EMPTY>

===== 2026-08-20 01:53:05 knot_s1_T0.3 [empty] =====
<EMPTY>

===== 2026-08-20 01:53:05 knot_s1_T0.0 [empty] =====
<EMPTY>

===== 2026-08-20 01:53:05 knot_s1_T0.3 [empty] =====
<EMPTY>

===== 2026-08-20 01:53:05 knot_s1_T0.6 [empty] =====
<EMPTY>

===== 2026-08-20 01:53:06 knot_s1_T0.3 [empty] =====
<EMPTY>

===== 2026-08-20 01:53:06 knot_s1_T0.3 [empty] =====
<EMPTY>

===== 2026-08-20 01:53:06 knot_s1_T0.6 [empty] =====
<EMPTY>

===== 2026-08-20 01:53:06 knot_s1_T0.3 [empty] =====
<EMPTY>

===== 2026-08-20 01:53:06 knot_s1_T0.3 [empty] =====
<EMPTY>

===== 2026-08-20 01:53:06 knot_s1_T0.6 [empty] =====
<EMPTY>

===== 2026-08-20 01:53:06 knot_s1_T0.6 [empty] =====
<EMPTY>

===== 2026-08-20 01:53:06 knot_s1_T0.6 [empty] =====
<EMPTY>

===== 2026-08-20 01:53:06 knot_s1_T0.0 [empty] =====
<EMPTY>

===== 2026-08-20 01:53:06 knot_s1_T0.0 [empty] =====
<EMPTY>

===== 2026-08-20 01:53:07 knot_s1_T0.0 [empty] =====
<EMPTY>

===== 2026-08-20 01:53:07 knot_s1_T0.6 [empty] =====
<EMPTY>

===== 2026-08-20 01:53:07 knot_s1_T0.6 [empty] =====
<EMPTY>

===== 2026-08-20 01:53:07 knot_s1_T0.0 [empty] =====
<EMPTY>

===== 2026-08-20 01:53:07 knot_s1_T0.0 [empty] =====
<EMPTY>

===== 2026-08-20 01:53:07 knot_s1_T0.3 [empty] =====
<EMPTY>

===== 2026-08-20 01:53:07 knot_s1_T0.6 [empty] =====
<EMPTY>

===== 2026-08-20 01:53:07 knot_s1_T0.3 [empty] =====
<EMPTY>

===== 2026-08-20 01:53:07 knot_s1_T0.0 [empty] =====
<EMPTY>

===== 2026-08-20 01:53:07 knot_s1_T0.6 [empty] =====
<EMPTY>

===== 2026-08-20 01:53:07 knot_s1_T0.3 [empty] =====
<EMPTY>

===== 2026-08-20 01:53:07 knot_s1_T0.3 [empty] =====
<EMPTY>

===== 2026-08-20 01:53:07 knot_s1_T0.3 [empty] =====
<EMPTY>

===== 2026-08-20 01:53:08 knot_s1_T0.3 [empty] =====
<EMPTY>

===== 2026-08-20 01:53:08 knot_s1_T0.0 [empty] =====
<EMPTY>

===== 2026-08-20 01:53:08 knot_s1_T0.6 [empty] =====
<EMPTY>

===== 2026-08-20 01:53:08 knot_s1_T0.3 [empty] =====
<EMPTY>

===== 2026-08-20 01:53:08 knot_s1_T0.6 [empty] =====
<EMPTY>

===== 2026-08-20 01:53:08 knot_s1_T0.0 [empty] =====
<EMPTY>

===== 2026-08-20 01:53:08 knot_s1_T0.0 [empty] =====
<EMPTY>

===== 2026-08-20 01:53:09 knot_s1_T0.6 [empty] =====
<EMPTY>

===== 2026-08-20 01:53:09 knot_s1_T0.0 [empty] =====
<EMPTY>

===== 2026-08-20 01:53:09 knot_s1_T0.0 [empty] =====
<EMPTY>

===== 2026-08-20 01:53:09 knot_s1_T0.6 [empty] =====
<EMPTY>

===== 2026-08-20 01:53:09 knot_s1_T0.3 [empty] =====
<EMPTY>

===== 2026-08-20 01:53:09 knot_s1_T0.6 [empty] =====
<EMPTY>

===== 2026-08-20 01:53:09 knot_s1_T0.6 [empty] =====
<EMPTY>

===== 2026-08-20 01:53:09 knot_s1_T0.0 [empty] =====
<EMPTY>

===== 2026-08-20 01:53:09 knot_s1_T0.3 [empty] =====
<EMPTY>

===== 2026-08-20 01:53:10 knot_s1_T0.6 [empty] =====
<EMPTY>

===== 2026-08-20 01:53:10 knot_s1_T0.6 [empty] =====
<EMPTY>

===== 2026-08-20 01:53:10 knot_s1_T0.3 [empty] =====
<EMPTY>

===== 2026-08-20 01:53:10 knot_s1_T0.0 [empty] =====
<EMPTY>

===== 2026-08-20 01:53:10 knot_s1_T0.0 [empty] =====
<EMPTY>

===== 2026-08-20 01:53:10 knot_s1_T0.6 [empty] =====
<EMPTY>

===== 2026-08-20 01:53:10 knot_s1_T0.3 [empty] =====
<EMPTY>

===== 2026-08-20 01:53:10 knot_s1_T0.3 [empty] =====
<EMPTY>

===== 2026-08-20 01:53:10 knot_s1_T0.6 [empty] =====
<EMPTY>

===== 2026-08-20 01:53:10 knot_s1_T0.0 [empty] =====
<EMPTY>

===== 2026-08-20 01:53:10 knot_s1_T0.3 [empty] =====
<EMPTY>

===== 2026-08-20 01:53:10 knot_s1_T0.6 [empty] =====
<EMPTY>

===== 2026-08-20 01:53:11 knot_s1_T0.6 [empty] =====
<EMPTY>

===== 2026-08-20 01:53:11 knot_s1_T0.0 [empty] =====
<EMPTY>

===== 2026-08-20 01:53:11 knot_s1_T0.0 [empty] =====
<EMPTY>

===== 2026-08-20 01:53:11 knot_s1_T0.6 [empty] =====
<EMPTY>

===== 2026-08-20 01:53:11 knot_s1_T0.3 [empty] =====
<EMPTY>

===== 2026-08-20 01:53:11 knot_s1_T0.3 [empty] =====
<EMPTY>

===== 2026-08-20 01:53:11 knot_s1_T0.0 [empty] =====
<EMPTY>

===== 2026-08-20 01:53:11 knot_s1_T0.3 [empty] =====
<EMPTY>

===== 2026-08-20 01:53:11 knot_s1_T0.6 [empty] =====
<EMPTY>

===== 2026-08-20 01:53:11 knot_s1_T0.0 [empty] =====
<EMPTY>

===== 2026-08-20 01:53:11 knot_s1_T0.6 [empty] =====
<EMPTY>

===== 2026-08-20 01:53:11 knot_s1_T0.3 [empty] =====
<EMPTY>

===== 2026-08-20 01:53:12 knot_s1_T0.6 [empty] =====
<EMPTY>

===== 2026-08-20 01:53:12 knot_s1_T0.3 [empty] =====
<EMPTY>

===== 2026-08-20 01:53:12 knot_s1_T0.0 [empty] =====
<EMPTY>

===== 2026-08-20 01:53:12 knot_s1_T0.0 [empty] =====
<EMPTY>

===== 2026-08-20 01:53:12 knot_s1_T0.3 [empty] =====
<EMPTY>

===== 2026-08-20 01:53:12 knot_s1_T0.3 [empty] =====
<EMPTY>

===== 2026-08-20 01:53:12 knot_s1_T0.6 [empty] =====
<EMPTY>

===== 2026-08-20 01:53:12 knot_s1_T0.0 [empty] =====
<EMPTY>

===== 2026-08-20 01:53:12 knot_s1_T0.0 [empty] =====
<EMPTY>

===== 2026-08-20 01:53:12 knot_s1_T0.3 [empty] =====
<EMPTY>

===== 2026-08-20 01:53:12 knot_s1_T0.6 [empty] =====
<EMPTY>

===== 2026-08-20 01:53:12 knot_s1_T0.6 [empty] =====
<EMPTY>

===== 2026-08-20 01:53:12 knot_s1_T0.0 [empty] =====
<EMPTY>

===== 2026-08-20 01:53:13 knot_s1_T0.0 [empty] =====
<EMPTY>

===== 2026-08-20 01:53:13 knot_s1_T0.6 [empty] =====
<EMPTY>

===== 2026-08-20 01:53:13 knot_s1_T0.3 [empty] =====
<EMPTY>

===== 2026-08-20 01:53:13 knot_s1_T0.0 [empty] =====
<EMPTY>

===== 2026-08-20 01:53:13 knot_s1_T0.6 [empty] =====
<EMPTY>

===== 2026-08-20 01:53:13 knot_s1_T0.0 [empty] =====
<EMPTY>

===== 2026-08-20 01:53:13 knot_s1_T0.3 [empty] =====
<EMPTY>

===== 2026-08-20 01:53:13 knot_s1_T0.6 [empty] =====
<EMPTY>

===== 2026-08-20 01:53:13 knot_s1_T0.3 [empty] =====
<EMPTY>

===== 2026-08-20 01:53:14 knot_s1_T0.3 [empty] =====
<EMPTY>

===== 2026-08-20 01:53:14 knot_s1_T0.6 [empty] =====
<EMPTY>

===== 2026-08-20 01:53:14 knot_s1_T0.0 [empty] =====
<EMPTY>

===== 2026-08-20 01:53:14 knot_s1_T0.0 [empty] =====
<EMPTY>

===== 2026-08-20 01:53:14 knot_s1_T0.0 [empty] =====
<EMPTY>

===== 2026-08-20 01:53:14 knot_s1_T0.0 [empty] =====
<EMPTY>

===== 2026-08-20 01:53:14 knot_s1_T0.6 [empty] =====
<EMPTY>

===== 2026-08-20 01:53:14 knot_s1_T0.3 [empty] =====
<EMPTY>

===== 2026-08-20 01:53:14 knot_s1_T0.6 [empty] =====
<EMPTY>

===== 2026-08-20 01:53:15 knot_s1_T0.3 [empty] =====
<EMPTY>

===== 2026-08-20 01:53:15 knot_s1_T0.3 [empty] =====
<EMPTY>

===== 2026-08-20 01:53:15 knot_s1_T0.0 [empty] =====
<EMPTY>

===== 2026-08-20 01:53:15 knot_s1_T0.0 [empty] =====
<EMPTY>

===== 2026-08-20 01:53:15 knot_s1_T0.3 [empty] =====
<EMPTY>

===== 2026-08-20 01:53:15 knot_s1_T0.3 [empty] =====
<EMPTY>

===== 2026-08-20 01:53:15 knot_s1_T0.6 [empty] =====
<EMPTY>

===== 2026-08-20 01:53:15 knot_s1_T0.6 [empty] =====
<EMPTY>

===== 2026-08-20 01:53:15 knot_s1_T0.0 [empty] =====
<EMPTY>

===== 2026-08-20 01:53:15 knot_s1_T0.6 [empty] =====
<EMPTY>

===== 2026-08-20 01:53:15 knot_s1_T0.3 [empty] =====
<EMPTY>

===== 2026-08-20 01:53:15 knot_s1_T0.0 [empty] =====
<EMPTY>

===== 2026-08-20 01:53:16 knot_s1_T0.6 [empty] =====
<EMPTY>

===== 2026-08-20 01:53:16 knot_s1_T0.3 [empty] =====
<EMPTY>

===== 2026-08-20 01:53:16 knot_s1_T0.0 [empty] =====
<EMPTY>

===== 2026-08-20 01:53:16 knot_s1_T0.0 [empty] =====
<EMPTY>

===== 2026-08-20 01:53:16 knot_s1_T0.3 [empty] =====
<EMPTY>

===== 2026-08-20 01:53:16 knot_s1_T0.6 [empty] =====
<EMPTY>

===== 2026-08-20 01:53:16 knot_s1_T0.3 [empty] =====
<EMPTY>

===== 2026-08-20 01:53:16 knot_s1_T0.6 [empty] =====
<EMPTY>

===== 2026-08-20 01:53:16 knot_s1_T0.3 [empty] =====
<EMPTY>

===== 2026-08-20 01:53:17 knot_s1_T0.3 [empty] =====
<EMPTY>

===== 2026-08-20 01:53:17 knot_s1_T0.0 [empty] =====
<EMPTY>

===== 2026-08-20 01:53:17 knot_s1_T0.6 [empty] =====
<EMPTY>

===== 2026-08-20 01:53:17 knot_s1_T0.0 [empty] =====
<EMPTY>

===== 2026-08-20 01:53:17 knot_s1_T0.6 [empty] =====
<EMPTY>

===== 2026-08-20 01:53:17 knot_s1_T0.3 [empty] =====
<EMPTY>

===== 2026-08-20 01:53:17 knot_s1_T0.6 [empty] =====
<EMPTY>

===== 2026-08-20 01:53:17 knot_s1_T0.3 [empty] =====
<EMPTY>

===== 2026-08-20 01:53:17 knot_s1_T0.0 [empty] =====
<EMPTY>

===== 2026-08-20 01:53:17 knot_s1_T0.6 [empty] =====
<EMPTY>

===== 2026-08-20 01:53:17 knot_s1_T0.0 [empty] =====
<EMPTY>

===== 2026-08-20 01:53:17 knot_s1_T0.0 [empty] =====
<EMPTY>

===== 2026-08-20 01:53:18 knot_s1_T0.6 [empty] =====
<EMPTY>

===== 2026-08-20 01:53:18 knot_s1_T0.3 [empty] =====
<EMPTY>

===== 2026-08-20 01:53:18 knot_s1_T0.0 [empty] =====
<EMPTY>

===== 2026-08-20 01:53:18 knot_s1_T0.0 [empty] =====
<EMPTY>

===== 2026-08-20 01:53:18 knot_s1_T0.6 [empty] =====
<EMPTY>

===== 2026-08-20 01:53:18 knot_s1_T0.3 [empty] =====
<EMPTY>

===== 2026-08-20 01:53:18 knot_s1_T0.6 [empty] =====
<EMPTY>

===== 2026-08-20 01:53:18 knot_s1_T0.3 [empty] =====
<EMPTY>

===== 2026-08-20 01:53:18 knot_s1_T0.0 [empty] =====
<EMPTY>

===== 2026-08-20 01:53:19 knot_s1_T0.6 [empty] =====
<EMPTY>

===== 2026-08-20 01:53:19 knot_s1_T0.6 [empty] =====
<EMPTY>

===== 2026-08-20 01:53:19 knot_s1_T0.0 [empty] =====
<EMPTY>

===== 2026-08-20 01:53:19 knot_s1_T0.3 [empty] =====
<EMPTY>

===== 2026-08-20 01:53:19 knot_s1_T0.3 [empty] =====
<EMPTY>

===== 2026-08-20 01:53:19 knot_s1_T0.6 [empty] =====
<EMPTY>

===== 2026-08-20 01:53:19 knot_s1_T0.0 [empty] =====
<EMPTY>

===== 2026-08-20 01:53:19 knot_s1_T0.3 [empty] =====
<EMPTY>

===== 2026-08-20 01:53:19 knot_s1_T0.3 [empty] =====
<EMPTY>

===== 2026-08-20 01:53:19 knot_s1_T0.0 [empty] =====
<EMPTY>

===== 2026-08-20 01:53:19 knot_s1_T0.0 [empty] =====
<EMPTY>

===== 2026-08-20 01:53:19 knot_s1_T0.3 [empty] =====
<EMPTY>

===== 2026-08-20 01:53:20 knot_s1_T0.6 [empty] =====
<EMPTY>

===== 2026-08-20 01:53:20 knot_s1_T0.0 [empty] =====
<EMPTY>

===== 2026-08-20 01:53:20 knot_s1_T0.6 [empty] =====
<EMPTY>

===== 2026-08-20 01:53:20 knot_s1_T0.3 [empty] =====
<EMPTY>

===== 2026-08-20 01:53:20 knot_s1_T0.0 [empty] =====
<EMPTY>

===== 2026-08-20 01:53:20 knot_s1_T0.6 [empty] =====
<EMPTY>

===== 2026-08-20 01:53:20 knot_s1_T0.0 [empty] =====
<EMPTY>

===== 2026-08-20 01:53:20 knot_s1_T0.6 [empty] =====
<EMPTY>

===== 2026-08-20 01:53:20 knot_s1_T0.6 [empty] =====
<EMPTY>

===== 2026-08-20 01:53:20 knot_s1_T0.0 [empty] =====
<EMPTY>

===== 2026-08-20 01:53:20 knot_s1_T0.3 [empty] =====
<EMPTY>

===== 2026-08-20 01:53:20 knot_s1_T0.3 [empty] =====
<EMPTY>

===== 2026-08-20 01:53:20 knot_s1_T0.6 [empty] =====
<EMPTY>

===== 2026-08-20 01:53:20 knot_s1_T0.6 [empty] =====
<EMPTY>

===== 2026-08-20 01:53:21 knot_s1_T0.3 [empty] =====
<EMPTY>

===== 2026-08-20 01:53:21 knot_s1_T0.3 [empty] =====
<EMPTY>

===== 2026-08-20 01:53:21 knot_s1_T0.6 [empty] =====
<EMPTY>

===== 2026-08-20 01:53:21 knot_s1_T0.0 [empty] =====
<EMPTY>

===== 2026-08-20 01:53:21 knot_s1_T0.0 [empty] =====
<EMPTY>

===== 2026-08-20 01:53:21 knot_s1_T0.0 [empty] =====
<EMPTY>

===== 2026-08-20 01:53:21 knot_s1_T0.0 [empty] =====
<EMPTY>

===== 2026-08-20 01:53:21 knot_s1_T0.3 [empty] =====
<EMPTY>

===== 2026-08-20 01:53:21 knot_s1_T0.3 [empty] =====
<EMPTY>

===== 2026-08-20 01:53:22 knot_s1_T0.6 [empty] =====
<EMPTY>

===== 2026-08-20 01:53:22 knot_s1_T0.3 [empty] =====
<EMPTY>

===== 2026-08-20 01:53:22 knot_s1_T0.6 [empty] =====
<EMPTY>

===== 2026-08-20 01:53:22 knot_s1_T0.0 [empty] =====
<EMPTY>

===== 2026-08-20 01:53:22 knot_s1_T0.6 [empty] =====
<EMPTY>

===== 2026-08-20 01:53:22 knot_s1_T0.0 [empty] =====
<EMPTY>

===== 2026-08-20 01:53:22 knot_s1_T0.0 [empty] =====
<EMPTY>

===== 2026-08-20 01:53:22 knot_s1_T0.3 [empty] =====
<EMPTY>

===== 2026-08-20 01:53:22 knot_s1_T0.3 [empty] =====
<EMPTY>

===== 2026-08-20 01:53:22 knot_s1_T0.0 [empty] =====
<EMPTY>

===== 2026-08-20 01:53:22 knot_s1_T0.6 [empty] =====
<EMPTY>

===== 2026-08-20 01:53:22 knot_s1_T0.3 [empty] =====
<EMPTY>

===== 2026-08-20 01:53:22 knot_s1_T0.0 [empty] =====
<EMPTY>

===== 2026-08-20 01:53:22 knot_s1_T0.3 [empty] =====
<EMPTY>

===== 2026-08-20 01:53:23 knot_s1_T0.6 [empty] =====
<EMPTY>

===== 2026-08-20 01:53:23 knot_s1_T0.3 [empty] =====
<EMPTY>

===== 2026-08-20 01:53:23 knot_s1_T0.6 [empty] =====
<EMPTY>

===== 2026-08-20 01:53:23 knot_s1_T0.6 [empty] =====
<EMPTY>

===== 2026-08-20 01:53:23 knot_s1_T0.0 [empty] =====
<EMPTY>

===== 2026-08-20 01:53:23 knot_s1_T0.3 [empty] =====
<EMPTY>

===== 2026-08-20 01:53:23 knot_s1_T0.3 [empty] =====
<EMPTY>

===== 2026-08-20 01:53:24 knot_s1_T0.6 [empty] =====
<EMPTY>

===== 2026-08-20 01:53:24 knot_s1_T0.3 [empty] =====
<EMPTY>

===== 2026-08-20 01:53:24 knot_s1_T0.6 [empty] =====
<EMPTY>

===== 2026-08-20 01:53:24 knot_s1_T0.0 [empty] =====
<EMPTY>

===== 2026-08-20 01:53:24 knot_s1_T0.6 [empty] =====
<EMPTY>

===== 2026-08-20 01:53:24 knot_s1_T0.0 [empty] =====
<EMPTY>

===== 2026-08-20 01:53:24 knot_s1_T0.0 [empty] =====
<EMPTY>

===== 2026-08-20 01:53:24 knot_s1_T0.3 [empty] =====
<EMPTY>

===== 2026-08-20 01:53:24 knot_s1_T0.0 [empty] =====
<EMPTY>

===== 2026-08-20 01:53:24 knot_s1_T0.6 [empty] =====
<EMPTY>

===== 2026-08-20 01:53:24 knot_s1_T0.3 [empty] =====
<EMPTY>

===== 2026-08-20 01:53:24 knot_s1_T0.3 [empty] =====
<EMPTY>

===== 2026-08-20 01:53:24 knot_s1_T0.0 [empty] =====
<EMPTY>

===== 2026-08-20 01:53:24 knot_s1_T0.0 [empty] =====
<EMPTY>

===== 2026-08-20 01:53:25 knot_s1_T0.6 [empty] =====
<EMPTY>

===== 2026-08-20 01:53:25 knot_s1_T0.3 [empty] =====
<EMPTY>

===== 2026-08-20 01:53:26 knot_s1_T0.3 [empty] =====
<EMPTY>

===== 2026-08-20 01:53:26 knot_s1_T0.6 [empty] =====
<EMPTY>

===== 2026-08-20 01:53:26 knot_s1_T0.0 [empty] =====
<EMPTY>

===== 2026-08-20 01:53:26 knot_s1_T0.6 [empty] =====
<EMPTY>

===== 2026-08-20 01:53:26 knot_s1_T0.0 [empty] =====
<EMPTY>

===== 2026-08-20 01:53:26 knot_s1_T0.6 [empty] =====
<EMPTY>

===== 2026-08-20 01:53:26 knot_s1_T0.6 [empty] =====
<EMPTY>

===== 2026-08-20 01:53:26 knot_s1_T0.0 [empty] =====
<EMPTY>

===== 2026-08-20 01:53:26 knot_s1_T0.3 [empty] =====
<EMPTY>

===== 2026-08-20 01:53:26 knot_s1_T0.6 [empty] =====
<EMPTY>

===== 2026-08-20 01:53:26 knot_s1_T0.6 [empty] =====
<EMPTY>

===== 2026-08-20 01:53:26 knot_s1_T0.3 [empty] =====
<EMPTY>

===== 2026-08-20 01:53:26 knot_s1_T0.0 [empty] =====
<EMPTY>

===== 2026-08-20 01:53:27 knot_s1_T0.0 [empty] =====
<EMPTY>

===== 2026-08-20 01:53:27 knot_s1_T0.3 [empty] =====
<EMPTY>

===== 2026-08-20 01:53:27 knot_s1_T0.0 [empty] =====
<EMPTY>

===== 2026-08-20 01:53:27 knot_s1_T0.3 [empty] =====
<EMPTY>

===== 2026-08-20 01:53:27 knot_s1_T0.3 [empty] =====
<EMPTY>

===== 2026-08-20 01:53:27 knot_s1_T0.6 [empty] =====
<EMPTY>

===== 2026-08-20 01:53:27 knot_s1_T0.0 [empty] =====
<EMPTY>

===== 2026-08-20 01:53:27 knot_s1_T0.6 [empty] =====
<EMPTY>

===== 2026-08-20 01:53:27 knot_s1_T0.3 [empty] =====
<EMPTY>

===== 2026-08-20 01:53:28 knot_s1_T0.3 [empty] =====
<EMPTY>

===== 2026-08-20 01:53:28 knot_s1_T0.0 [empty] =====
<EMPTY>

===== 2026-08-20 01:53:28 knot_s1_T0.6 [empty] =====
<EMPTY>

===== 2026-08-20 01:53:28 knot_s1_T0.0 [empty] =====
<EMPTY>

===== 2026-08-20 01:53:28 knot_s1_T0.6 [empty] =====
<EMPTY>

===== 2026-08-20 01:53:28 knot_s1_T0.3 [empty] =====
<EMPTY>

===== 2026-08-20 01:53:28 knot_s1_T0.0 [empty] =====
<EMPTY>

===== 2026-08-20 01:53:28 knot_s1_T0.0 [empty] =====
<EMPTY>

===== 2026-08-20 01:53:28 knot_s1_T0.6 [empty] =====
<EMPTY>

===== 2026-08-20 01:53:28 knot_s1_T0.3 [empty] =====
<EMPTY>

===== 2026-08-20 01:53:29 knot_s1_T0.0 [empty] =====
<EMPTY>

===== 2026-08-20 01:53:29 knot_s1_T0.6 [empty] =====
<EMPTY>

===== 2026-08-20 01:53:29 knot_s1_T0.3 [empty] =====
<EMPTY>

===== 2026-08-20 01:53:29 knot_s1_T0.3 [empty] =====
<EMPTY>

===== 2026-08-20 01:53:29 knot_s1_T0.6 [empty] =====
<EMPTY>

===== 2026-08-20 01:53:29 knot_s1_T0.0 [empty] =====
<EMPTY>

===== 2026-08-20 01:53:29 knot_s1_T0.3 [empty] =====
<EMPTY>

===== 2026-08-20 01:53:29 knot_s1_T0.3 [empty] =====
<EMPTY>

===== 2026-08-20 01:53:29 knot_s1_T0.0 [empty] =====
<EMPTY>

===== 2026-08-20 01:53:29 knot_s1_T0.6 [empty] =====
<EMPTY>

===== 2026-08-20 01:53:29 knot_s1_T0.0 [empty] =====
<EMPTY>

===== 2026-08-20 01:53:29 knot_s1_T0.6 [empty] =====
<EMPTY>

===== 2026-08-20 01:53:29 knot_s1_T0.3 [empty] =====
<EMPTY>

===== 2026-08-20 01:53:29 knot_s1_T0.3 [empty] =====
<EMPTY>

===== 2026-08-20 01:53:30 knot_s1_T0.6 [empty] =====
<EMPTY>

===== 2026-08-20 01:53:30 knot_s1_T0.0 [empty] =====
<EMPTY>

===== 2026-08-20 01:53:30 knot_s1_T0.0 [empty] =====
<EMPTY>

===== 2026-08-20 01:53:30 knot_s1_T0.3 [empty] =====
<EMPTY>

===== 2026-08-20 01:53:30 knot_s1_T0.6 [empty] =====
<EMPTY>

===== 2026-08-20 01:53:30 knot_s1_T0.0 [empty] =====
<EMPTY>

===== 2026-08-20 01:53:30 knot_s1_T0.6 [empty] =====
<EMPTY>

===== 2026-08-20 01:53:30 knot_s1_T0.3 [empty] =====
<EMPTY>

===== 2026-08-20 01:53:30 knot_s1_T0.0 [empty] =====
<EMPTY>

===== 2026-08-20 01:53:30 knot_s1_T0.0 [empty] =====
<EMPTY>

===== 2026-08-20 01:53:30 knot_s1_T0.6 [empty] =====
<EMPTY>

===== 2026-08-20 01:53:30 knot_s1_T0.6 [empty] =====
<EMPTY>

===== 2026-08-20 01:53:31 knot_s1_T0.0 [empty] =====
<EMPTY>

===== 2026-08-20 01:53:31 knot_s1_T0.6 [empty] =====
<EMPTY>

===== 2026-08-20 01:53:31 knot_s1_T0.0 [empty] =====
<EMPTY>

===== 2026-08-20 01:53:31 knot_s1_T0.3 [empty] =====
<EMPTY>

===== 2026-08-20 01:53:31 knot_s1_T0.3 [empty] =====
<EMPTY>

===== 2026-08-20 01:53:31 knot_s1_T0.6 [empty] =====
<EMPTY>

===== 2026-08-20 01:53:31 knot_s1_T0.6 [empty] =====
<EMPTY>

===== 2026-08-20 01:53:31 knot_s1_T0.6 [empty] =====
<EMPTY>

===== 2026-08-20 01:53:32 knot_s1_T0.0 [empty] =====
<EMPTY>

===== 2026-08-20 01:53:32 knot_s1_T0.3 [empty] =====
<EMPTY>

===== 2026-08-20 01:53:32 knot_s1_T0.6 [empty] =====
<EMPTY>

===== 2026-08-20 01:53:32 knot_s1_T0.0 [empty] =====
<EMPTY>

===== 2026-08-20 01:53:32 knot_s1_T0.6 [empty] =====
<EMPTY>

===== 2026-08-20 01:53:32 knot_s1_T0.3 [empty] =====
<EMPTY>

===== 2026-08-20 01:53:32 knot_s1_T0.0 [empty] =====
<EMPTY>

===== 2026-08-20 01:53:32 knot_s1_T0.6 [empty] =====
<EMPTY>

===== 2026-08-20 01:53:32 knot_s1_T0.3 [empty] =====
<EMPTY>

===== 2026-08-20 01:53:32 knot_s1_T0.0 [empty] =====
<EMPTY>

===== 2026-08-20 01:53:32 knot_s1_T0.6 [empty] =====
<EMPTY>

===== 2026-08-20 01:53:33 knot_s1_T0.3 [empty] =====
<EMPTY>

===== 2026-08-20 01:53:33 knot_s1_T0.0 [empty] =====
<EMPTY>

===== 2026-08-20 01:53:33 knot_s1_T0.3 [empty] =====
<EMPTY>

===== 2026-08-20 01:53:33 knot_s1_T0.6 [empty] =====
<EMPTY>

===== 2026-08-20 01:53:33 knot_s1_T0.0 [empty] =====
<EMPTY>

===== 2026-08-20 01:53:33 knot_s1_T0.3 [empty] =====
<EMPTY>

===== 2026-08-20 01:53:33 knot_s1_T0.0 [empty] =====
<EMPTY>

===== 2026-08-20 01:53:33 knot_s1_T0.3 [empty] =====
<EMPTY>

===== 2026-08-20 01:53:33 knot_s1_T0.3 [empty] =====
<EMPTY>

===== 2026-08-20 01:53:33 knot_s1_T0.0 [empty] =====
<EMPTY>

===== 2026-08-20 01:53:33 knot_s1_T0.3 [empty] =====
<EMPTY>

===== 2026-08-20 01:53:34 knot_s1_T0.0 [empty] =====
<EMPTY>

===== 2026-08-20 01:53:34 knot_s1_T0.6 [empty] =====
<EMPTY>

===== 2026-08-20 01:53:34 knot_s1_T0.6 [empty] =====
<EMPTY>

===== 2026-08-20 01:53:34 knot_s1_T0.3 [empty] =====
<EMPTY>

===== 2026-08-20 01:53:34 knot_s1_T0.6 [empty] =====
<EMPTY>

===== 2026-08-20 01:53:34 knot_s1_T0.6 [empty] =====
<EMPTY>

===== 2026-08-20 01:53:34 knot_s1_T0.3 [empty] =====
<EMPTY>

===== 2026-08-20 01:53:34 knot_s1_T0.6 [empty] =====
<EMPTY>

===== 2026-08-20 01:53:34 knot_s1_T0.6 [empty] =====
<EMPTY>

===== 2026-08-20 01:53:34 knot_s1_T0.0 [empty] =====
<EMPTY>

===== 2026-08-20 01:53:34 knot_s1_T0.6 [empty] =====
<EMPTY>

===== 2026-08-20 01:53:34 knot_s1_T0.3 [empty] =====
<EMPTY>

===== 2026-08-20 01:53:34 knot_s1_T0.3 [empty] =====
<EMPTY>

===== 2026-08-20 01:53:35 knot_s1_T0.3 [empty] =====
<EMPTY>

===== 2026-08-20 01:53:35 knot_s1_T0.6 [empty] =====
<EMPTY>

===== 2026-08-20 01:53:35 knot_s1_T0.0 [empty] =====
<EMPTY>

===== 2026-08-20 01:53:35 knot_s1_T0.0 [empty] =====
<EMPTY>

===== 2026-08-20 01:53:35 knot_s1_T0.0 [empty] =====
<EMPTY>

===== 2026-08-20 01:53:35 knot_s1_T0.3 [empty] =====
<EMPTY>

===== 2026-08-20 01:53:35 knot_s1_T0.3 [empty] =====
<EMPTY>

===== 2026-08-20 01:53:35 knot_s1_T0.6 [empty] =====
<EMPTY>

===== 2026-08-20 01:53:36 knot_s1_T0.6 [empty] =====
<EMPTY>

===== 2026-08-20 01:53:36 knot_s1_T0.3 [empty] =====
<EMPTY>

===== 2026-08-20 01:53:36 knot_s1_T0.3 [empty] =====
<EMPTY>

===== 2026-08-20 01:53:36 knot_s1_T0.6 [empty] =====
<EMPTY>

===== 2026-08-20 01:53:36 knot_s1_T0.0 [empty] =====
<EMPTY>

===== 2026-08-20 01:53:36 knot_s1_T0.6 [empty] =====
<EMPTY>

===== 2026-08-20 01:53:36 knot_s1_T0.3 [empty] =====
<EMPTY>

===== 2026-08-20 01:53:36 knot_s1_T0.0 [empty] =====
<EMPTY>

===== 2026-08-20 01:53:36 knot_s1_T0.0 [empty] =====
<EMPTY>

===== 2026-08-20 01:53:36 knot_s1_T0.0 [empty] =====
<EMPTY>

===== 2026-08-20 01:53:36 knot_s1_T0.3 [empty] =====
<EMPTY>

===== 2026-08-20 01:53:36 knot_s1_T0.6 [empty] =====
<EMPTY>

===== 2026-08-20 01:53:36 knot_s1_T0.3 [empty] =====
<EMPTY>

===== 2026-08-20 01:53:36 knot_s1_T0.3 [empty] =====
<EMPTY>

===== 2026-08-20 01:53:37 knot_s1_T0.6 [empty] =====
<EMPTY>

===== 2026-08-20 01:53:37 knot_s1_T0.6 [empty] =====
<EMPTY>

===== 2026-08-20 01:53:37 knot_s1_T0.6 [empty] =====
<EMPTY>

===== 2026-08-20 01:53:37 knot_s1_T0.0 [empty] =====
<EMPTY>

===== 2026-08-20 01:53:37 knot_s1_T0.0 [empty] =====
<EMPTY>

===== 2026-08-20 01:53:37 knot_s1_T0.0 [empty] =====
<EMPTY>

===== 2026-08-20 01:53:37 knot_s1_T0.0 [empty] =====
<EMPTY>

===== 2026-08-20 01:53:37 knot_s1_T0.3 [empty] =====
<EMPTY>

===== 2026-08-20 01:53:37 knot_s1_T0.6 [empty] =====
<EMPTY>

===== 2026-08-20 01:53:37 knot_s1_T0.3 [empty] =====
<EMPTY>

===== 2026-08-20 01:53:37 knot_s1_T0.3 [empty] =====
<EMPTY>

===== 2026-08-20 01:53:37 knot_s1_T0.0 [empty] =====
<EMPTY>

===== 2026-08-20 01:53:38 knot_s1_T0.0 [empty] =====
<EMPTY>

===== 2026-08-20 01:53:38 knot_s1_T0.3 [empty] =====
<EMPTY>

===== 2026-08-20 01:53:38 knot_s1_T0.6 [empty] =====
<EMPTY>

===== 2026-08-20 01:53:38 knot_s1_T0.6 [empty] =====
<EMPTY>

===== 2026-08-20 01:53:38 knot_s1_T0.3 [empty] =====
<EMPTY>

===== 2026-08-20 01:53:38 knot_s1_T0.0 [empty] =====
<EMPTY>

===== 2026-08-20 01:53:38 knot_s1_T0.6 [empty] =====
<EMPTY>

===== 2026-08-20 01:53:38 knot_s1_T0.0 [empty] =====
<EMPTY>

===== 2026-08-20 01:53:38 knot_s1_T0.0 [empty] =====
<EMPTY>

===== 2026-08-20 01:53:38 knot_s1_T0.6 [empty] =====
<EMPTY>

===== 2026-08-20 01:53:38 knot_s1_T0.3 [empty] =====
<EMPTY>

===== 2026-08-20 01:53:38 knot_s1_T0.6 [empty] =====
<EMPTY>

===== 2026-08-20 01:53:39 knot_s1_T0.0 [empty] =====
<EMPTY>

===== 2026-08-20 01:53:39 knot_s1_T0.6 [empty] =====
<EMPTY>

===== 2026-08-20 01:53:39 knot_s1_T0.3 [empty] =====
<EMPTY>

===== 2026-08-20 01:53:39 knot_s1_T0.3 [empty] =====
<EMPTY>

===== 2026-08-20 01:53:39 knot_s1_T0.0 [empty] =====
<EMPTY>

===== 2026-08-20 01:53:39 knot_s1_T0.0 [empty] =====
<EMPTY>

===== 2026-08-20 01:53:39 knot_s1_T0.6 [empty] =====
<EMPTY>

===== 2026-08-20 01:53:40 knot_s1_T0.0 [empty] =====
<EMPTY>

===== 2026-08-20 01:53:40 knot_s1_T0.0 [empty] =====
<EMPTY>

===== 2026-08-20 01:53:40 knot_s1_T0.3 [empty] =====
<EMPTY>

===== 2026-08-20 01:53:40 knot_s1_T0.0 [empty] =====
<EMPTY>

===== 2026-08-20 01:53:40 knot_s1_T0.3 [empty] =====
<EMPTY>

===== 2026-08-20 01:53:40 knot_s1_T0.3 [empty] =====
<EMPTY>

===== 2026-08-20 01:53:40 knot_s1_T0.0 [empty] =====
<EMPTY>

===== 2026-08-20 01:53:40 knot_s1_T0.6 [empty] =====
<EMPTY>

===== 2026-08-20 01:53:40 knot_s1_T0.6 [empty] =====
<EMPTY>

===== 2026-08-20 01:53:40 knot_s1_T0.3 [empty] =====
<EMPTY>

===== 2026-08-20 01:53:40 knot_s1_T0.6 [empty] =====
<EMPTY>

===== 2026-08-20 01:53:40 knot_s1_T0.0 [empty] =====
<EMPTY>

===== 2026-08-20 01:53:41 knot_s1_T0.6 [empty] =====
<EMPTY>

===== 2026-08-20 01:53:41 knot_s1_T0.3 [empty] =====
<EMPTY>

===== 2026-08-20 01:53:41 knot_s1_T0.6 [empty] =====
<EMPTY>

===== 2026-08-20 01:53:41 knot_s1_T0.0 [empty] =====
<EMPTY>

===== 2026-08-20 01:53:41 knot_s1_T0.6 [empty] =====
<EMPTY>

===== 2026-08-20 01:53:41 knot_s1_T0.3 [empty] =====
<EMPTY>

===== 2026-08-20 01:53:41 knot_s1_T0.0 [empty] =====
<EMPTY>

===== 2026-08-20 01:53:41 knot_s1_T0.6 [empty] =====
<EMPTY>

===== 2026-08-20 01:53:41 knot_s1_T0.3 [empty] =====
<EMPTY>

===== 2026-08-20 01:53:41 knot_s1_T0.0 [empty] =====
<EMPTY>

===== 2026-08-20 01:53:41 knot_s1_T0.6 [empty] =====
<EMPTY>

===== 2026-08-20 01:53:41 knot_s1_T0.6 [empty] =====
<EMPTY>

===== 2026-08-20 01:53:41 knot_s1_T0.0 [empty] =====
<EMPTY>

===== 2026-08-20 01:53:42 knot_s1_T0.3 [empty] =====
<EMPTY>

===== 2026-08-20 01:53:42 knot_s1_T0.0 [empty] =====
<EMPTY>

===== 2026-08-20 01:53:42 knot_s1_T0.3 [empty] =====
<EMPTY>

===== 2026-08-20 01:53:42 knot_s1_T0.3 [empty] =====
<EMPTY>

===== 2026-08-20 01:53:42 knot_s1_T0.3 [empty] =====
<EMPTY>

===== 2026-08-20 01:53:42 knot_s1_T0.6 [empty] =====
<EMPTY>

===== 2026-08-20 01:53:43 knot_s1_T0.0 [empty] =====
<EMPTY>

===== 2026-08-20 01:53:43 knot_s1_T0.0 [empty] =====
<EMPTY>

===== 2026-08-20 01:53:43 knot_s1_T0.3 [empty] =====
<EMPTY>

===== 2026-08-20 01:53:43 knot_s1_T0.0 [empty] =====
<EMPTY>

===== 2026-08-20 01:53:43 knot_s1_T0.6 [empty] =====
<EMPTY>

===== 2026-08-20 01:53:43 knot_s1_T0.6 [empty] =====
<EMPTY>

===== 2026-08-20 01:53:43 knot_s1_T0.0 [empty] =====
<EMPTY>

===== 2026-08-20 01:53:43 knot_s1_T0.6 [empty] =====
<EMPTY>

===== 2026-08-20 01:53:43 knot_s1_T0.0 [empty] =====
<EMPTY>

===== 2026-08-20 01:53:43 knot_s1_T0.6 [empty] =====
<EMPTY>

===== 2026-08-20 01:53:43 knot_s1_T0.3 [empty] =====
<EMPTY>

===== 2026-08-20 01:53:43 knot_s1_T0.6 [empty] =====
<EMPTY>

===== 2026-08-20 01:53:44 knot_s1_T0.3 [empty] =====
<EMPTY>

===== 2026-08-20 01:53:44 knot_s1_T0.0 [empty] =====
<EMPTY>

===== 2026-08-20 01:53:44 knot_s1_T0.3 [empty] =====
<EMPTY>

===== 2026-08-20 01:53:44 knot_s1_T0.0 [empty] =====
<EMPTY>

===== 2026-08-20 01:53:44 knot_s1_T0.3 [empty] =====
<EMPTY>

===== 2026-08-20 01:53:44 knot_s1_T0.3 [empty] =====
<EMPTY>

===== 2026-08-20 01:53:44 knot_s1_T0.3 [empty] =====
<EMPTY>

===== 2026-08-20 01:53:44 knot_s1_T0.6 [empty] =====
<EMPTY>

===== 2026-08-20 01:53:44 knot_s1_T0.3 [empty] =====
<EMPTY>

===== 2026-08-20 01:53:44 knot_s1_T0.6 [empty] =====
<EMPTY>

===== 2026-08-20 01:53:44 knot_s1_T0.0 [empty] =====
<EMPTY>

===== 2026-08-20 01:53:44 knot_s1_T0.0 [empty] =====
<EMPTY>

===== 2026-08-20 01:53:45 knot_s1_T0.3 [empty] =====
<EMPTY>

===== 2026-08-20 01:53:45 knot_s1_T0.6 [empty] =====
<EMPTY>

===== 2026-08-20 01:53:45 knot_s1_T0.0 [empty] =====
<EMPTY>

===== 2026-08-20 01:53:45 knot_s1_T0.0 [empty] =====
<EMPTY>

===== 2026-08-20 01:53:45 knot_s1_T0.6 [empty] =====
<EMPTY>

===== 2026-08-20 01:53:45 knot_s1_T0.0 [empty] =====
<EMPTY>

===== 2026-08-20 01:53:45 knot_s1_T0.6 [empty] =====
<EMPTY>

===== 2026-08-20 01:53:45 knot_s1_T0.0 [empty] =====
<EMPTY>

===== 2026-08-20 01:53:45 knot_s1_T0.3 [empty] =====
<EMPTY>

===== 2026-08-20 01:53:45 knot_s1_T0.6 [empty] =====
<EMPTY>

===== 2026-08-20 01:53:45 knot_s1_T0.6 [empty] =====
<EMPTY>

===== 2026-08-20 01:53:45 knot_s1_T0.6 [empty] =====
<EMPTY>

===== 2026-08-20 01:53:45 knot_s1_T0.6 [empty] =====
<EMPTY>

===== 2026-08-20 01:53:45 knot_s1_T0.3 [empty] =====
<EMPTY>

===== 2026-08-20 01:53:46 knot_s1_T0.0 [empty] =====
<EMPTY>

===== 2026-08-20 01:53:46 knot_s1_T0.3 [empty] =====
<EMPTY>

===== 2026-08-20 01:53:46 knot_s1_T0.3 [empty] =====
<EMPTY>

===== 2026-08-20 01:53:46 knot_s1_T0.3 [empty] =====
<EMPTY>

===== 2026-08-20 01:53:46 knot_s1_T0.3 [empty] =====
<EMPTY>

===== 2026-08-20 01:53:46 knot_s1_T0.0 [empty] =====
<EMPTY>

===== 2026-08-20 01:53:46 knot_s1_T0.0 [empty] =====
<EMPTY>

===== 2026-08-20 01:53:46 knot_s1_T0.6 [empty] =====
<EMPTY>

===== 2026-08-20 01:53:47 knot_s1_T0.0 [empty] =====
<EMPTY>

===== 2026-08-20 01:53:47 knot_s1_T0.0 [empty] =====
<EMPTY>

===== 2026-08-20 01:53:47 knot_s1_T0.3 [empty] =====
<EMPTY>

===== 2026-08-20 01:53:47 knot_s1_T0.3 [empty] =====
<EMPTY>

===== 2026-08-20 01:53:47 knot_s1_T0.6 [empty] =====
<EMPTY>

===== 2026-08-20 01:53:47 knot_s1_T0.6 [empty] =====
<EMPTY>

===== 2026-08-20 01:53:47 knot_s1_T0.3 [empty] =====
<EMPTY>

===== 2026-08-20 01:53:47 knot_s1_T0.6 [empty] =====
<EMPTY>

===== 2026-08-20 01:53:47 knot_s1_T0.3 [empty] =====
<EMPTY>

===== 2026-08-20 01:53:47 knot_s1_T0.6 [empty] =====
<EMPTY>

===== 2026-08-20 01:53:48 knot_s1_T0.0 [empty] =====
<EMPTY>

===== 2026-08-20 01:53:48 knot_s1_T0.6 [empty] =====
<EMPTY>

===== 2026-08-20 01:53:48 knot_s1_T0.6 [empty] =====
<EMPTY>

===== 2026-08-20 01:53:48 knot_s1_T0.0 [empty] =====
<EMPTY>

===== 2026-08-20 01:53:48 knot_s1_T0.0 [empty] =====
<EMPTY>

===== 2026-08-20 01:53:48 knot_s1_T0.3 [empty] =====
<EMPTY>

===== 2026-08-20 01:53:48 knot_s1_T0.0 [empty] =====
<EMPTY>

===== 2026-08-20 01:53:48 knot_s1_T0.6 [empty] =====
<EMPTY>

===== 2026-08-20 01:53:49 knot_s1_T0.3 [empty] =====
<EMPTY>

===== 2026-08-20 01:53:49 knot_s1_T0.3 [empty] =====
<EMPTY>

===== 2026-08-20 01:53:49 knot_s1_T0.3 [empty] =====
<EMPTY>

===== 2026-08-20 01:53:49 knot_s1_T0.6 [empty] =====
<EMPTY>

===== 2026-08-20 01:53:49 knot_s1_T0.3 [empty] =====
<EMPTY>

===== 2026-08-20 01:53:49 knot_s1_T0.3 [empty] =====
<EMPTY>

===== 2026-08-20 01:53:49 knot_s1_T0.3 [empty] =====
<EMPTY>

===== 2026-08-20 01:53:49 knot_s1_T0.0 [empty] =====
<EMPTY>

===== 2026-08-20 01:53:49 knot_s1_T0.6 [empty] =====
<EMPTY>

===== 2026-08-20 01:53:49 knot_s1_T0.6 [empty] =====
<EMPTY>

===== 2026-08-20 01:53:49 knot_s1_T0.3 [empty] =====
<EMPTY>

===== 2026-08-20 01:53:49 knot_s1_T0.0 [empty] =====
<EMPTY>

===== 2026-08-20 01:53:49 knot_s1_T0.6 [empty] =====
<EMPTY>

===== 2026-08-20 01:53:50 knot_s1_T0.0 [empty] =====
<EMPTY>

===== 2026-08-20 01:53:50 knot_s1_T0.6 [empty] =====
<EMPTY>

===== 2026-08-20 01:53:50 knot_s1_T0.6 [empty] =====
<EMPTY>

===== 2026-08-20 01:53:50 knot_s1_T0.3 [empty] =====
<EMPTY>

===== 2026-08-20 01:53:50 knot_s1_T0.0 [empty] =====
<EMPTY>

===== 2026-08-20 01:53:50 knot_s1_T0.0 [empty] =====
<EMPTY>

===== 2026-08-20 01:53:50 knot_s1_T0.0 [empty] =====
<EMPTY>

===== 2026-08-20 01:53:50 knot_s1_T0.6 [empty] =====
<EMPTY>

===== 2026-08-20 01:53:50 knot_s1_T0.6 [empty] =====
<EMPTY>

===== 2026-08-20 01:53:51 knot_s1_T0.3 [empty] =====
<EMPTY>

===== 2026-08-20 01:53:51 knot_s1_T0.3 [empty] =====
<EMPTY>

===== 2026-08-20 01:53:51 knot_s1_T0.0 [empty] =====
<EMPTY>

===== 2026-08-20 01:53:51 knot_s1_T0.3 [empty] =====
<EMPTY>

===== 2026-08-20 01:53:51 knot_s1_T0.6 [empty] =====
<EMPTY>

===== 2026-08-20 01:53:51 knot_s1_T0.3 [empty] =====
<EMPTY>

===== 2026-08-20 01:53:51 knot_s1_T0.6 [empty] =====
<EMPTY>

===== 2026-08-20 01:53:51 knot_s1_T0.3 [empty] =====
<EMPTY>

===== 2026-08-20 01:53:51 knot_s1_T0.0 [empty] =====
<EMPTY>

===== 2026-08-20 01:53:51 knot_s1_T0.6 [empty] =====
<EMPTY>

===== 2026-08-20 01:53:52 knot_s1_T0.6 [empty] =====
<EMPTY>

===== 2026-08-20 01:53:52 knot_s1_T0.6 [empty] =====
<EMPTY>

===== 2026-08-20 01:53:52 knot_s1_T0.3 [empty] =====
<EMPTY>

===== 2026-08-20 01:53:52 knot_s1_T0.0 [empty] =====
<EMPTY>

===== 2026-08-20 01:53:52 knot_s1_T0.0 [empty] =====
<EMPTY>

===== 2026-08-20 01:53:52 knot_s1_T0.0 [empty] =====
<EMPTY>

===== 2026-08-20 01:53:52 knot_s1_T0.0 [empty] =====
<EMPTY>

===== 2026-08-20 01:53:52 knot_s1_T0.3 [empty] =====
<EMPTY>

===== 2026-08-20 01:53:52 knot_s1_T0.6 [empty] =====
<EMPTY>

===== 2026-08-20 01:53:52 knot_s1_T0.0 [empty] =====
<EMPTY>

===== 2026-08-20 01:53:52 knot_s1_T0.0 [empty] =====
<EMPTY>

===== 2026-08-20 01:53:52 knot_s1_T0.3 [empty] =====
<EMPTY>

===== 2026-08-20 01:53:52 knot_s1_T0.0 [empty] =====
<EMPTY>

===== 2026-08-20 01:53:53 knot_s1_T0.3 [empty] =====
<EMPTY>

===== 2026-08-20 01:53:53 knot_s1_T0.6 [empty] =====
<EMPTY>

===== 2026-08-20 01:53:53 knot_s1_T0.6 [empty] =====
<EMPTY>

===== 2026-08-20 01:53:53 knot_s1_T0.3 [empty] =====
<EMPTY>

===== 2026-08-20 01:53:54 knot_s1_T0.0 [empty] =====
<EMPTY>

===== 2026-08-20 01:53:54 knot_s1_T0.3 [empty] =====
<EMPTY>

===== 2026-08-20 01:53:54 knot_s1_T0.0 [empty] =====
<EMPTY>

===== 2026-08-20 01:53:54 knot_s1_T0.6 [empty] =====
<EMPTY>

===== 2026-08-20 01:53:54 knot_s1_T0.0 [empty] =====
<EMPTY>

===== 2026-08-20 01:53:54 knot_s1_T0.6 [empty] =====
<EMPTY>

===== 2026-08-20 01:53:54 knot_s1_T0.3 [empty] =====
<EMPTY>

===== 2026-08-20 01:53:54 knot_s1_T0.3 [empty] =====
<EMPTY>

===== 2026-08-20 01:53:54 knot_s1_T0.0 [empty] =====
<EMPTY>

===== 2026-08-20 01:53:54 knot_s1_T0.3 [empty] =====
<EMPTY>

===== 2026-08-20 01:53:54 knot_s1_T0.0 [empty] =====
<EMPTY>

===== 2026-08-20 01:53:54 knot_s1_T0.0 [empty] =====
<EMPTY>

===== 2026-08-20 01:53:54 knot_s1_T0.6 [empty] =====
<EMPTY>

===== 2026-08-20 01:53:54 knot_s1_T0.6 [empty] =====
<EMPTY>

===== 2026-08-20 01:53:55 knot_s1_T0.0 [empty] =====
<EMPTY>

===== 2026-08-20 01:53:55 knot_s1_T0.0 [empty] =====
<EMPTY>

===== 2026-08-20 01:53:55 knot_s1_T0.3 [empty] =====
<EMPTY>

===== 2026-08-20 01:53:55 knot_s1_T0.0 [empty] =====
<EMPTY>

===== 2026-08-20 01:53:55 knot_s1_T0.6 [empty] =====
<EMPTY>

===== 2026-08-20 01:53:55 knot_s1_T0.6 [empty] =====
<EMPTY>

===== 2026-08-20 01:53:56 knot_s1_T0.3 [empty] =====
<EMPTY>

===== 2026-08-20 01:53:56 knot_s1_T0.3 [empty] =====
<EMPTY>

===== 2026-08-20 01:53:56 knot_s1_T0.3 [empty] =====
<EMPTY>

===== 2026-08-20 01:53:56 knot_s1_T0.6 [empty] =====
<EMPTY>

===== 2026-08-20 01:53:56 knot_s1_T0.0 [empty] =====
<EMPTY>

===== 2026-08-20 01:53:56 knot_s1_T0.3 [empty] =====
<EMPTY>

===== 2026-08-20 01:53:56 knot_s1_T0.0 [empty] =====
<EMPTY>

===== 2026-08-20 01:53:56 knot_s1_T0.3 [empty] =====
<EMPTY>

===== 2026-08-20 01:53:56 knot_s1_T0.3 [empty] =====
<EMPTY>

===== 2026-08-20 01:53:56 knot_s1_T0.6 [empty] =====
<EMPTY>

===== 2026-08-20 01:53:56 knot_s1_T0.0 [empty] =====
<EMPTY>

===== 2026-08-20 01:53:56 knot_s1_T0.6 [empty] =====
<EMPTY>

===== 2026-08-20 01:53:57 knot_s1_T0.0 [empty] =====
<EMPTY>

===== 2026-08-20 01:53:57 knot_s1_T0.0 [empty] =====
<EMPTY>

===== 2026-08-20 01:53:57 knot_s1_T0.0 [empty] =====
<EMPTY>

===== 2026-08-20 01:53:57 knot_s1_T0.6 [empty] =====
<EMPTY>

===== 2026-08-20 01:53:57 knot_s1_T0.6 [empty] =====
<EMPTY>

===== 2026-08-20 01:53:57 knot_s1_T0.3 [empty] =====
<EMPTY>

===== 2026-08-20 01:53:57 knot_s1_T0.6 [empty] =====
<EMPTY>

===== 2026-08-20 01:53:58 knot_s1_T0.0 [empty] =====
<EMPTY>

===== 2026-08-20 01:53:58 knot_s1_T0.3 [empty] =====
<EMPTY>

===== 2026-08-20 01:53:58 knot_s1_T0.0 [empty] =====
<EMPTY>

===== 2026-08-20 01:53:58 knot_s1_T0.6 [empty] =====
<EMPTY>

===== 2026-08-20 01:53:58 knot_s1_T0.3 [empty] =====
<EMPTY>

===== 2026-08-20 01:53:58 knot_s1_T0.3 [empty] =====
<EMPTY>

===== 2026-08-20 01:53:58 knot_s1_T0.3 [empty] =====
<EMPTY>

===== 2026-08-20 01:53:58 knot_s1_T0.6 [empty] =====
<EMPTY>

===== 2026-08-20 01:53:58 knot_s1_T0.3 [empty] =====
<EMPTY>

===== 2026-08-20 01:53:58 knot_s1_T0.3 [empty] =====
<EMPTY>

===== 2026-08-20 01:53:58 knot_s1_T0.0 [empty] =====
<EMPTY>

===== 2026-08-20 01:53:59 knot_s1_T0.6 [empty] =====
<EMPTY>

===== 2026-08-20 01:53:59 knot_s1_T0.6 [empty] =====
<EMPTY>

===== 2026-08-20 01:53:59 knot_s1_T0.6 [empty] =====
<EMPTY>

===== 2026-08-20 01:53:59 knot_s1_T0.0 [empty] =====
<EMPTY>

===== 2026-08-20 01:53:59 knot_s1_T0.0 [empty] =====
<EMPTY>

===== 2026-08-20 01:53:59 knot_s1_T0.6 [empty] =====
<EMPTY>

===== 2026-08-20 01:53:59 knot_s1_T0.0 [empty] =====
<EMPTY>

===== 2026-08-20 01:53:59 knot_s1_T0.6 [empty] =====
<EMPTY>

===== 2026-08-20 01:53:59 knot_s1_T0.3 [empty] =====
<EMPTY>

===== 2026-08-20 01:53:59 knot_s1_T0.0 [empty] =====
<EMPTY>

===== 2026-08-20 01:53:59 knot_s1_T0.6 [empty] =====
<EMPTY>

===== 2026-08-20 01:53:59 knot_s1_T0.0 [empty] =====
<EMPTY>

===== 2026-08-20 01:54:00 knot_s1_T0.0 [empty] =====
<EMPTY>

===== 2026-08-20 01:54:00 knot_s1_T0.3 [empty] =====
<EMPTY>

===== 2026-08-20 01:54:00 knot_s1_T0.6 [empty] =====
<EMPTY>

===== 2026-08-20 01:54:00 knot_s1_T0.3 [empty] =====
<EMPTY>

===== 2026-08-20 01:54:00 knot_s1_T0.3 [empty] =====
<EMPTY>

===== 2026-08-20 01:54:00 knot_s1_T0.6 [empty] =====
<EMPTY>

===== 2026-08-20 01:54:00 knot_s1_T0.3 [empty] =====
<EMPTY>

===== 2026-08-20 01:54:00 knot_s1_T0.3 [empty] =====
<EMPTY>

===== 2026-08-20 01:54:00 knot_s1_T0.0 [empty] =====
<EMPTY>

===== 2026-08-20 01:54:00 knot_s1_T0.0 [empty] =====
<EMPTY>

===== 2026-08-20 01:54:01 knot_s1_T0.6 [empty] =====
<EMPTY>

===== 2026-08-20 01:54:01 knot_s1_T0.3 [empty] =====
<EMPTY>

===== 2026-08-20 01:54:01 knot_s1_T0.0 [empty] =====
<EMPTY>

===== 2026-08-20 01:54:01 knot_s1_T0.6 [empty] =====
<EMPTY>

===== 2026-08-20 01:54:01 knot_s1_T0.0 [empty] =====
<EMPTY>

===== 2026-08-20 01:54:01 knot_s1_T0.3 [empty] =====
<EMPTY>

===== 2026-08-20 01:54:01 knot_s1_T0.0 [empty] =====
<EMPTY>

===== 2026-08-20 01:54:01 knot_s1_T0.6 [empty] =====
<EMPTY>

===== 2026-08-20 01:54:02 knot_s1_T0.3 [empty] =====
<EMPTY>

===== 2026-08-20 01:54:02 knot_s1_T0.6 [empty] =====
<EMPTY>

===== 2026-08-20 01:54:02 knot_s1_T0.3 [empty] =====
<EMPTY>

===== 2026-08-20 01:54:02 knot_s1_T0.3 [empty] =====
<EMPTY>

===== 2026-08-20 01:54:02 knot_s1_T0.6 [empty] =====
<EMPTY>

===== 2026-08-20 01:54:02 knot_s1_T0.3 [empty] =====
<EMPTY>

===== 2026-08-20 01:54:02 knot_s1_T0.6 [empty] =====
<EMPTY>

===== 2026-08-20 01:54:02 knot_s1_T0.3 [empty] =====
<EMPTY>

===== 2026-08-20 01:54:02 knot_s1_T0.0 [empty] =====
<EMPTY>

===== 2026-08-20 01:54:02 knot_s1_T0.6 [empty] =====
<EMPTY>

===== 2026-08-20 01:54:02 knot_s1_T0.3 [empty] =====
<EMPTY>

===== 2026-08-20 01:54:03 knot_s1_T0.3 [empty] =====
<EMPTY>

===== 2026-08-20 01:54:03 knot_s1_T0.6 [empty] =====
<EMPTY>

===== 2026-08-20 01:54:03 knot_s1_T0.0 [empty] =====
<EMPTY>

===== 2026-08-20 01:54:03 knot_s1_T0.0 [empty] =====
<EMPTY>

===== 2026-08-20 01:54:03 knot_s1_T0.6 [empty] =====
<EMPTY>

===== 2026-08-20 01:54:03 knot_s1_T0.0 [empty] =====
<EMPTY>

===== 2026-08-20 01:54:03 knot_s1_T0.6 [empty] =====
<EMPTY>

===== 2026-08-20 01:54:03 knot_s1_T0.0 [empty] =====
<EMPTY>

===== 2026-08-20 01:54:03 knot_s1_T0.3 [empty] =====
<EMPTY>

===== 2026-08-20 01:54:03 knot_s1_T0.6 [empty] =====
<EMPTY>

===== 2026-08-20 01:54:03 knot_s1_T0.0 [empty] =====
<EMPTY>

===== 2026-08-20 01:54:03 knot_s1_T0.6 [empty] =====
<EMPTY>

===== 2026-08-20 01:54:04 knot_s1_T0.0 [empty] =====
<EMPTY>

===== 2026-08-20 01:54:04 knot_s1_T0.0 [empty] =====
<EMPTY>

===== 2026-08-20 01:54:04 knot_s1_T0.3 [empty] =====
<EMPTY>

===== 2026-08-20 01:54:04 knot_s1_T0.6 [empty] =====
<EMPTY>

===== 2026-08-20 01:54:04 knot_s1_T0.3 [empty] =====
<EMPTY>

===== 2026-08-20 01:54:04 knot_s1_T0.6 [empty] =====
<EMPTY>

===== 2026-08-20 01:54:04 knot_s1_T0.0 [empty] =====
<EMPTY>

===== 2026-08-20 01:54:04 knot_s1_T0.3 [empty] =====
<EMPTY>

===== 2026-08-20 01:54:05 knot_s1_T0.3 [empty] =====
<EMPTY>

===== 2026-08-20 01:54:05 knot_s1_T0.0 [empty] =====
<EMPTY>

===== 2026-08-20 01:54:05 knot_s1_T0.0 [empty] =====
<EMPTY>

===== 2026-08-20 01:54:05 knot_s1_T0.0 [empty] =====
<EMPTY>

===== 2026-08-20 01:54:05 knot_s1_T0.6 [empty] =====
<EMPTY>

===== 2026-08-20 01:54:05 knot_s1_T0.6 [empty] =====
<EMPTY>

===== 2026-08-20 01:54:05 knot_s1_T0.6 [empty] =====
<EMPTY>

===== 2026-08-20 01:54:05 knot_s1_T0.0 [empty] =====
<EMPTY>

===== 2026-08-20 01:54:05 knot_s1_T0.6 [empty] =====
<EMPTY>

===== 2026-08-20 01:54:05 knot_s1_T0.3 [empty] =====
<EMPTY>

===== 2026-08-20 01:54:05 knot_s1_T0.3 [empty] =====
<EMPTY>

===== 2026-08-20 01:54:05 knot_s1_T0.6 [empty] =====
<EMPTY>

===== 2026-08-20 01:54:05 knot_s1_T0.0 [empty] =====
<EMPTY>

===== 2026-08-20 01:54:06 knot_s1_T0.6 [empty] =====
<EMPTY>

===== 2026-08-20 01:54:06 knot_s1_T0.0 [empty] =====
<EMPTY>

===== 2026-08-20 01:54:06 knot_s1_T0.3 [empty] =====
<EMPTY>

===== 2026-08-20 01:54:06 knot_s1_T0.3 [empty] =====
<EMPTY>

===== 2026-08-20 01:54:06 knot_s1_T0.3 [empty] =====
<EMPTY>

===== 2026-08-20 01:54:06 knot_s1_T0.0 [empty] =====
<EMPTY>

===== 2026-08-20 01:54:06 knot_s1_T0.0 [empty] =====
<EMPTY>

===== 2026-08-20 01:54:06 knot_s1_T0.3 [empty] =====
<EMPTY>

===== 2026-08-20 01:54:06 knot_s1_T0.3 [empty] =====
<EMPTY>

===== 2026-08-20 01:54:07 knot_s1_T0.6 [empty] =====
<EMPTY>

===== 2026-08-20 01:54:07 knot_s1_T0.6 [empty] =====
<EMPTY>

===== 2026-08-20 01:54:07 knot_s1_T0.0 [empty] =====
<EMPTY>

===== 2026-08-20 01:54:07 knot_s1_T0.0 [empty] =====
<EMPTY>

===== 2026-08-20 01:54:07 knot_s1_T0.6 [empty] =====
<EMPTY>

===== 2026-08-20 01:54:07 knot_s1_T0.6 [empty] =====
<EMPTY>

===== 2026-08-20 01:54:07 knot_s1_T0.0 [empty] =====
<EMPTY>

===== 2026-08-20 01:54:07 knot_s1_T0.0 [empty] =====
<EMPTY>

===== 2026-08-20 01:54:07 knot_s1_T0.0 [empty] =====
<EMPTY>

===== 2026-08-20 01:54:07 knot_s1_T0.6 [empty] =====
<EMPTY>

===== 2026-08-20 01:54:07 knot_s1_T0.6 [empty] =====
<EMPTY>

===== 2026-08-20 01:54:07 knot_s1_T0.3 [empty] =====
<EMPTY>

===== 2026-08-20 01:54:08 knot_s1_T0.0 [empty] =====
<EMPTY>

===== 2026-08-20 01:54:08 knot_s1_T0.3 [empty] =====
<EMPTY>

===== 2026-08-20 01:54:08 knot_s1_T0.3 [empty] =====
<EMPTY>

===== 2026-08-20 01:54:08 knot_s1_T0.6 [empty] =====
<EMPTY>

===== 2026-08-20 01:54:08 knot_s1_T0.3 [empty] =====
<EMPTY>

===== 2026-08-20 01:54:08 knot_s1_T0.0 [empty] =====
<EMPTY>

===== 2026-08-20 01:54:08 knot_s1_T0.3 [empty] =====
<EMPTY>

===== 2026-08-20 01:54:08 knot_s1_T0.3 [empty] =====
<EMPTY>

===== 2026-08-20 01:54:08 knot_s1_T0.0 [empty] =====
<EMPTY>

===== 2026-08-20 01:54:08 knot_s1_T0.3 [empty] =====
<EMPTY>

===== 2026-08-20 01:54:09 knot_s1_T0.6 [empty] =====
<EMPTY>

===== 2026-08-20 01:54:09 knot_s1_T0.6 [empty] =====
<EMPTY>

===== 2026-08-20 01:54:09 knot_s1_T0.6 [empty] =====
<EMPTY>

===== 2026-08-20 01:54:09 knot_s1_T0.0 [empty] =====
<EMPTY>

===== 2026-08-20 01:54:09 knot_s1_T0.3 [empty] =====
<EMPTY>

===== 2026-08-20 01:54:09 knot_s1_T0.6 [empty] =====
<EMPTY>

===== 2026-08-20 01:54:09 knot_s1_T0.0 [empty] =====
<EMPTY>

===== 2026-08-20 01:54:09 knot_s1_T0.0 [empty] =====
<EMPTY>

===== 2026-08-20 01:54:09 knot_s1_T0.0 [empty] =====
<EMPTY>

===== 2026-08-20 01:54:09 knot_s1_T0.3 [empty] =====
<EMPTY>

===== 2026-08-20 01:54:09 knot_s1_T0.6 [empty] =====
<EMPTY>

===== 2026-08-20 01:54:09 knot_s1_T0.0 [empty] =====
<EMPTY>

===== 2026-08-20 01:54:09 knot_s1_T0.6 [empty] =====
<EMPTY>

===== 2026-08-20 01:54:09 knot_s1_T0.3 [empty] =====
<EMPTY>

===== 2026-08-20 01:54:10 knot_s1_T0.3 [empty] =====
<EMPTY>

===== 2026-08-20 01:54:10 knot_s1_T0.3 [empty] =====
<EMPTY>

===== 2026-08-20 01:54:10 knot_s1_T0.6 [empty] =====
<EMPTY>

===== 2026-08-20 01:54:10 knot_s1_T0.3 [empty] =====
<EMPTY>

===== 2026-08-20 01:54:10 knot_s1_T0.6 [empty] =====
<EMPTY>

===== 2026-08-20 01:54:10 knot_s1_T0.0 [empty] =====
<EMPTY>

===== 2026-08-20 01:54:10 knot_s1_T0.0 [empty] =====
<EMPTY>

===== 2026-08-20 01:54:10 knot_s1_T0.3 [empty] =====
<EMPTY>

===== 2026-08-20 01:54:10 knot_s1_T0.0 [empty] =====
<EMPTY>

===== 2026-08-20 01:54:10 knot_s1_T0.3 [empty] =====
<EMPTY>

===== 2026-08-20 01:54:10 knot_s1_T0.3 [empty] =====
<EMPTY>

===== 2026-08-20 01:54:10 knot_s1_T0.6 [empty] =====
<EMPTY>

===== 2026-08-20 01:54:10 knot_s1_T0.6 [empty] =====
<EMPTY>

===== 2026-08-20 01:54:11 knot_s1_T0.6 [empty] =====
<EMPTY>

===== 2026-08-20 01:54:11 knot_s1_T0.0 [empty] =====
<EMPTY>

===== 2026-08-20 01:54:11 knot_s1_T0.6 [empty] =====
<EMPTY>

===== 2026-08-20 01:54:11 knot_s1_T0.3 [empty] =====
<EMPTY>

===== 2026-08-20 01:54:11 knot_s1_T0.0 [empty] =====
<EMPTY>

===== 2026-08-20 01:54:11 knot_s1_T0.3 [empty] =====
<EMPTY>

===== 2026-08-20 01:54:11 knot_s1_T0.6 [empty] =====
<EMPTY>

===== 2026-08-20 01:54:11 knot_s1_T0.0 [empty] =====
<EMPTY>

===== 2026-08-20 01:54:11 knot_s1_T0.3 [empty] =====
<EMPTY>

===== 2026-08-20 01:54:11 knot_s1_T0.0 [empty] =====
<EMPTY>

===== 2026-08-20 01:54:12 knot_s1_T0.3 [empty] =====
<EMPTY>

===== 2026-08-20 01:54:12 knot_s1_T0.0 [empty] =====
<EMPTY>

===== 2026-08-20 01:54:12 knot_s1_T0.6 [empty] =====
<EMPTY>

===== 2026-08-20 01:54:12 knot_s1_T0.3 [empty] =====
<EMPTY>

===== 2026-08-20 01:54:12 knot_s1_T0.0 [empty] =====
<EMPTY>

===== 2026-08-20 01:54:12 knot_s1_T0.3 [empty] =====
<EMPTY>

===== 2026-08-20 01:54:12 knot_s1_T0.6 [empty] =====
<EMPTY>

===== 2026-08-20 01:54:12 knot_s1_T0.3 [empty] =====
<EMPTY>

===== 2026-08-20 01:54:12 knot_s1_T0.6 [empty] =====
<EMPTY>

===== 2026-08-20 01:54:12 knot_s1_T0.0 [empty] =====
<EMPTY>

===== 2026-08-20 01:54:12 knot_s1_T0.6 [empty] =====
<EMPTY>

===== 2026-08-20 01:54:12 knot_s1_T0.0 [empty] =====
<EMPTY>

===== 2026-08-20 01:54:13 knot_s1_T0.0 [empty] =====
<EMPTY>

===== 2026-08-20 01:54:13 knot_s1_T0.6 [empty] =====
<EMPTY>

===== 2026-08-20 01:54:13 knot_s1_T0.6 [empty] =====
<EMPTY>

===== 2026-08-20 01:54:13 knot_s1_T0.3 [empty] =====
<EMPTY>

===== 2026-08-20 01:54:13 knot_s1_T0.6 [empty] =====
<EMPTY>

===== 2026-08-20 01:54:13 knot_s1_T0.0 [empty] =====
<EMPTY>

===== 2026-08-20 01:54:13 knot_s1_T0.3 [empty] =====
<EMPTY>

===== 2026-08-20 01:54:13 knot_s1_T0.6 [empty] =====
<EMPTY>

===== 2026-08-20 01:54:13 knot_s1_T0.3 [empty] =====
<EMPTY>

===== 2026-08-20 01:54:14 knot_s1_T0.0 [empty] =====
<EMPTY>

===== 2026-08-20 01:54:14 knot_s1_T0.0 [empty] =====
<EMPTY>

===== 2026-08-20 01:54:14 knot_s1_T0.3 [empty] =====
<EMPTY>

===== 2026-08-20 01:54:14 knot_s1_T0.6 [empty] =====
<EMPTY>

===== 2026-08-20 01:54:14 knot_s1_T0.6 [empty] =====
<EMPTY>

===== 2026-08-20 01:54:14 knot_s1_T0.3 [empty] =====
<EMPTY>

===== 2026-08-20 01:54:14 knot_s1_T0.3 [empty] =====
<EMPTY>

===== 2026-08-20 01:54:14 knot_s1_T0.6 [empty] =====
<EMPTY>

===== 2026-08-20 01:54:14 knot_s1_T0.0 [empty] =====
<EMPTY>

===== 2026-08-20 01:54:14 knot_s1_T0.6 [empty] =====
<EMPTY>

===== 2026-08-20 01:54:14 knot_s1_T0.3 [empty] =====
<EMPTY>

===== 2026-08-20 01:54:14 knot_s1_T0.0 [empty] =====
<EMPTY>

===== 2026-08-20 01:54:14 knot_s1_T0.0 [empty] =====
<EMPTY>

===== 2026-08-20 01:54:15 knot_s1_T0.6 [empty] =====
<EMPTY>

===== 2026-08-20 01:54:15 knot_s1_T0.6 [empty] =====
<EMPTY>

===== 2026-08-20 01:54:15 knot_s1_T0.3 [empty] =====
<EMPTY>

===== 2026-08-20 01:54:15 knot_s1_T0.6 [empty] =====
<EMPTY>

===== 2026-08-20 01:54:15 knot_s1_T0.3 [empty] =====
<EMPTY>

===== 2026-08-20 01:54:15 knot_s1_T0.0 [empty] =====
<EMPTY>

===== 2026-08-20 01:54:15 knot_s1_T0.0 [empty] =====
<EMPTY>

===== 2026-08-20 01:54:15 knot_s1_T0.6 [empty] =====
<EMPTY>

===== 2026-08-20 01:54:15 knot_s1_T0.3 [empty] =====
<EMPTY>

===== 2026-08-20 01:54:15 knot_s1_T0.3 [empty] =====
<EMPTY>

===== 2026-08-20 01:54:15 knot_s1_T0.6 [empty] =====
<EMPTY>

===== 2026-08-20 01:54:15 knot_s1_T0.0 [empty] =====
<EMPTY>

===== 2026-08-20 01:54:15 knot_s1_T0.3 [empty] =====
<EMPTY>

===== 2026-08-20 01:54:15 knot_s1_T0.6 [empty] =====
<EMPTY>

===== 2026-08-20 01:54:16 knot_s1_T0.0 [empty] =====
<EMPTY>

===== 2026-08-20 01:54:16 knot_s1_T0.6 [empty] =====
<EMPTY>

===== 2026-08-20 01:54:16 knot_s1_T0.3 [empty] =====
<EMPTY>

===== 2026-08-20 01:54:16 knot_s1_T0.3 [empty] =====
<EMPTY>

===== 2026-08-20 01:54:16 knot_s1_T0.0 [empty] =====
<EMPTY>

===== 2026-08-20 01:54:16 knot_s1_T0.6 [empty] =====
<EMPTY>

===== 2026-08-20 01:54:16 knot_s1_T0.6 [empty] =====
<EMPTY>

===== 2026-08-20 01:54:16 knot_s1_T0.0 [empty] =====
<EMPTY>

===== 2026-08-20 01:54:16 knot_s1_T0.0 [empty] =====
<EMPTY>

===== 2026-08-20 01:54:16 knot_s1_T0.0 [empty] =====
<EMPTY>

===== 2026-08-20 01:54:17 knot_s1_T0.6 [empty] =====
<EMPTY>

===== 2026-08-20 01:54:17 knot_s1_T0.3 [empty] =====
<EMPTY>

===== 2026-08-20 01:54:17 knot_s1_T0.0 [empty] =====
<EMPTY>

===== 2026-08-20 01:54:17 knot_s1_T0.6 [empty] =====
<EMPTY>

===== 2026-08-20 01:54:17 knot_s1_T0.0 [empty] =====
<EMPTY>

===== 2026-08-20 01:54:17 knot_s1_T0.3 [empty] =====
<EMPTY>

===== 2026-08-20 01:54:17 knot_s1_T0.0 [empty] =====
<EMPTY>

===== 2026-08-20 01:54:17 knot_s1_T0.3 [empty] =====
<EMPTY>

===== 2026-08-20 01:54:17 knot_s1_T0.6 [empty] =====
<EMPTY>

===== 2026-08-20 01:54:17 knot_s1_T0.3 [empty] =====
<EMPTY>

===== 2026-08-20 01:54:17 knot_s1_T0.6 [empty] =====
<EMPTY>

===== 2026-08-20 01:54:17 knot_s1_T0.0 [empty] =====
<EMPTY>

===== 2026-08-20 01:54:17 knot_s1_T0.3 [empty] =====
<EMPTY>

===== 2026-08-20 01:54:17 knot_s1_T0.6 [empty] =====
<EMPTY>

===== 2026-08-20 01:54:17 knot_s1_T0.3 [empty] =====
<EMPTY>

===== 2026-08-20 01:54:17 knot_s1_T0.0 [empty] =====
<EMPTY>

===== 2026-08-20 01:54:18 knot_s1_T0.6 [empty] =====
<EMPTY>

===== 2026-08-20 01:54:18 knot_s1_T0.3 [empty] =====
<EMPTY>

===== 2026-08-20 01:54:18 knot_s1_T0.6 [empty] =====
<EMPTY>

===== 2026-08-20 01:54:18 knot_s1_T0.0 [empty] =====
<EMPTY>

===== 2026-08-20 01:54:18 knot_s1_T0.6 [empty] =====
<EMPTY>

===== 2026-08-20 01:54:18 knot_s1_T0.3 [empty] =====
<EMPTY>

===== 2026-08-20 01:54:19 knot_s1_T0.3 [empty] =====
<EMPTY>

===== 2026-08-20 01:54:19 knot_s1_T0.0 [empty] =====
<EMPTY>

===== 2026-08-20 01:54:19 knot_s1_T0.0 [empty] =====
<EMPTY>

===== 2026-08-20 01:54:19 knot_s1_T0.3 [empty] =====
<EMPTY>

===== 2026-08-20 01:54:19 knot_s1_T0.6 [empty] =====
<EMPTY>

===== 2026-08-20 01:54:19 knot_s1_T0.0 [empty] =====
<EMPTY>

===== 2026-08-20 01:54:19 knot_s1_T0.0 [empty] =====
<EMPTY>

===== 2026-08-20 01:54:19 knot_s1_T0.3 [empty] =====
<EMPTY>

===== 2026-08-20 01:54:19 knot_s1_T0.6 [empty] =====
<EMPTY>

===== 2026-08-20 01:54:19 knot_s1_T0.6 [empty] =====
<EMPTY>

===== 2026-08-20 01:54:19 knot_s1_T0.3 [empty] =====
<EMPTY>

===== 2026-08-20 01:54:19 knot_s1_T0.6 [empty] =====
<EMPTY>

===== 2026-08-20 01:54:19 knot_s1_T0.0 [empty] =====
<EMPTY>

===== 2026-08-20 01:54:19 knot_s1_T0.6 [empty] =====
<EMPTY>

===== 2026-08-20 01:54:19 knot_s1_T0.0 [empty] =====
<EMPTY>

===== 2026-08-20 01:54:19 knot_s1_T0.3 [empty] =====
<EMPTY>

===== 2026-08-20 01:54:19 knot_s1_T0.0 [empty] =====
<EMPTY>

===== 2026-08-20 01:54:19 knot_s1_T0.6 [empty] =====
<EMPTY>

===== 2026-08-20 01:54:20 knot_s1_T0.0 [empty] =====
<EMPTY>

===== 2026-08-20 01:54:20 knot_s1_T0.3 [empty] =====
<EMPTY>

===== 2026-08-20 01:54:20 knot_s1_T0.3 [empty] =====
<EMPTY>

===== 2026-08-20 01:54:20 knot_s1_T0.3 [empty] =====
<EMPTY>

===== 2026-08-20 01:54:20 knot_s1_T0.6 [empty] =====
<EMPTY>

===== 2026-08-20 01:54:20 knot_s1_T0.3 [empty] =====
<EMPTY>

===== 2026-08-20 01:54:21 knot_s1_T0.3 [empty] =====
<EMPTY>

===== 2026-08-20 01:54:21 knot_s1_T0.0 [empty] =====
<EMPTY>

===== 2026-08-20 01:54:21 knot_s1_T0.0 [empty] =====
<EMPTY>

===== 2026-08-20 01:54:21 knot_s1_T0.3 [empty] =====
<EMPTY>

===== 2026-08-20 01:54:21 knot_s1_T0.6 [empty] =====
<EMPTY>

===== 2026-08-20 01:54:21 knot_s1_T0.6 [empty] =====
<EMPTY>

===== 2026-08-20 01:54:21 knot_s1_T0.6 [empty] =====
<EMPTY>

===== 2026-08-20 01:54:21 knot_s1_T0.6 [empty] =====
<EMPTY>

===== 2026-08-20 01:54:21 knot_s1_T0.3 [empty] =====
<EMPTY>

===== 2026-08-20 01:54:21 knot_s1_T0.6 [empty] =====
<EMPTY>

===== 2026-08-20 01:54:21 knot_s1_T0.0 [empty] =====
<EMPTY>

===== 2026-08-20 01:54:21 knot_s1_T0.6 [empty] =====
<EMPTY>

===== 2026-08-20 01:54:21 knot_s1_T0.0 [empty] =====
<EMPTY>

===== 2026-08-20 01:54:21 knot_s1_T0.3 [empty] =====
<EMPTY>

===== 2026-08-20 01:54:21 knot_s1_T0.0 [empty] =====
<EMPTY>

===== 2026-08-20 01:54:21 knot_s1_T0.6 [empty] =====
<EMPTY>

===== 2026-08-20 01:54:22 knot_s1_T0.3 [empty] =====
<EMPTY>

===== 2026-08-20 01:54:22 knot_s1_T0.0 [empty] =====
<EMPTY>

===== 2026-08-20 01:54:22 knot_s1_T0.0 [empty] =====
<EMPTY>

===== 2026-08-20 01:54:22 knot_s1_T0.3 [empty] =====
<EMPTY>

===== 2026-08-20 01:54:22 knot_s1_T0.6 [empty] =====
<EMPTY>

===== 2026-08-20 01:54:22 knot_s1_T0.3 [empty] =====
<EMPTY>

===== 2026-08-20 01:54:22 knot_s1_T0.0 [empty] =====
<EMPTY>

===== 2026-08-20 01:54:23 knot_s1_T0.0 [empty] =====
<EMPTY>

===== 2026-08-20 01:54:23 knot_s1_T0.6 [empty] =====
<EMPTY>

===== 2026-08-20 01:54:23 knot_s1_T0.6 [empty] =====
<EMPTY>

===== 2026-08-20 01:54:23 knot_s1_T0.3 [empty] =====
<EMPTY>

===== 2026-08-20 01:54:23 knot_s1_T0.3 [empty] =====
<EMPTY>

===== 2026-08-20 01:54:23 knot_s1_T0.6 [empty] =====
<EMPTY>

===== 2026-08-20 01:54:23 knot_s1_T0.0 [empty] =====
<EMPTY>

===== 2026-08-20 01:54:23 knot_s1_T0.3 [empty] =====
<EMPTY>

===== 2026-08-20 01:54:23 knot_s1_T0.3 [empty] =====
<EMPTY>

===== 2026-08-20 01:54:23 knot_s1_T0.6 [empty] =====
<EMPTY>

===== 2026-08-20 01:54:23 knot_s1_T0.0 [empty] =====
<EMPTY>

===== 2026-08-20 01:54:23 knot_s1_T0.6 [empty] =====
<EMPTY>

===== 2026-08-20 01:54:24 knot_s1_T0.0 [empty] =====
<EMPTY>

===== 2026-08-20 01:54:24 knot_s1_T0.0 [empty] =====
<EMPTY>

===== 2026-08-20 01:54:24 knot_s1_T0.6 [empty] =====
<EMPTY>

===== 2026-08-20 01:54:24 knot_s1_T0.3 [empty] =====
<EMPTY>

===== 2026-08-20 01:54:24 knot_s1_T0.0 [empty] =====
<EMPTY>

===== 2026-08-20 01:54:24 knot_s1_T0.6 [empty] =====
<EMPTY>

===== 2026-08-20 01:54:24 knot_s1_T0.0 [empty] =====
<EMPTY>

===== 2026-08-20 01:54:24 knot_s1_T0.6 [empty] =====
<EMPTY>

===== 2026-08-20 01:54:24 knot_s1_T0.3 [empty] =====
<EMPTY>

===== 2026-08-20 01:54:24 knot_s1_T0.0 [empty] =====
<EMPTY>

===== 2026-08-20 01:54:25 knot_s1_T0.0 [empty] =====
<EMPTY>

===== 2026-08-20 01:54:25 knot_s1_T0.6 [empty] =====
<EMPTY>

===== 2026-08-20 01:54:25 knot_s1_T0.3 [empty] =====
<EMPTY>

===== 2026-08-20 01:54:25 knot_s1_T0.3 [empty] =====
<EMPTY>

===== 2026-08-20 01:54:25 knot_s1_T0.3 [empty] =====
<EMPTY>

===== 2026-08-20 01:54:25 knot_s1_T0.0 [empty] =====
<EMPTY>

===== 2026-08-20 01:54:25 knot_s1_T0.6 [empty] =====
<EMPTY>

===== 2026-08-20 01:54:26 knot_s1_T0.6 [empty] =====
<EMPTY>

===== 2026-08-20 01:54:26 knot_s1_T0.3 [empty] =====
<EMPTY>

===== 2026-08-20 01:54:26 knot_s1_T0.3 [empty] =====
<EMPTY>

===== 2026-08-20 01:54:26 knot_s1_T0.6 [empty] =====
<EMPTY>

===== 2026-08-20 01:54:26 knot_s1_T0.0 [empty] =====
<EMPTY>

===== 2026-08-20 01:54:26 knot_s1_T0.3 [empty] =====
<EMPTY>

===== 2026-08-20 01:54:26 knot_s1_T0.0 [empty] =====
<EMPTY>

===== 2026-08-20 01:54:26 knot_s1_T0.3 [empty] =====
<EMPTY>

===== 2026-08-20 01:54:26 knot_s1_T0.0 [empty] =====
<EMPTY>

===== 2026-08-20 01:54:26 knot_s1_T0.0 [empty] =====
<EMPTY>

===== 2026-08-20 01:54:27 knot_s1_T0.6 [empty] =====
<EMPTY>

===== 2026-08-20 01:54:27 knot_s1_T0.6 [empty] =====
<EMPTY>

===== 2026-08-20 01:54:27 knot_s1_T0.3 [empty] =====
<EMPTY>

===== 2026-08-20 01:54:27 knot_s1_T0.3 [empty] =====
<EMPTY>

===== 2026-08-20 01:54:27 knot_s1_T0.3 [empty] =====
<EMPTY>

===== 2026-08-20 01:54:27 knot_s1_T0.0 [empty] =====
<EMPTY>

===== 2026-08-20 01:54:27 knot_s1_T0.6 [empty] =====
<EMPTY>

===== 2026-08-20 01:54:27 knot_s1_T0.6 [empty] =====
<EMPTY>

===== 2026-08-20 01:54:27 knot_s1_T0.6 [empty] =====
<EMPTY>

===== 2026-08-20 01:54:28 knot_s1_T0.3 [empty] =====
<EMPTY>

===== 2026-08-20 01:54:28 knot_s1_T0.6 [empty] =====
<EMPTY>

===== 2026-08-20 01:54:28 knot_s1_T0.6 [empty] =====
<EMPTY>

===== 2026-08-20 01:54:28 knot_s1_T0.3 [empty] =====
<EMPTY>

===== 2026-08-20 01:54:28 knot_s1_T0.0 [empty] =====
<EMPTY>

===== 2026-08-20 01:54:28 knot_s1_T0.0 [empty] =====
<EMPTY>

===== 2026-08-20 01:54:28 knot_s1_T0.0 [empty] =====
<EMPTY>

===== 2026-08-20 01:54:28 knot_s1_T0.0 [empty] =====
<EMPTY>

===== 2026-08-20 01:54:28 knot_s1_T0.6 [empty] =====
<EMPTY>

===== 2026-08-20 01:54:29 knot_s1_T0.6 [empty] =====
<EMPTY>

===== 2026-08-20 01:54:29 knot_s1_T0.3 [empty] =====
<EMPTY>

===== 2026-08-20 01:54:29 knot_s1_T0.3 [empty] =====
<EMPTY>

===== 2026-08-20 01:54:29 knot_s1_T0.3 [empty] =====
<EMPTY>

===== 2026-08-20 01:54:29 knot_s1_T0.3 [empty] =====
<EMPTY>

===== 2026-08-20 01:54:29 knot_s1_T0.0 [empty] =====
<EMPTY>

===== 2026-08-20 01:54:29 knot_s1_T0.0 [empty] =====
<EMPTY>

===== 2026-08-20 01:54:29 knot_s1_T0.6 [empty] =====
<EMPTY>

===== 2026-08-20 01:54:29 knot_s1_T0.3 [empty] =====
<EMPTY>

===== 2026-08-20 01:54:29 knot_s1_T0.6 [empty] =====
<EMPTY>

===== 2026-08-20 01:54:29 knot_s1_T0.0 [empty] =====
<EMPTY>

===== 2026-08-20 01:54:30 knot_s1_T0.0 [empty] =====
<EMPTY>

===== 2026-08-20 01:54:30 knot_s1_T0.6 [empty] =====
<EMPTY>

===== 2026-08-20 01:54:30 knot_s1_T0.6 [empty] =====
<EMPTY>

===== 2026-08-20 01:54:30 knot_s1_T0.3 [empty] =====
<EMPTY>

===== 2026-08-20 01:54:30 knot_s1_T0.6 [empty] =====
<EMPTY>

===== 2026-08-20 01:54:30 knot_s1_T0.0 [empty] =====
<EMPTY>

===== 2026-08-20 01:54:30 knot_s1_T0.3 [empty] =====
<EMPTY>

===== 2026-08-20 01:54:30 knot_s1_T0.6 [empty] =====
<EMPTY>

===== 2026-08-20 01:54:30 knot_s1_T0.3 [empty] =====
<EMPTY>

===== 2026-08-20 01:54:31 knot_s1_T0.3 [empty] =====
<EMPTY>

===== 2026-08-20 01:54:31 knot_s1_T0.0 [empty] =====
<EMPTY>

===== 2026-08-20 01:54:31 knot_s1_T0.3 [empty] =====
<EMPTY>

===== 2026-08-20 01:54:31 knot_s1_T0.3 [empty] =====
<EMPTY>

===== 2026-08-20 01:54:31 knot_s1_T0.6 [empty] =====
<EMPTY>

===== 2026-08-20 01:54:31 knot_s1_T0.0 [empty] =====
<EMPTY>

===== 2026-08-20 01:54:31 knot_s1_T0.0 [empty] =====
<EMPTY>

===== 2026-08-20 01:54:31 knot_s1_T0.6 [empty] =====
<EMPTY>

===== 2026-08-20 01:54:32 knot_s1_T0.0 [empty] =====
<EMPTY>

===== 2026-08-20 01:54:32 knot_s1_T0.0 [empty] =====
<EMPTY>

===== 2026-08-20 01:54:32 knot_s1_T0.6 [empty] =====
<EMPTY>

===== 2026-08-20 01:54:32 knot_s1_T0.0 [empty] =====
<EMPTY>

===== 2026-08-20 01:54:32 knot_s1_T0.0 [empty] =====
<EMPTY>

===== 2026-08-20 01:54:32 knot_s1_T0.3 [empty] =====
<EMPTY>

===== 2026-08-20 01:54:32 knot_s1_T0.6 [empty] =====
<EMPTY>

===== 2026-08-20 01:54:32 knot_s1_T0.6 [empty] =====
<EMPTY>

===== 2026-08-20 01:54:32 knot_s1_T0.3 [empty] =====
<EMPTY>

===== 2026-08-20 01:54:32 knot_s1_T0.3 [empty] =====
<EMPTY>

===== 2026-08-20 01:54:32 knot_s1_T0.3 [empty] =====
<EMPTY>

===== 2026-08-20 01:54:33 knot_s1_T0.3 [empty] =====
<EMPTY>

===== 2026-08-20 01:54:33 knot_s1_T0.0 [empty] =====
<EMPTY>

===== 2026-08-20 01:54:33 knot_s1_T0.3 [empty] =====
<EMPTY>

===== 2026-08-20 01:54:33 knot_s1_T0.0 [empty] =====
<EMPTY>

===== 2026-08-20 01:54:33 knot_s1_T0.3 [empty] =====
<EMPTY>

===== 2026-08-20 01:54:33 knot_s1_T0.0 [empty] =====
<EMPTY>

===== 2026-08-20 01:54:33 knot_s1_T0.6 [empty] =====
<EMPTY>

===== 2026-08-20 01:54:33 knot_s1_T0.6 [empty] =====
<EMPTY>

===== 2026-08-20 01:54:33 knot_s1_T0.0 [empty] =====
<EMPTY>

===== 2026-08-20 01:54:33 knot_s1_T0.6 [empty] =====
<EMPTY>

===== 2026-08-20 01:54:33 knot_s1_T0.0 [empty] =====
<EMPTY>

===== 2026-08-20 01:54:33 knot_s1_T0.0 [empty] =====
<EMPTY>

===== 2026-08-20 01:54:34 knot_s1_T0.6 [empty] =====
<EMPTY>

===== 2026-08-20 01:54:34 knot_s1_T0.0 [empty] =====
<EMPTY>

===== 2026-08-20 01:54:34 knot_s1_T0.6 [empty] =====
<EMPTY>

===== 2026-08-20 01:54:34 knot_s1_T0.0 [empty] =====
<EMPTY>

===== 2026-08-20 01:54:34 knot_s1_T0.3 [empty] =====
<EMPTY>

===== 2026-08-20 01:54:34 knot_s1_T0.6 [empty] =====
<EMPTY>

===== 2026-08-20 01:54:34 knot_s1_T0.3 [empty] =====
<EMPTY>

===== 2026-08-20 01:54:34 knot_s1_T0.0 [empty] =====
<EMPTY>

===== 2026-08-20 01:54:34 knot_s1_T0.6 [empty] =====
<EMPTY>

===== 2026-08-20 01:54:34 knot_s1_T0.3 [empty] =====
<EMPTY>

===== 2026-08-20 01:54:35 knot_s1_T0.3 [empty] =====
<EMPTY>

===== 2026-08-20 01:54:35 knot_s1_T0.0 [empty] =====
<EMPTY>

===== 2026-08-20 01:54:35 knot_s1_T0.3 [empty] =====
<EMPTY>

===== 2026-08-20 01:54:35 knot_s1_T0.6 [empty] =====
<EMPTY>

===== 2026-08-20 01:54:35 knot_s1_T0.6 [empty] =====
<EMPTY>

===== 2026-08-20 01:54:35 knot_s1_T0.6 [empty] =====
<EMPTY>

===== 2026-08-20 01:54:35 knot_s1_T0.0 [empty] =====
<EMPTY>

===== 2026-08-20 01:54:35 knot_s1_T0.0 [empty] =====
<EMPTY>

===== 2026-08-20 01:54:35 knot_s1_T0.0 [empty] =====
<EMPTY>

===== 2026-08-20 01:54:35 knot_s1_T0.3 [empty] =====
<EMPTY>

===== 2026-08-20 01:54:36 knot_s1_T0.3 [empty] =====
<EMPTY>

===== 2026-08-20 01:54:36 knot_s1_T0.6 [empty] =====
<EMPTY>

===== 2026-08-20 01:54:36 knot_s1_T0.6 [empty] =====
<EMPTY>

===== 2026-08-20 01:54:36 knot_s1_T0.3 [empty] =====
<EMPTY>

===== 2026-08-20 01:54:36 knot_s1_T0.3 [empty] =====
<EMPTY>

===== 2026-08-20 01:54:36 knot_s1_T0.6 [empty] =====
<EMPTY>

===== 2026-08-20 01:54:37 knot_s1_T0.0 [empty] =====
<EMPTY>

===== 2026-08-20 01:54:37 knot_s1_T0.6 [empty] =====
<EMPTY>

===== 2026-08-20 01:54:37 knot_s1_T0.3 [empty] =====
<EMPTY>

===== 2026-08-20 01:54:37 knot_s1_T0.3 [empty] =====
<EMPTY>

===== 2026-08-20 01:54:37 knot_s1_T0.6 [empty] =====
<EMPTY>

===== 2026-08-20 01:54:37 knot_s1_T0.6 [empty] =====
<EMPTY>

===== 2026-08-20 01:54:37 knot_s1_T0.0 [empty] =====
<EMPTY>

===== 2026-08-20 01:54:37 knot_s1_T0.0 [empty] =====
<EMPTY>

===== 2026-08-20 01:54:37 knot_s1_T0.3 [empty] =====
<EMPTY>

===== 2026-08-20 01:54:37 knot_s1_T0.0 [empty] =====
<EMPTY>

===== 2026-08-20 01:54:37 knot_s1_T0.0 [empty] =====
<EMPTY>

===== 2026-08-20 01:54:37 knot_s1_T0.6 [empty] =====
<EMPTY>

===== 2026-08-20 01:54:38 knot_s1_T0.0 [empty] =====
<EMPTY>

===== 2026-08-20 01:54:38 knot_s1_T0.6 [empty] =====
<EMPTY>

===== 2026-08-20 01:54:38 knot_s1_T0.3 [empty] =====
<EMPTY>

===== 2026-08-20 01:54:38 knot_s1_T0.6 [empty] =====
<EMPTY>

===== 2026-08-20 01:54:38 knot_s1_T0.6 [empty] =====
<EMPTY>

===== 2026-08-20 01:54:38 knot_s1_T0.3 [empty] =====
<EMPTY>

===== 2026-08-20 01:54:38 knot_s1_T0.6 [empty] =====
<EMPTY>

===== 2026-08-20 01:54:38 knot_s1_T0.3 [empty] =====
<EMPTY>

===== 2026-08-20 01:54:38 knot_s1_T0.0 [empty] =====
<EMPTY>

===== 2026-08-20 01:54:38 knot_s1_T0.0 [empty] =====
<EMPTY>

===== 2026-08-20 01:54:38 knot_s1_T0.3 [empty] =====
<EMPTY>

===== 2026-08-20 01:54:39 knot_s1_T0.6 [empty] =====
<EMPTY>

===== 2026-08-20 01:54:39 knot_s1_T0.0 [empty] =====
<EMPTY>

===== 2026-08-20 01:54:39 knot_s1_T0.0 [empty] =====
<EMPTY>

===== 2026-08-20 01:54:39 knot_s1_T0.6 [empty] =====
<EMPTY>

===== 2026-08-20 01:54:39 knot_s1_T0.3 [empty] =====
<EMPTY>

===== 2026-08-20 01:54:39 knot_s1_T0.3 [empty] =====
<EMPTY>

===== 2026-08-20 01:54:39 knot_s1_T0.3 [empty] =====
<EMPTY>

===== 2026-08-20 01:54:39 knot_s1_T0.6 [empty] =====
<EMPTY>

===== 2026-08-20 01:54:39 knot_s1_T0.0 [empty] =====
<EMPTY>

===== 2026-08-20 01:54:39 knot_s1_T0.6 [empty] =====
<EMPTY>

===== 2026-08-20 01:54:39 knot_s1_T0.0 [empty] =====
<EMPTY>

===== 2026-08-20 01:54:39 knot_s1_T0.3 [empty] =====
<EMPTY>

===== 2026-08-20 01:54:39 knot_s1_T0.3 [empty] =====
<EMPTY>

===== 2026-08-20 01:54:39 knot_s1_T0.0 [empty] =====
<EMPTY>

===== 2026-08-20 01:54:39 knot_s1_T0.6 [empty] =====
<EMPTY>

===== 2026-08-20 01:54:39 knot_s1_T0.0 [empty] =====
<EMPTY>

===== 2026-08-20 01:54:40 knot_s1_T0.0 [empty] =====
<EMPTY>

===== 2026-08-20 01:54:40 knot_s1_T0.3 [empty] =====
<EMPTY>

===== 2026-08-20 01:54:40 knot_s1_T0.6 [empty] =====
<EMPTY>

===== 2026-08-20 01:54:40 knot_s1_T0.0 [empty] =====
<EMPTY>

===== 2026-08-20 01:54:40 knot_s1_T0.3 [empty] =====
<EMPTY>

===== 2026-08-20 01:54:40 knot_s1_T0.0 [empty] =====
<EMPTY>

===== 2026-08-20 01:54:40 knot_s1_T0.3 [empty] =====
<EMPTY>

===== 2026-08-20 01:54:40 knot_s1_T0.6 [empty] =====
<EMPTY>

===== 2026-08-20 01:54:41 knot_s1_T0.0 [empty] =====
<EMPTY>

===== 2026-08-20 01:54:41 knot_s1_T0.0 [empty] =====
<EMPTY>

===== 2026-08-20 01:54:41 knot_s1_T0.3 [empty] =====
<EMPTY>

===== 2026-08-20 01:54:41 knot_s1_T0.0 [empty] =====
<EMPTY>

===== 2026-08-20 01:54:41 knot_s1_T0.6 [empty] =====
<EMPTY>

===== 2026-08-20 01:54:41 knot_s1_T0.3 [empty] =====
<EMPTY>

===== 2026-08-20 01:54:41 knot_s1_T0.6 [empty] =====
<EMPTY>

===== 2026-08-20 01:54:41 knot_s1_T0.6 [empty] =====
<EMPTY>

===== 2026-08-20 01:54:41 knot_s1_T0.3 [empty] =====
<EMPTY>

===== 2026-08-20 01:54:41 knot_s1_T0.0 [empty] =====
<EMPTY>

===== 2026-08-20 01:54:41 knot_s1_T0.6 [empty] =====
<EMPTY>

===== 2026-08-20 01:54:41 knot_s1_T0.3 [empty] =====
<EMPTY>

===== 2026-08-20 01:54:41 knot_s1_T0.6 [empty] =====
<EMPTY>

===== 2026-08-20 01:54:41 knot_s1_T0.3 [empty] =====
<EMPTY>

===== 2026-08-20 01:54:41 knot_s1_T0.3 [empty] =====
<EMPTY>

===== 2026-08-20 01:54:41 knot_s1_T0.6 [empty] =====
<EMPTY>

===== 2026-08-20 01:54:42 knot_s1_T0.0 [empty] =====
<EMPTY>

===== 2026-08-20 01:54:42 knot_s1_T0.3 [empty] =====
<EMPTY>

===== 2026-08-20 01:54:42 knot_s1_T0.0 [empty] =====
<EMPTY>

===== 2026-08-20 01:54:42 knot_s1_T0.0 [empty] =====
<EMPTY>

===== 2026-08-20 01:54:42 knot_s1_T0.0 [empty] =====
<EMPTY>

===== 2026-08-20 01:54:42 knot_s1_T0.3 [empty] =====
<EMPTY>

===== 2026-08-20 01:54:42 knot_s1_T0.3 [empty] =====
<EMPTY>

===== 2026-08-20 01:54:42 knot_s1_T0.3 [empty] =====
<EMPTY>

===== 2026-08-20 01:54:43 knot_s1_T0.0 [empty] =====
<EMPTY>

===== 2026-08-20 01:54:43 knot_s1_T0.0 [empty] =====
<EMPTY>

===== 2026-08-20 01:54:43 knot_s1_T0.6 [empty] =====
<EMPTY>

===== 2026-08-20 01:54:43 knot_s1_T0.0 [empty] =====
<EMPTY>

===== 2026-08-20 01:54:43 knot_s1_T0.6 [empty] =====
<EMPTY>

===== 2026-08-20 01:54:43 knot_s1_T0.0 [empty] =====
<EMPTY>

===== 2026-08-20 01:54:43 knot_s1_T0.6 [empty] =====
<EMPTY>

===== 2026-08-20 01:54:43 knot_s1_T0.6 [empty] =====
<EMPTY>

===== 2026-08-20 01:54:43 knot_s1_T0.6 [empty] =====
<EMPTY>

===== 2026-08-20 01:54:43 knot_s1_T0.3 [empty] =====
<EMPTY>

===== 2026-08-20 01:54:43 knot_s1_T0.6 [empty] =====
<EMPTY>

===== 2026-08-20 01:54:43 knot_s1_T0.3 [empty] =====
<EMPTY>

===== 2026-08-20 01:54:43 knot_s1_T0.6 [empty] =====
<EMPTY>

===== 2026-08-20 01:54:44 knot_s1_T0.6 [empty] =====
<EMPTY>

===== 2026-08-20 01:54:44 knot_s1_T0.0 [empty] =====
<EMPTY>

===== 2026-08-20 01:54:44 knot_s1_T0.0 [empty] =====
<EMPTY>

===== 2026-08-20 01:54:44 knot_s1_T0.3 [empty] =====
<EMPTY>

===== 2026-08-20 01:54:44 knot_s1_T0.0 [empty] =====
<EMPTY>

===== 2026-08-20 01:54:44 knot_s1_T0.3 [empty] =====
<EMPTY>

===== 2026-08-20 01:54:44 knot_s1_T0.0 [empty] =====
<EMPTY>

===== 2026-08-20 01:54:44 knot_s1_T0.3 [empty] =====
<EMPTY>

===== 2026-08-20 01:54:44 knot_s1_T0.6 [empty] =====
<EMPTY>

===== 2026-08-20 01:54:45 knot_s1_T0.6 [empty] =====
<EMPTY>

===== 2026-08-20 01:54:45 knot_s1_T0.6 [empty] =====
<EMPTY>

===== 2026-08-20 01:54:45 knot_s1_T0.0 [empty] =====
<EMPTY>

===== 2026-08-20 01:54:45 knot_s1_T0.0 [empty] =====
<EMPTY>

===== 2026-08-20 01:54:45 knot_s1_T0.0 [empty] =====
<EMPTY>

===== 2026-08-20 01:54:45 knot_s1_T0.3 [empty] =====
<EMPTY>

===== 2026-08-20 01:54:45 knot_s1_T0.6 [empty] =====
<EMPTY>

===== 2026-08-20 01:54:45 knot_s1_T0.3 [empty] =====
<EMPTY>

===== 2026-08-20 01:54:45 knot_s1_T0.0 [empty] =====
<EMPTY>

===== 2026-08-20 01:54:45 knot_s1_T0.3 [empty] =====
<EMPTY>

===== 2026-08-20 01:54:45 knot_s1_T0.6 [empty] =====
<EMPTY>

===== 2026-08-20 01:54:45 knot_s1_T0.6 [empty] =====
<EMPTY>

===== 2026-08-20 01:54:46 knot_s1_T0.3 [empty] =====
<EMPTY>

===== 2026-08-20 01:54:46 knot_s1_T0.6 [empty] =====
<EMPTY>

===== 2026-08-20 01:54:46 knot_s1_T0.0 [empty] =====
<EMPTY>

===== 2026-08-20 01:54:46 knot_s1_T0.3 [empty] =====
<EMPTY>

===== 2026-08-20 01:54:46 knot_s1_T0.3 [empty] =====
<EMPTY>

===== 2026-08-20 01:54:46 knot_s1_T0.6 [empty] =====
<EMPTY>

===== 2026-08-20 01:54:46 knot_s1_T0.3 [empty] =====
<EMPTY>

===== 2026-08-20 01:54:46 knot_s1_T0.0 [empty] =====
<EMPTY>

===== 2026-08-20 01:54:46 knot_s1_T0.3 [empty] =====
<EMPTY>

===== 2026-08-20 01:54:46 knot_s1_T0.0 [empty] =====
<EMPTY>

===== 2026-08-20 01:54:47 knot_s1_T0.0 [empty] =====
<EMPTY>

===== 2026-08-20 01:54:47 knot_s1_T0.0 [empty] =====
<EMPTY>

===== 2026-08-20 01:54:47 knot_s1_T0.6 [empty] =====
<EMPTY>

===== 2026-08-20 01:54:47 knot_s1_T0.0 [empty] =====
<EMPTY>

===== 2026-08-20 01:54:47 knot_s1_T0.3 [empty] =====
<EMPTY>

===== 2026-08-20 01:54:47 knot_s1_T0.6 [empty] =====
<EMPTY>

===== 2026-08-20 01:54:47 knot_s1_T0.3 [empty] =====
<EMPTY>

===== 2026-08-20 01:54:47 knot_s1_T0.6 [empty] =====
<EMPTY>

===== 2026-08-20 01:54:48 knot_s1_T0.6 [empty] =====
<EMPTY>

===== 2026-08-20 01:54:48 knot_s1_T0.6 [empty] =====
<EMPTY>

===== 2026-08-20 01:54:48 knot_s1_T0.3 [empty] =====
<EMPTY>

===== 2026-08-20 01:54:48 knot_s1_T0.0 [empty] =====
<EMPTY>

===== 2026-08-20 01:54:48 knot_s1_T0.3 [empty] =====
<EMPTY>

===== 2026-08-20 01:54:48 knot_s1_T0.3 [empty] =====
<EMPTY>

===== 2026-08-20 01:54:48 knot_s1_T0.0 [empty] =====
<EMPTY>

===== 2026-08-20 01:54:48 knot_s1_T0.3 [empty] =====
<EMPTY>

===== 2026-08-20 01:54:48 knot_s1_T0.6 [empty] =====
<EMPTY>

===== 2026-08-20 01:54:48 knot_s1_T0.6 [empty] =====
<EMPTY>

===== 2026-08-20 01:54:48 knot_s1_T0.0 [empty] =====
<EMPTY>

===== 2026-08-20 01:54:48 knot_s1_T0.0 [empty] =====
<EMPTY>

===== 2026-08-20 01:54:48 knot_s1_T0.0 [empty] =====
<EMPTY>

===== 2026-08-20 01:54:49 knot_s1_T0.3 [empty] =====
<EMPTY>

===== 2026-08-20 01:54:49 knot_s1_T0.6 [empty] =====
<EMPTY>

===== 2026-08-20 01:54:49 knot_s1_T0.0 [empty] =====
<EMPTY>

===== 2026-08-20 01:54:49 knot_s1_T0.6 [empty] =====
<EMPTY>

===== 2026-08-20 01:54:49 knot_s1_T0.6 [empty] =====
<EMPTY>

===== 2026-08-20 01:54:49 knot_s1_T0.3 [empty] =====
<EMPTY>

===== 2026-08-20 01:54:49 knot_s1_T0.0 [empty] =====
<EMPTY>

===== 2026-08-20 01:54:49 knot_s1_T0.6 [empty] =====
<EMPTY>

===== 2026-08-20 01:54:50 knot_s1_T0.6 [empty] =====
<EMPTY>

===== 2026-08-20 01:54:50 knot_s1_T0.3 [empty] =====
<EMPTY>

===== 2026-08-20 01:54:50 knot_s1_T0.3 [empty] =====
<EMPTY>

===== 2026-08-20 01:54:50 knot_s1_T0.6 [empty] =====
<EMPTY>

===== 2026-08-20 01:54:50 knot_s1_T0.0 [empty] =====
<EMPTY>

===== 2026-08-20 01:54:50 knot_s1_T0.6 [empty] =====
<EMPTY>

===== 2026-08-20 01:54:50 knot_s1_T0.3 [empty] =====
<EMPTY>

===== 2026-08-20 01:54:50 knot_s1_T0.0 [empty] =====
<EMPTY>

===== 2026-08-20 01:54:50 knot_s1_T0.6 [empty] =====
<EMPTY>

===== 2026-08-20 01:54:50 knot_s1_T0.0 [empty] =====
<EMPTY>

===== 2026-08-20 01:54:50 knot_s1_T0.3 [empty] =====
<EMPTY>

===== 2026-08-20 01:54:50 knot_s1_T0.3 [empty] =====
<EMPTY>

===== 2026-08-20 01:54:50 knot_s1_T0.0 [empty] =====
<EMPTY>

===== 2026-08-20 01:54:51 knot_s1_T0.3 [empty] =====
<EMPTY>

===== 2026-08-20 01:54:51 knot_s1_T0.0 [empty] =====
<EMPTY>

===== 2026-08-20 01:54:51 knot_s1_T0.6 [empty] =====
<EMPTY>

===== 2026-08-20 01:54:51 knot_s1_T0.6 [empty] =====
<EMPTY>

===== 2026-08-20 01:54:51 knot_s1_T0.3 [empty] =====
<EMPTY>

===== 2026-08-20 01:54:51 knot_s1_T0.0 [empty] =====
<EMPTY>

===== 2026-08-20 01:54:51 knot_s1_T0.6 [empty] =====
<EMPTY>

===== 2026-08-20 01:54:51 knot_s1_T0.0 [empty] =====
<EMPTY>

===== 2026-08-20 01:54:52 knot_s1_T0.3 [empty] =====
<EMPTY>

===== 2026-08-20 01:54:52 knot_s1_T0.6 [empty] =====
<EMPTY>

===== 2026-08-20 01:54:52 knot_s1_T0.6 [empty] =====
<EMPTY>

===== 2026-08-20 01:54:52 knot_s1_T0.3 [empty] =====
<EMPTY>

===== 2026-08-20 01:54:52 knot_s1_T0.3 [empty] =====
<EMPTY>

===== 2026-08-20 01:54:52 knot_s1_T0.0 [empty] =====
<EMPTY>

===== 2026-08-20 01:54:52 knot_s1_T0.6 [empty] =====
<EMPTY>

===== 2026-08-20 01:54:52 knot_s1_T0.3 [empty] =====
<EMPTY>

===== 2026-08-20 01:54:52 knot_s1_T0.6 [empty] =====
<EMPTY>

===== 2026-08-20 01:54:52 knot_s1_T0.3 [empty] =====
<EMPTY>

===== 2026-08-20 01:54:52 knot_s1_T0.3 [empty] =====
<EMPTY>

===== 2026-08-20 01:54:52 knot_s1_T0.0 [empty] =====
<EMPTY>

===== 2026-08-20 01:54:53 knot_s1_T0.6 [empty] =====
<EMPTY>

===== 2026-08-20 01:54:53 knot_s1_T0.0 [empty] =====
<EMPTY>

===== 2026-08-20 01:54:53 knot_s1_T0.3 [empty] =====
<EMPTY>

===== 2026-08-20 01:54:53 knot_s1_T0.6 [empty] =====
<EMPTY>

===== 2026-08-20 01:54:53 knot_s1_T0.0 [empty] =====
<EMPTY>

===== 2026-08-20 01:54:53 knot_s1_T0.0 [empty] =====
<EMPTY>

===== 2026-08-20 01:54:53 knot_s1_T0.0 [empty] =====
<EMPTY>

===== 2026-08-20 01:54:53 knot_s1_T0.0 [empty] =====
<EMPTY>

===== 2026-08-20 01:54:53 knot_s1_T0.3 [empty] =====
<EMPTY>

===== 2026-08-20 01:54:53 knot_s1_T0.6 [empty] =====
<EMPTY>

===== 2026-08-20 01:54:54 knot_s1_T0.6 [empty] =====
<EMPTY>

===== 2026-08-20 01:54:54 knot_s1_T0.3 [empty] =====
<EMPTY>

===== 2026-08-20 01:54:54 knot_s1_T0.0 [empty] =====
<EMPTY>

===== 2026-08-20 01:54:54 knot_s1_T0.3 [empty] =====
<EMPTY>

===== 2026-08-20 01:54:54 knot_s1_T0.0 [empty] =====
<EMPTY>

===== 2026-08-20 01:54:54 knot_s1_T0.6 [empty] =====
<EMPTY>

===== 2026-08-20 01:54:54 knot_s1_T0.3 [empty] =====
<EMPTY>

===== 2026-08-20 01:54:54 knot_s1_T0.6 [empty] =====
<EMPTY>

===== 2026-08-20 01:54:54 knot_s1_T0.6 [empty] =====
<EMPTY>

===== 2026-08-20 01:54:54 knot_s1_T0.0 [empty] =====
<EMPTY>

===== 2026-08-20 01:54:54 knot_s1_T0.3 [empty] =====
<EMPTY>

===== 2026-08-20 01:54:54 knot_s1_T0.6 [empty] =====
<EMPTY>

===== 2026-08-20 01:54:55 knot_s1_T0.6 [empty] =====
<EMPTY>

===== 2026-08-20 01:54:55 knot_s1_T0.3 [empty] =====
<EMPTY>

===== 2026-08-20 01:54:55 knot_s1_T0.3 [empty] =====
<EMPTY>

===== 2026-08-20 01:54:55 knot_s1_T0.0 [empty] =====
<EMPTY>

===== 2026-08-20 01:54:55 knot_s1_T0.0 [empty] =====
<EMPTY>

===== 2026-08-20 01:54:55 knot_s1_T0.3 [empty] =====
<EMPTY>

===== 2026-08-20 01:54:55 knot_s1_T0.3 [empty] =====
<EMPTY>

===== 2026-08-20 01:54:55 knot_s1_T0.6 [empty] =====
<EMPTY>

===== 2026-08-20 01:54:55 knot_s1_T0.3 [empty] =====
<EMPTY>

===== 2026-08-20 01:54:55 knot_s1_T0.6 [empty] =====
<EMPTY>

===== 2026-08-20 01:54:56 knot_s1_T0.0 [empty] =====
<EMPTY>

===== 2026-08-20 01:54:56 knot_s1_T0.3 [empty] =====
<EMPTY>

===== 2026-08-20 01:54:56 knot_s1_T0.0 [empty] =====
<EMPTY>

===== 2026-08-20 01:54:56 knot_s1_T0.0 [empty] =====
<EMPTY>

===== 2026-08-20 01:54:56 knot_s1_T0.3 [empty] =====
<EMPTY>

===== 2026-08-20 01:54:56 knot_s1_T0.6 [empty] =====
<EMPTY>

===== 2026-08-20 01:54:56 knot_s1_T0.0 [empty] =====
<EMPTY>

===== 2026-08-20 01:54:56 knot_s1_T0.3 [empty] =====
<EMPTY>

===== 2026-08-20 01:54:56 knot_s1_T0.6 [empty] =====
<EMPTY>

===== 2026-08-20 01:54:56 knot_s1_T0.6 [empty] =====
<EMPTY>

===== 2026-08-20 01:54:56 knot_s1_T0.0 [empty] =====
<EMPTY>

===== 2026-08-20 01:54:57 knot_s1_T0.3 [empty] =====
<EMPTY>

===== 2026-08-20 01:54:57 knot_s1_T0.3 [empty] =====
<EMPTY>

===== 2026-08-20 01:54:57 knot_s1_T0.6 [empty] =====
<EMPTY>

===== 2026-08-20 01:54:57 knot_s1_T0.0 [empty] =====
<EMPTY>

===== 2026-08-20 01:54:57 knot_s1_T0.0 [empty] =====
<EMPTY>

===== 2026-08-20 01:54:57 knot_s1_T0.6 [empty] =====
<EMPTY>

===== 2026-08-20 01:54:57 knot_s1_T0.0 [empty] =====
<EMPTY>

===== 2026-08-20 01:54:57 knot_s1_T0.6 [empty] =====
<EMPTY>

===== 2026-08-20 01:54:57 knot_s1_T0.3 [empty] =====
<EMPTY>

===== 2026-08-20 01:54:57 knot_s1_T0.6 [empty] =====
<EMPTY>

===== 2026-08-20 01:54:57 knot_s1_T0.3 [empty] =====
<EMPTY>

===== 2026-08-20 01:54:57 knot_s1_T0.6 [empty] =====
<EMPTY>

===== 2026-08-20 01:54:57 knot_s1_T0.0 [empty] =====
<EMPTY>

===== 2026-08-20 01:54:57 knot_s1_T0.0 [empty] =====
<EMPTY>

===== 2026-08-20 01:54:58 knot_s1_T0.0 [empty] =====
<EMPTY>

===== 2026-08-20 01:54:58 knot_s1_T0.3 [empty] =====
<EMPTY>

===== 2026-08-20 01:54:58 knot_s1_T0.3 [empty] =====
<EMPTY>

===== 2026-08-20 01:54:58 knot_s1_T0.6 [empty] =====
<EMPTY>

===== 2026-08-20 01:54:58 knot_s1_T0.0 [empty] =====
<EMPTY>

===== 2026-08-20 01:54:58 knot_s1_T0.0 [empty] =====
<EMPTY>

===== 2026-08-20 01:54:58 knot_s1_T0.3 [empty] =====
<EMPTY>

===== 2026-08-20 01:54:59 knot_s1_T0.3 [empty] =====
<EMPTY>

===== 2026-08-20 01:54:59 knot_s1_T0.0 [empty] =====
<EMPTY>

===== 2026-08-20 01:54:59 knot_s1_T0.6 [empty] =====
<EMPTY>

===== 2026-08-20 01:54:59 knot_s1_T0.3 [empty] =====
<EMPTY>

===== 2026-08-20 01:54:59 knot_s1_T0.6 [empty] =====
<EMPTY>

===== 2026-08-20 01:54:59 knot_s1_T0.0 [empty] =====
<EMPTY>

===== 2026-08-20 01:54:59 knot_s1_T0.6 [empty] =====
<EMPTY>

===== 2026-08-20 01:54:59 knot_s1_T0.0 [empty] =====
<EMPTY>

===== 2026-08-20 01:55:00 knot_s1_T0.6 [empty] =====
<EMPTY>

===== 2026-08-20 01:55:00 knot_s1_T0.3 [empty] =====
<EMPTY>

===== 2026-08-20 01:55:00 knot_s1_T0.0 [empty] =====
<EMPTY>

===== 2026-08-20 01:55:00 knot_s1_T0.6 [empty] =====
<EMPTY>

===== 2026-08-20 01:55:00 knot_s1_T0.6 [empty] =====
<EMPTY>

===== 2026-08-20 01:55:00 knot_s1_T0.3 [empty] =====
<EMPTY>

===== 2026-08-20 01:55:00 knot_s1_T0.0 [empty] =====
<EMPTY>

===== 2026-08-20 01:55:00 knot_s1_T0.0 [empty] =====
<EMPTY>

===== 2026-08-20 01:55:00 knot_s1_T0.3 [empty] =====
<EMPTY>

===== 2026-08-20 01:55:00 knot_s1_T0.0 [empty] =====
<EMPTY>

===== 2026-08-20 01:55:00 knot_s1_T0.6 [empty] =====
<EMPTY>

===== 2026-08-20 01:55:00 knot_s1_T0.3 [empty] =====
<EMPTY>

===== 2026-08-20 01:55:01 knot_s1_T0.6 [empty] =====
<EMPTY>

===== 2026-08-20 01:55:01 knot_s1_T0.3 [empty] =====
<EMPTY>

===== 2026-08-20 01:55:01 knot_s1_T0.6 [empty] =====
<EMPTY>

===== 2026-08-20 01:55:01 knot_s1_T0.3 [empty] =====
<EMPTY>

===== 2026-08-20 01:55:01 knot_s1_T0.3 [empty] =====
<EMPTY>

===== 2026-08-20 01:55:01 knot_s1_T0.0 [empty] =====
<EMPTY>

===== 2026-08-20 01:55:01 knot_s1_T0.3 [empty] =====
<EMPTY>

===== 2026-08-20 01:55:01 knot_s1_T0.3 [empty] =====
<EMPTY>

===== 2026-08-20 01:55:01 knot_s1_T0.6 [empty] =====
<EMPTY>

===== 2026-08-20 01:55:01 knot_s1_T0.0 [empty] =====
<EMPTY>

===== 2026-08-20 01:55:01 knot_s1_T0.0 [empty] =====
<EMPTY>

===== 2026-08-20 01:55:01 knot_s1_T0.6 [empty] =====
<EMPTY>

===== 2026-08-20 01:55:02 knot_s1_T0.6 [empty] =====
<EMPTY>

===== 2026-08-20 01:55:02 knot_s1_T0.0 [empty] =====
<EMPTY>

===== 2026-08-20 01:55:02 knot_s1_T0.0 [empty] =====
<EMPTY>

===== 2026-08-20 01:55:02 knot_s1_T0.6 [empty] =====
<EMPTY>

===== 2026-08-20 01:55:02 knot_s1_T0.0 [empty] =====
<EMPTY>

===== 2026-08-20 01:55:02 knot_s1_T0.0 [empty] =====
<EMPTY>

===== 2026-08-20 01:55:02 knot_s1_T0.3 [empty] =====
<EMPTY>

===== 2026-08-20 01:55:02 knot_s1_T0.6 [empty] =====
<EMPTY>

===== 2026-08-20 01:55:02 knot_s1_T0.6 [empty] =====
<EMPTY>

===== 2026-08-20 01:55:03 knot_s1_T0.3 [empty] =====
<EMPTY>

===== 2026-08-20 01:55:03 knot_s1_T0.3 [empty] =====
<EMPTY>

===== 2026-08-20 01:55:03 knot_s1_T0.3 [empty] =====
<EMPTY>

===== 2026-08-20 01:55:03 knot_s1_T0.6 [empty] =====
<EMPTY>

===== 2026-08-20 01:55:03 knot_s1_T0.3 [empty] =====
<EMPTY>

===== 2026-08-20 01:55:03 knot_s1_T0.3 [empty] =====
<EMPTY>

===== 2026-08-20 01:55:03 knot_s1_T0.3 [empty] =====
<EMPTY>

===== 2026-08-20 01:55:03 knot_s1_T0.6 [empty] =====
<EMPTY>

===== 2026-08-20 01:55:03 knot_s1_T0.0 [empty] =====
<EMPTY>

===== 2026-08-20 01:55:03 knot_s1_T0.0 [empty] =====
<EMPTY>

===== 2026-08-20 01:55:03 knot_s1_T0.6 [empty] =====
<EMPTY>

===== 2026-08-20 01:55:04 knot_s1_T0.0 [empty] =====
<EMPTY>

===== 2026-08-20 01:55:04 knot_s1_T0.0 [empty] =====
<EMPTY>

===== 2026-08-20 01:55:04 knot_s1_T0.0 [empty] =====
<EMPTY>

===== 2026-08-20 01:55:04 knot_s1_T0.6 [empty] =====
<EMPTY>

===== 2026-08-20 01:55:04 knot_s1_T0.0 [empty] =====
<EMPTY>

===== 2026-08-20 01:55:04 knot_s1_T0.3 [empty] =====
<EMPTY>

===== 2026-08-20 01:55:04 knot_s1_T0.0 [empty] =====
<EMPTY>

===== 2026-08-20 01:55:04 knot_s1_T0.6 [empty] =====
<EMPTY>

===== 2026-08-20 01:55:04 knot_s1_T0.6 [empty] =====
<EMPTY>

===== 2026-08-20 01:55:04 knot_s1_T0.3 [empty] =====
<EMPTY>

===== 2026-08-20 01:55:05 knot_s1_T0.3 [empty] =====
<EMPTY>

===== 2026-08-20 01:55:05 knot_s1_T0.6 [empty] =====
<EMPTY>

===== 2026-08-20 01:55:05 knot_s1_T0.6 [empty] =====
<EMPTY>

===== 2026-08-20 01:55:05 knot_s1_T0.3 [empty] =====
<EMPTY>

===== 2026-08-20 01:55:05 knot_s1_T0.0 [empty] =====
<EMPTY>

===== 2026-08-20 01:55:05 knot_s1_T0.6 [empty] =====
<EMPTY>

===== 2026-08-20 01:55:05 knot_s1_T0.3 [empty] =====
<EMPTY>

===== 2026-08-20 01:55:06 knot_s1_T0.0 [empty] =====
<EMPTY>

===== 2026-08-20 01:55:06 knot_s1_T0.0 [empty] =====
<EMPTY>

===== 2026-08-20 01:55:06 knot_s1_T0.3 [empty] =====
<EMPTY>

===== 2026-08-20 01:55:06 knot_s1_T0.3 [empty] =====
<EMPTY>

===== 2026-08-20 01:55:06 knot_s1_T0.3 [empty] =====
<EMPTY>

===== 2026-08-20 01:55:06 knot_s1_T0.3 [empty] =====
<EMPTY>

===== 2026-08-20 01:55:06 knot_s1_T0.0 [empty] =====
<EMPTY>

===== 2026-08-20 01:55:06 knot_s1_T0.0 [empty] =====
<EMPTY>

===== 2026-08-20 01:55:06 knot_s1_T0.0 [empty] =====
<EMPTY>

===== 2026-08-20 01:55:06 knot_s1_T0.6 [empty] =====
<EMPTY>

===== 2026-08-20 01:55:06 knot_s1_T0.0 [empty] =====
<EMPTY>

===== 2026-08-20 01:55:06 knot_s1_T0.3 [empty] =====
<EMPTY>

===== 2026-08-20 01:55:06 knot_s1_T0.3 [empty] =====
<EMPTY>

===== 2026-08-20 01:55:07 knot_s1_T0.6 [empty] =====
<EMPTY>

===== 2026-08-20 01:55:07 knot_s1_T0.6 [empty] =====
<EMPTY>

===== 2026-08-20 01:55:07 knot_s1_T0.3 [empty] =====
<EMPTY>

===== 2026-08-20 01:55:07 knot_s1_T0.6 [empty] =====
<EMPTY>

===== 2026-08-20 01:55:07 knot_s1_T0.6 [empty] =====
<EMPTY>

===== 2026-08-20 01:55:07 knot_s1_T0.6 [empty] =====
<EMPTY>

===== 2026-08-20 01:55:07 knot_s1_T0.6 [empty] =====
<EMPTY>

===== 2026-08-20 01:55:07 knot_s1_T0.0 [empty] =====
<EMPTY>

===== 2026-08-20 01:55:07 knot_s1_T0.0 [empty] =====
<EMPTY>

===== 2026-08-20 01:55:07 knot_s1_T0.6 [empty] =====
<EMPTY>

===== 2026-08-20 01:55:07 knot_s1_T0.3 [empty] =====
<EMPTY>

===== 2026-08-20 01:55:07 knot_s1_T0.3 [empty] =====
<EMPTY>

===== 2026-08-20 01:55:08 knot_s1_T0.6 [empty] =====
<EMPTY>

===== 2026-08-20 01:55:08 knot_s1_T0.0 [empty] =====
<EMPTY>

===== 2026-08-20 01:55:08 knot_s1_T0.0 [empty] =====
<EMPTY>

===== 2026-08-20 01:55:08 knot_s1_T0.3 [empty] =====
<EMPTY>

===== 2026-08-20 01:55:08 knot_s1_T0.3 [empty] =====
<EMPTY>

===== 2026-08-20 01:55:08 knot_s1_T0.3 [empty] =====
<EMPTY>

===== 2026-08-20 01:55:08 knot_s1_T0.0 [empty] =====
<EMPTY>

===== 2026-08-20 01:55:08 knot_s1_T0.0 [empty] =====
<EMPTY>

===== 2026-08-20 01:55:08 knot_s1_T0.0 [empty] =====
<EMPTY>

===== 2026-08-20 01:55:08 knot_s1_T0.0 [empty] =====
<EMPTY>

===== 2026-08-20 01:55:08 knot_s1_T0.3 [empty] =====
<EMPTY>

===== 2026-08-20 01:55:08 knot_s1_T0.6 [empty] =====
<EMPTY>

===== 2026-08-20 01:55:09 knot_s1_T0.6 [empty] =====
<EMPTY>

===== 2026-08-20 01:55:09 knot_s1_T0.6 [empty] =====
<EMPTY>

===== 2026-08-20 01:55:09 knot_s1_T0.0 [empty] =====
<EMPTY>

===== 2026-08-20 01:55:09 knot_s1_T0.6 [empty] =====
<EMPTY>

===== 2026-08-20 01:55:09 knot_s1_T0.0 [empty] =====
<EMPTY>

===== 2026-08-20 01:55:09 knot_s1_T0.6 [empty] =====
<EMPTY>

===== 2026-08-20 01:55:09 knot_s1_T0.3 [empty] =====
<EMPTY>

===== 2026-08-20 01:55:09 knot_s1_T0.6 [empty] =====
<EMPTY>

===== 2026-08-20 01:55:09 knot_s1_T0.3 [empty] =====
<EMPTY>

===== 2026-08-20 01:55:09 knot_s1_T0.6 [empty] =====
<EMPTY>

===== 2026-08-20 01:55:10 knot_s1_T0.3 [empty] =====
<EMPTY>

===== 2026-08-20 01:55:10 knot_s1_T0.0 [empty] =====
<EMPTY>

===== 2026-08-20 01:55:10 knot_s1_T0.0 [empty] =====
<EMPTY>

===== 2026-08-20 01:55:10 knot_s1_T0.3 [empty] =====
<EMPTY>

===== 2026-08-20 01:55:10 knot_s1_T0.0 [empty] =====
<EMPTY>

===== 2026-08-20 01:55:10 knot_s1_T0.6 [empty] =====
<EMPTY>

===== 2026-08-20 01:55:10 knot_s1_T0.6 [empty] =====
<EMPTY>

===== 2026-08-20 01:55:11 knot_s1_T0.3 [empty] =====
<EMPTY>

===== 2026-08-20 01:55:11 knot_s1_T0.3 [empty] =====
<EMPTY>

===== 2026-08-20 01:55:11 knot_s1_T0.6 [empty] =====
<EMPTY>

===== 2026-08-20 01:55:11 knot_s1_T0.6 [empty] =====
<EMPTY>

===== 2026-08-20 01:55:11 knot_s1_T0.0 [empty] =====
<EMPTY>

===== 2026-08-20 01:55:11 knot_s1_T0.6 [empty] =====
<EMPTY>

===== 2026-08-20 01:55:11 knot_s1_T0.0 [empty] =====
<EMPTY>

===== 2026-08-20 01:55:11 knot_s1_T0.3 [empty] =====
<EMPTY>

===== 2026-08-20 01:55:11 knot_s1_T0.3 [empty] =====
<EMPTY>

===== 2026-08-20 01:55:11 knot_s1_T0.6 [empty] =====
<EMPTY>

===== 2026-08-20 01:55:12 knot_s1_T0.0 [empty] =====
<EMPTY>

===== 2026-08-20 01:55:12 knot_s1_T0.0 [empty] =====
<EMPTY>

===== 2026-08-20 01:55:12 knot_s1_T0.3 [empty] =====
<EMPTY>

===== 2026-08-20 01:57:33 knot_s1_T0.3 [empty] =====
<EMPTY>

===== 2026-08-20 01:57:33 knot_s1_T0.6 [empty] =====
<EMPTY>

===== 2026-08-20 01:57:33 knot_s1_T0.0 [empty] =====
<EMPTY>

===== 2026-08-20 01:57:35 knot_s1_T0.3 [empty] =====
<EMPTY>

===== 2026-08-20 01:57:35 knot_s1_T0.6 [empty] =====
<EMPTY>

===== 2026-08-20 01:57:36 knot_s1_T0.0 [empty] =====
<EMPTY>

===== 2026-08-20 01:57:37 knot_s1_T0.6 [empty] =====
<EMPTY>

===== 2026-08-20 01:57:37 knot_s1_T0.3 [empty] =====
<EMPTY>

===== 2026-08-20 01:57:38 knot_s1_T0.0 [empty] =====
<EMPTY>

===== 2026-08-20 01:57:40 knot_s1_T0.0 [empty] =====
<EMPTY>

===== 2026-08-20 01:57:41 knot_s1_T0.6 [empty] =====
<EMPTY>

===== 2026-08-20 01:57:41 knot_s1_T0.3 [empty] =====
<EMPTY>

===== 2026-08-20 01:57:42 knot_s1_T0.0 [empty] =====
<EMPTY>

===== 2026-08-20 01:57:43 knot_s1_T0.6 [empty] =====
<EMPTY>

===== 2026-08-20 01:57:43 knot_s1_T0.3 [empty] =====
<EMPTY>

===== 2026-08-20 01:57:45 knot_s1_T0.3 [empty] =====
<EMPTY>

===== 2026-08-20 01:57:46 knot_s1_T0.0 [empty] =====
<EMPTY>

===== 2026-08-20 01:57:47 knot_s1_T0.6 [empty] =====
<EMPTY>

===== 2026-08-20 02:09:29 knot_s1_T0.3 =====
```json
{
  "desire_layer": {
    "distribution": {
      "拥有欲": 0.4,
      "成为欲": 0.0,
      "摆脱欲": 0.3,
      "确认欲": 0.0,
      "超越欲": 0.0,
      "归属欲": 0.0,
      "控制欲": 0.0,
      "安全感欲": 0.3,
      "向往欲": 0.0
    },
    "note": "作者核心想要获得助听设备(拥有欲)，同时想摆脱听力受损及被高昂价格剥削的痛苦状态(摆脱欲)，并在面对未知广告时想消除被骗的风险与不确定性(安全感欲)。"
  },
  "need_layer": [
    {
      "code": "N07_占有资源",
      "context_slot": "在买不起独立购买的助听器且拒绝高利贷分期时，想要免费或低成本获得助听设备",
      "weight": 0.4,
      "derived_from": "由<拥有欲>经<无力支付高昂原价且排斥剥削性贷款>情境衍生"
    },
    {
      "code": "N01_确定性",
      "context_slot": "在看到Facebook上声称免费提供设备的职业性耳聋赔偿广告时，想要确认这些服务是否真实可靠",
      "weight": 0.4,
      "derived_from": "由<安全感欲>经<面对多个声称免费的陌生公司广告>情境衍生"
    },
    {
      "code": "N06_摆脱痛苦",
      "context_slot": "在承受听力问题以及市场定价过高带来的财务与心理双重压力时，想要缓解这种被剥削的不适感",
      "weight": 0.2,
      "derived_from": "由<摆脱欲>经<面临ridiculous price和exploitative schemes>情境衍生"
    }
  ],
  "appraisal": {
    "goal_relevance": 0.9,
    "congruence_direction": "威胁",
    "need_status": "未满足",
    "goal_congruence": "负",
    "coping_potential": "中",
    "note": "目标高度相关(0.9)，但当前面临高昂价格和潜在骗局的双重威胁(congruence_direction=威胁)，且尚未获得设备或确认真假(need_status=未满足)，导致负向评价(goal_congruence=负)；作者通过发帖求助具备一定的应对策略(coping_potential=中)，促使情绪向恐惧与愤怒倾斜。"
  },
  "emotion_layer": {
    "distribution": {
      "admiration钦佩": 0.0,
      "joy喜悦": 0.0,
      "gratitude感激": 0.0,
      "desire渴望": 0.0,
      "nostalgia怀旧": 0.0,
      "pride自豪": 0.0,
      "love爱": 0.0,
      "relief宽慰": 0.0,
      "approval认同": 0.0,
      "curiosity好奇": 0.2,
      "fear恐惧": 0.4,
      "sadness悲伤": 0.1,
      "anger愤怒": 0.3
    },
    "note": "需求未满足且面临威胁(负向评价)导出fear恐惧(怕被骗/怕陷入债务)和anger愤怒(对高昂价格和剥削性贷款的愤慨)；中等应对潜能导出curiosity好奇(想知道广告是否真实)，以及轻微的sadness悲伤(对买不起设备的无奈)。"
  },
  "action_tendency_layer": {
    "distribution": {
      "approach趋近": 0.2,
      "avoidance回避": 0.3,
      "attend关注": 0.5,
      "reject拒斥": 0.0,
      "agonistic对抗": 0.0,
      "interrupt中断": 0.0,
      "dominate支配": 0.0
    }
  },
  "chain_trace": "安全感欲 →(看到Facebook免费助听器广告且自身无力支付高昂原价的情境)→ N01_确定性 →(评价:方向威胁/状态未满足/目标负向,应对潜能中)→ fear恐惧 → attend关注(发帖询问他人经验以消除不确定性)",
  "evidence": {
    "desire": "purchasing auditory devices independently", "supply auditory equipment for free",
    "need": "Are these services actually genuine?", "cannot pay the ridiculous price",
    "emotion": "exploitative installment schemes", "outrageously steep rates",
    "action": "Has anybody used them and had success?"
  }
}
```

===== 2026-08-20 02:11:05 knot_s1_T0.6 =====
```json
{
  "desire_layer": {
    "distribution": {
      "拥有欲": 0.5,
      "成为欲": 0.0,
      "摆脱欲": 0.3,
      "确认欲": 0.0,
      "超越欲": 0.0,
      "归属欲": 0.0,
      "控制欲": 0.0,
      "安全感欲": 0.2,
      "向往欲": 0.0
    },
    "note": "发帖人核心想要获得助听设备(拥有欲)，同时想摆脱听力受损及高昂财务压力带来的痛苦(摆脱欲)，并在面对可疑广告时渴望消除被骗的风险(安全感欲)。"
  },
  "need_layer": [
    {
      "code": "N07_占有资源",
      "context_slot": "买不起昂贵助听器但看到声称免费提供的广告",
      "weight": 0.4,
      "derived_from": "由<拥有欲>经<看到Facebook免费助听设备广告>衍生"
    },
    {
      "code": "N01_确定性",
      "context_slot": "面对多个声称免费的Facebook广告不知真假，担心是骗局",
      "weight": 0.4,
      "derived_from": "由<安全感欲>经<面对可疑的免费赔付广告>衍生"
    },
    {
      "code": "N06_摆脱痛苦",
      "context_slot": "承受听力受损(tinnitus and deafness)及高昂价格带来的身心与财务压力",
      "weight": 0.2,
      "derived_from": "由<摆脱欲>经<面临健康受损与财务剥削双重困境>衍生"
    }
  ],
  "appraisal": {
    "goal_relevance": 0.9,
    "congruence_direction": "威胁",
    "need_status": "未满足",
    "goal_congruence": "负",
    "coping_potential": "中",
    "note": "听力设备对发帖人高度相关，但高昂价格和可疑广告使其需求处于未满足状态，且面临财务剥削和欺诈的威胁，导致负向评价，从而激发恐惧、愤怒与好奇。"
  },
  "emotion_layer": {
    "distribution": {
      "admiration钦佩": 0.0,
      "joy喜悦": 0.0,
      "gratitude感激": 0.0,
      "desire渴望": 0.0,
      "nostalgia怀旧": 0.0,
      "pride自豪": 0.0,
      "love爱": 0.0,
      "relief宽慰": 0.0,
      "approval认同": 0.0,
      "curiosity好奇": 0.4,
      "fear恐惧": 0.4,
      "sadness悲伤": 0.0,
      "anger愤怒": 0.2
    },
    "note": "需求未满足且面临欺诈与债务威胁(goal_congruence为负)引发fear恐惧；对未知服务真假的探究引发curiosity好奇；对剥削性定价的感知引发anger愤怒。"
  },
  "action_tendency_layer": {
    "distribution": {
      "approach趋近": 0.1,
      "avoidance回避": 0.3,
      "attend关注": 0.6,
      "reject拒斥": 0.0,
      "agonistic对抗": 0.0,
      "interrupt中断": 0.0,
      "dominate支配": 0.0
    }
  },
  "chain_trace": "拥有欲与安全感欲 →(面临买不起助听器且看到可疑免费广告的情境)→ N01_确定性与N07_占有资源 →(评价: 威胁/未满足/负向, 应对潜能中)→ fear恐惧与curiosity好奇 → attend关注(发帖询问网友以获取真实信息)",
  "evidence": {
    "desire": "purchasing auditory devices", "supply auditory equipment for free",
    "need": "Are these services actually genuine? Has anybody used them and had success?",
    "emotion": "exploitative installment schemes", "outrageously steep rates",
    "action": "Are these services actually genuine? Has anybody used them and had success?"
  }
}
```

===== 2026-08-20 02:12:32 knot_s1_T0.6 =====
```json
{
  "desire_layer": {
    "distribution": {
      "拥有欲": 0.0,
      "成为欲": 0.0,
      "摆脱欲": 0.2,
      "确认欲": 0.0,
      "超越欲": 0.0,
      "归属欲": 0.0,
      "控制欲": 0.5,
      "安全感欲": 0.3,
      "向往欲": 0.0
    },
    "note": "患者面临听力下降及潜在严重疾病（肿瘤）的威胁，核心激活了消除未知恐惧的「安全感欲」；同时通过带问题清单、订购助听器、停用不合适设备，强烈体现了重新掌控自身健康与生活节奏的「控制欲」；部分激活了想摆脱听力受损不便的「摆脱欲」。"
  },
  "need_layer": [
    {
      "code": "N01_确定性",
      "context_slot": "面对听力下降原因不明及疑似肿瘤的医疗排查情境",
      "weight": 0.4,
      "derived_from": "由<安全感欲>经<做MRI排查肿瘤及确诊听力损失类型>衍生"
    },
    {
      "code": "N02_掌控局面",
      "context_slot": "在既往可能沟通不畅的就医经历后，需要夺回医患沟通与听力管理主导权的情境",
      "weight": 0.4,
      "derived_from": "由<控制欲>经<带书面问题清单就诊并得到详细解答、自主决定退役AirPods>衍生"
    },
    {
      "code": "N06_摆脱痛苦",
      "context_slot": "双侧感音神经性听力损失导致日常听觉受限的情境",
      "weight": 0.2,
      "derived_from": "由<摆脱欲>经<订购助听器以干预听力损失>衍生"
    }
  ],
  "appraisal": {
    "goal_relevance": 0.9,
    "congruence_direction": "促进",
    "need_status": "已满足",
    "goal_congruence": "正",
    "coping_potential": "高",
    "note": "MRI排除肿瘤且确诊病因（促进+已满足），带问题清单获得了医生的详细解答（促进+已满足），应对潜能极高（有明确诊断和干预计划），整体评价为高度正向，直接推导出强烈的宽慰感与自我效能感。"
  },
  "emotion_layer": {
    "distribution": {
      "admiration钦佩": 0.0,
      "joy喜悦": 0.1,
      "gratitude感激": 0.0,
      "desire渴望": 0.0,
      "nostalgia怀旧": 0.0,
      "pride自豪": 0.2,
      "love爱": 0.0,
      "relief宽慰": 0.5,
      "approval认同": 0.2,
      "curiosity好奇": 0.0,
      "fear恐惧": 0.0,
      "sadness悲伤": 0.0,
      "anger愤怒": 0.0
    },
    "note": "MRI无肿瘤且确诊带来强烈的「relief宽慰」；自己这次准备充分（带问题清单）并获得有效沟通，产生了对自我行为的「pride自豪」；对听力师详细解答的专业服务产生「approval认同」；事情顺利推进带来轻微「joy喜悦」。"
  },
  "action_tendency_layer": {
    "distribution": {
      "approach趋近": 0.5,
      "avoidance回避": 0.0,
      "attend关注": 0.3,
      "reject拒斥": 0.0,
      "agonistic对抗": 0.0,
      "interrupt中断": 0.0,
      "dominate支配": 0.2
    }
  },
  "chain_trace": "安全感欲与控制欲 →(面临听力下降及排查肿瘤的就医情境)→ N01_确定性与N02_掌控局面 →(评价: 促进/已满足/正, 高应对潜能)→ relief宽慰与pride自豪 → approach趋近。",
  "evidence": {
    "desire": "MRI showed no tumour", "Brought a written list of questions",
    "need": "MRI showed no tumour", "Brought a written list of questions this time, audiologist answered each one in detail", "hearing aids ordered",
    "emotion": "MRI showed no tumour", "audiologist answered each one in detail",
    "action": "hearing aids ordered, fitting scheduled for Thursday", "Retired the AirPods"
  }
}
```

===== 2026-08-20 02:12:34 knot_s1_T0.3 =====
```json
{
  "desire_layer": {
    "distribution": {
      "拥有欲": 0.0,
      "成为欲": 0.0,
      "摆脱欲": 0.2,
      "确认欲": 0.0,
      "超越欲": 0.0,
      "归属欲": 0.0,
      "控制欲": 0.4,
      "安全感欲": 0.4,
      "向往欲": 0.0
    },
    "note": "作者面临听力下降及未知病因，核心诉求是排除严重疾病风险（安全感欲），并通过主动提问和获取干预方案来重新掌控自己的健康状况（控制欲），同时希望减轻听力受损带来的生活不便（摆脱欲）。"
  },
  "need_layer": [
    {
      "code": "N01_确定性",
      "context_slot": "听力下降且原因不明，等待MRI和ENT检查结果的处境",
      "weight": 0.4,
      "derived_from": "由<安全感欲>经<面临未知病因的就医检查情境>衍生"
    },
    {
      "code": "N02_掌控局面",
      "context_slot": "在医疗沟通中处于信息弱势，需要明确后续治疗方案的处境",
      "weight": 0.4,
      "derived_from": "由<控制欲>经<带问题清单就诊并与医生详细沟通的情境>衍生"
    },
    {
      "code": "N06_摆脱痛苦",
      "context_slot": "承受双侧感音神经性听力损失及长期耳鸣带来的生活不适",
      "weight": 0.2,
      "derived_from": "由<摆脱欲>经<确诊听力损失并寻求助听器干预的情境>衍生"
    }
  ],
  "appraisal": {
    "goal_relevance": 0.9,
    "congruence_direction": "促进",
    "need_status": "已满足",
    "goal_congruence": "正",
    "coping_potential": "高",
    "note": "MRI排除肿瘤且医生详细解答了问题，内容高度相关且促进了确定性与掌控感的需求，需求在当下得到满足，评价为正向；有了明确的诊断和助听器方案，应对潜能高，从而引发宽慰等正向情绪。"
  },
  "emotion_layer": {
    "distribution": {
      "admiration钦佩": 0.0,
      "joy喜悦": 0.2,
      "gratitude感激": 0.0,
      "desire渴望": 0.0,
      "nostalgia怀旧": 0.0,
      "pride自豪": 0.0,
      "love爱": 0.0,
      "relief宽慰": 0.5,
      "approval认同": 0.2,
      "curiosity好奇": 0.0,
      "fear恐惧": 0.0,
      "sadness悲伤": 0.1,
      "anger愤怒": 0.0
    },
    "note": "排除肿瘤和获得详细解答（促进+已满足）直接推导出强烈的relief宽慰和joy喜悦，对医生的专业解答产生approval认同；而耳鸣未变和退役旧设备则带来轻微的sadness悲伤（丧失感）。"
  },
  "action_tendency_layer": {
    "distribution": {
      "approach趋近": 0.6,
      "avoidance回避": 0.1,
      "attend关注": 0.3,
      "reject拒斥": 0.0,
      "agonistic对抗": 0.0,
      "interrupt中断": 0.0,
      "dominate支配": 0.0
    }
  },
  "chain_trace": "安全感欲 →(面临听力下降及未知病因的就医情境)→ N01_确定性 →(评价:促进/已满足/正,高应对潜能)→ relief宽慰 → approach趋近",
  "evidence": {
    "desire": "MRI showed no tumour", "Brought a written list of questions",
    "need": "Bilateral sensorineural hearing loss confirmed", "audiologist answered each one in detail",
    "emotion": "MRI showed no tumour", "Tinnitus unchanged since age 17",
    "action": "hearing aids ordered, fitting scheduled", "Retired the AirPods"
  }
}
```

===== 2026-08-20 02:21:15 knot_s1_T0.3 =====
```json
{
  "desire_layer": {
    "distribution": {
      "拥有欲": 0.0,
      "成为欲": 0.0,
      "摆脱欲": 0.5,
      "确认欲": 0.0,
      "超越欲": 0.0,
      "归属欲": 0.0,
      "控制欲": 0.3,
      "安全感欲": 0.2,
      "向往欲": 0.0
    },
    "note": "作者正经历听力下降和耳鸣的身体不适，强烈想要摆脱这种痛苦状态（摆脱欲）；同时面对医生敷衍的检查，想要夺回对自己健康医疗决策的主导权（控制欲），并消除听力可能永久受损的未知风险（安全感欲）。"
  },
  "need_layer": [
    {
      "code": "N06_摆脱痛苦",
      "context_slot": "左耳闷且吃药5天无效，昨晚同一只耳朵又开始耳鸣",
      "weight": 0.4,
      "derived_from": "由<摆脱欲>经<听力未恢复且新增耳鸣症状>衍生"
    },
    {
      "code": "N02_掌控局面",
      "context_slot": "前期两次就诊医生均只检查一分钟且未做听力测试，作者需要决定是下周复诊提转诊还是现在联系诊所",
      "weight": 0.3,
      "derived_from": "由<控制欲>经<医疗过程被动且医生敷衍>衍生"
    },
    {
      "code": "N01_确定性",
      "context_slot": "有多年过敏史但以前没听力下降，目前吃药无效且出现新症状，需要明确到底是不是过敏引起的",
      "weight": 0.3,
      "derived_from": "由<安全感欲>经<病情不明且常规治疗无效>衍生"
    }
  ],
  "appraisal": {
    "goal_relevance": 0.9,
    "congruence_direction": "威胁",
    "need_status": "未满足",
    "goal_congruence": "负",
    "coping_potential": "中",
    "note": "听力恶化与新增耳鸣构成直接健康威胁(congruence_direction=威胁)，且前期医疗敷衍导致痛苦与掌控需求均未满足(need_status=未满足)，导出负向目标一致性(goal_congruence=负)；但作者仍有复诊预约可主动要求转诊，具备一定应对能力(coping_potential=中)，因此激发出以恐惧和愤怒为主的高强度负向情绪，而非彻底绝望。"
  },
  "emotion_layer": {
    "distribution": {
      "admiration钦佩": 0.0,
      "joy喜悦": 0.0,
      "gratitude感激": 0.0,
      "desire渴望": 0.0,
      "nostalgia怀旧": 0.0,
      "pride自豪": 0.0,
      "love爱": 0.0,
      "relief宽慰": 0.0,
      "approval认同": 0.0,
      "curiosity好奇": 0.1,
      "fear恐惧": 0.5,
      "sadness悲伤": 0.1,
      "anger愤怒": 0.3
    },
    "note": "需求未满足且面临健康威胁(负向一致性)直接导出fear恐惧(对听力受损的担忧)和anger愤怒(对医生敷衍了事的不满)；中等应对潜能保留了curiosity好奇(探索下一步最优就医策略)，少量sadness悲伤源于对身体机能下降的无奈。"
  },
  "action_tendency_layer": {
    "distribution": {
      "approach趋近": 0.5,
      "avoidance回避": 0.0,
      "attend关注": 0.2,
      "reject拒斥": 0.0,
      "agonistic对抗": 0.3,
      "interrupt中断": 0.0,
      "dominate支配": 0.0
    }
  },
  "chain_trace": "摆脱欲与控制欲 →(左耳闷吃药无效且新增耳鸣、前期医生检查仅一分钟未做听力测试的情境)→ 需求N06_摆脱痛苦与N02_掌控局面 →(评价:方向为威胁、需求未满足、目标一致性为负、应对潜能为中)→ 情绪fear恐惧与anger愤怒 → 行动倾向approach趋近与agonistic对抗",
  "evidence": {
    "desire": "my left ear became muffled", "tinnitus started in the same ear", "each ear examination lasted about a minute",
    "need": "five days have passed since the walk-in appointment with no change in hearing", "request a referral to an ENT",
    "emotion": "Neither appointment included a hearing test", "Last night, tinnitus started",
    "action": "I can contact the clinic sooner to ask about placing the referral now"
  }
}
```

===== 2026-08-20 02:31:33 knot_s1_T0.0 =====
```json
{
  "desire_layer": {
    "distribution": {
      "拥有欲": 0.0,
      "成为欲": 0.0,
      "摆脱欲": 0.5,
      "确认欲": 0.0,
      "超越欲": 0.0,
      "归属欲": 0.0,
      "控制欲": 0.1,
      "安全感欲": 0.4,
      "向往欲": 0.0
    },
    "note": "作者面临听力下降和突发耳鸣的身体不适，核心激活了想摆脱当前痛苦状态的「摆脱欲」；同时因前期医生检查敷衍、用药无效，对病情恶化或误诊产生担忧，强烈激活了想消除健康风险的「安全感欲」；面对下一步医疗决策，轻微激活了想掌控自己医疗流程的「控制欲」。"
  },
  "need_layer": [
    {
      "code": "N06_摆脱痛苦",
      "context_slot": "左耳闷堵且用药5天无好转，昨晚同一只耳朵开始出现耳鸣",
      "weight": 0.4,
      "derived_from": "由<摆脱欲>经<听力未恢复且新增耳鸣症状>衍生"
    },
    {
      "code": "N01_确定性",
      "context_slot": "两次就诊均未做听力测试，仅凭一分钟检查就开过敏药，当前治疗无效导致对真实病因和预后充满不确定",
      "weight": 0.4,
      "derived_from": "由<安全感欲>经<前期医疗处理草率且病情出现新变化>衍生"
    },
    {
      "code": "N02_掌控局面",
      "context_slot": "面临下周常规复诊或提前联系诊所要求转诊ENT（耳鼻喉专科）的决策节点",
      "weight": 0.2,
      "derived_from": "由<控制欲>经<需要决定下一步医疗行动路径>衍生"
    }
  ],
  "appraisal": {
    "goal_relevance": 0.9,
    "congruence_direction": "威胁",
    "need_status": "未满足",
    "goal_congruence": "负",
    "coping_potential": "中",
    "note": "听力受损和耳鸣对健康目标高度相关(0.9)。病情未好转且新增耳鸣，加上前期医生未做听力测试，对健康构成「威胁」；消除痛苦和获得确诊的需求处于「未满足」状态，导致「负」向目标一致性。但作者仍有途径寻求专科医生(ENT)介入，应对潜能为「中」，因此情绪以恐惧和寻求解答为主，而非彻底绝望。"
  },
  "emotion_layer": {
    "distribution": {
      "admiration钦佩": 0.0,
      "joy喜悦": 0.0,
      "gratitude感激": 0.0,
      "desire渴望": 0.0,
      "nostalgia怀旧": 0.0,
      "pride自豪": 0.0,
      "love爱": 0.0,
      "relief宽慰": 0.0,
      "approval认同": 0.0,
      "curiosity好奇": 0.2,
      "fear恐惧": 0.5,
      "sadness悲伤": 0.1,
      "anger愤怒": 0.2
    },
    "note": "负向goal_congruence且需求未满足，直接推导出对听力永久受损和病情恶化的「fear恐惧」(0.5)；对医生每次只检查一分钟就开药的敷衍态度产生轻微的「anger愤怒」(0.2)；对身体不适和无奈产生「sadness悲伤」(0.1)；为了弄清到底怎么回事并寻求下一步建议，激发了在论坛发帖探讨的「curiosity好奇」(0.2)。"
  },
  "action_tendency_layer": {
    "distribution": {
      "approach趋近": 0.3,
      "avoidance回避": 0.0,
      "attend关注": 0.5,
      "reject拒斥": 0.0,
      "agonistic对抗": 0.2,
      "interrupt中断": 0.0,
      "dominate支配": 0.0
    }
  },
  "chain_trace": "安全感欲 →(左耳闷用药5天无效且突发耳鸣、前期医生未做听力测试的情境)→ N01_确定性 →(评价: 威胁/未满足/负, 应对潜能中)→ fear恐惧 → attend关注(发帖探讨病情并密切关注下一步转诊ENT的选项)",
  "evidence": {
    "desire": "my left ear became muffled", "tinnitus started in the same ear",
    "need": "Neither appointment included a hearing test", "five days have passed... with no change in hearing",
    "emotion": "each ear examination lasted about a minute before allergy medication was prescribed", "tinnitus started",
    "action": "I can contact the clinic sooner to ask about placing the referral now"
  }
}
```

===== 2026-08-20 02:36:54 knot_s1_T0.0 =====
```json
{
  "desire_layer": {
    "distribution": {
      "拥有欲": 0.0,
      "成为欲": 0.0,
      "摆脱欲": 0.5,
      "确认欲": 0.0,
      "超越欲": 0.0,
      "归属欲": 0.0,
      "控制欲": 0.2,
      "安全感欲": 0.3,
      "向往欲": 0.0
    },
    "note": "作者正经历耳朵闷、听力下降及新增的耳鸣，强烈想要摆脱这种生理痛苦(摆脱欲)；同时面对不明原因的听力受损和医生的敷衍，急需消除健康风险的不确定性(安全感欲)；并在被动的医疗流程中试图拿回下一步就医决策的主导权(控制欲)。"
  },
  "need_layer": [
    {
      "code": "N06_摆脱痛苦",
      "context_slot": "左耳持续闷堵、听力下降且昨晚开始出现耳鸣的生理不适处境",
      "weight": 0.4,
      "derived_from": "由<摆脱欲>经<听力受损及耳鸣症状持续加重>衍生"
    },
    {
      "code": "N01_确定性",
      "context_slot": "前两次就医均未做听力测试、仅凭一分钟检查就开过敏药，且吃药5天无效的原因不明处境",
      "weight": 0.4,
      "derived_from": "由<安全感欲>经<医疗诊断敷衍且症状恶化带来健康风险盲区>衍生"
    },
    {
      "code": "N02_掌控局面",
      "context_slot": "在被动接受初级保健医生'等两周再看'的医嘱下，需要决定是等下周复诊还是立刻要求转诊ENT的决策处境",
      "weight": 0.2,
      "derived_from": "由<控制欲>经<对当前医疗方案不信任且需规划下一步行动>衍生"
    }
  ],
  "appraisal": {
    "goal_relevance": 0.9,
    "congruence_direction": "威胁",
    "need_status": "未满足",
    "goal_congruence": "负",
    "coping_potential": "中",
    "note": "听力下降和耳鸣对健康目标构成直接威胁，且前序医疗未满足确诊和缓解的需求(威胁+未满足=负向)；但作者仍有途径通过要求转诊ENT来改变现状，应对潜能中等，这决定了情绪以恐惧和愤怒为主，并导向寻求进一步帮助的趋近行动。"
  },
  "emotion_layer": {
    "distribution": {
      "admiration钦佩": 0.0,
      "joy喜悦": 0.0,
      "gratitude感激": 0.0,
      "desire渴望": 0.0,
      "nostalgia怀旧": 0.0,
      "pride自豪": 0.0,
      "love爱": 0.0,
      "relief宽慰": 0.0,
      "approval认同": 0.0,
      "curiosity好奇": 0.0,
      "fear恐惧": 0.5,
      "sadness悲伤": 0.1,
      "anger愤怒": 0.4
    },
    "note": "症状加重(耳鸣)且未获明确诊断引发对听力永久受损的fear恐惧(威胁+未满足)；对医生每次只检查一分钟且不做听力测试的敷衍态度产生anger愤怒(目标受阻+归因于他人)；对身体不适的持续感到轻微sadness悲伤。"
  },
  "action_tendency_layer": {
    "distribution": {
      "approach趋近": 0.6,
      "avoidance回避": 0.0,
      "attend关注": 0.1,
      "reject拒斥": 0.0,
      "agonistic对抗": 0.3,
      "interrupt中断": 0.0,
      "dominate支配": 0.0
    }
  },
  "chain_trace": "安全感欲 →(左耳听力下降且新增耳鸣，而前两次就医均未做听力测试且吃药无效)→ N01_确定性 →(评价:威胁/未满足/负,应对潜能中)→ fear恐惧 → approach趋近",
  "evidence": {
    "desire": "my left ear became muffled", "Last night, tinnitus started in the same ear.",
    "need": "Neither appointment included a hearing test", "request a referral to an ENT",
    "emotion": "each ear examination lasted about a minute before allergy medication was prescribed", "five days have passed since the walk-in appointment with no change in hearing",
    "action": "contact the clinic sooner to ask about placing the referral now"
  }
}
```

===== 2026-08-20 02:37:14 knot_s1_T0.0 =====
```json
{
  "desire_layer": {
    "distribution": {
      "拥有欲": 0.0,
      "成为欲": 0.0,
      "摆脱欲": 0.4,
      "确认欲": 0.2,
      "超越欲": 0.0,
      "归属欲": 0.0,
      "控制欲": 0.3,
      "安全感欲": 0.1,
      "向往欲": 0.0
    },
    "note": "观众面临听力下降及社会病耻感，核心被激活的是想摆脱当前沟通困境与心理负担的'摆脱欲'，想掌控自身健康与选择的'控制欲'，以及想确认佩戴助听器是正确选择的'确认欲'。"
  },
  "need_layer": [
    {
      "code": "N06_摆脱痛苦",
      "context_slot": "正面临听力损失带来的沟通挑战和心理病耻感(stigma)",
      "weight": 0.4,
      "derived_from": "由<摆脱欲>经<面临听力挑战与病耻感情境>衍生"
    },
    {
      "code": "N01_确定性",
      "context_slot": "面对听力下降和选择助听器时的未知与风险",
      "weight": 0.3,
      "derived_from": "由<控制欲>经<需要选择助听器且缺乏专业信息的情境>衍生"
    },
    {
      "code": "N10_自我确认",
      "context_slot": "对佩戴助听器感到羞耻或犹豫，需要专业背书来确认这是正确的",
      "weight": 0.2,
      "derived_from": "由<确认欲>经<面对助听器社会病耻感的情境>衍生"
    },
    {
      "code": "N04_理解世界",
      "context_slot": "对听力损失的机制和助听器的工作原理有认知缺口",
      "weight": 0.1,
      "derived_from": "由<控制欲>经<想要理解自身听力状况的情境>衍生"
    }
  ],
  "appraisal": {
    "goal_relevance": 0.85,
    "congruence_direction": "促进",
    "need_status": "已满足",
    "goal_congruence": "正",
    "coping_potential": "高",
    "note": "内容提供了专业支持与克服病耻感的承诺，对目标受众高度相关且方向为促进；预告本身带来了心理上的确定感与接纳(已满足)，使目标一致性为正，且专家答疑提供了极高的应对潜能，从而推导出宽慰、认同与好奇等正向情绪。"
  },
  "emotion_layer": {
    "distribution": {
      "admiration钦佩": 0.0,
      "joy喜悦": 0.1,
      "gratitude感激": 0.1,
      "desire渴望": 0.0,
      "nostalgia怀旧": 0.0,
      "pride自豪": 0.0,
      "love爱": 0.0,
      "relief宽慰": 0.2,
      "approval认同": 0.3,
      "curiosity好奇": 0.3,
      "fear恐惧": 0.0,
      "sadness悲伤": 0.0,
      "anger愤怒": 0.0
    },
    "note": "需求(摆脱痛苦/获得确定性)在促进且已满足(获得专业支持承诺)的评价下，推导出对专家理念的approval认同、对改善生活的relief宽慰，以及对即将提问的curiosity好奇和joy喜悦。"
  },
  "action_tendency_layer": {
    "distribution": {
      "approach趋近": 0.6,
      "avoidance回避": 0.0,
      "attend关注": 0.4,
      "reject拒斥": 0.0,
      "agonistic对抗": 0.0,
      "interrupt中断": 0.0,
      "dominate支配": 0.0
    }
  },
  "chain_trace": "摆脱欲 →(面临听力损失挑战与助听器病耻感情境)→ N06_摆脱痛苦 →(评价:促进/已满足/正,高应对潜能)→ relief宽慰与approval认同 → approach趋近",
  "evidence": {
    "desire": "navigate the challenges that come with hearing loss", "overcome the stigma",
    "need": "understand their hearing, choose hearing aids",
    "emotion": "improve confidence, and overall quality of life", "overcome the stigma",
    "action": "answering your questions on August 20th"
  }
}
```

===== 2026-08-20 02:47:21 knot_s1_T0.3 =====
```json
{
  "desire_layer": {
    "distribution": {
      "拥有欲": 0.0,
      "成为欲": 0.0,
      "摆脱欲": 0.6,
      "确认欲": 0.0,
      "超越欲": 0.0,
      "归属欲": 0.0,
      "控制欲": 0.1,
      "安全感欲": 0.3,
      "向往欲": 0.0
    },
    "note": "患者左耳闷堵、听力下降且新增耳鸣，核心诉求是摆脱当前的生理痛苦状态（摆脱欲），同时担心听力永久受损或病情恶化，渴望消除健康风险与不确定性（安全感欲），并希望通过主动干预掌控自己的健康走向（控制欲）。"
  },
  "need_layer": [
    {
      "code": "N06_摆脱痛苦",
      "context_slot": "左耳闷堵5天未好转且昨晚开始出现耳鸣的生理不适处境",
      "weight": 0.5,
      "derived_from": "由<摆脱欲>经<飞行后耳部症状持续且加重>衍生"
    },
    {
      "code": "N01_确定性",
      "context_slot": "使用鼻喷剂5天无效且新增耳鸣，不知道听力是否能恢复、风险到底多大的处境",
      "weight": 0.3,
      "derived_from": "由<安全感欲>经<治疗方案无效且症状出现新变化>衍生"
    },
    {
      "code": "N02_掌控局面",
      "context_slot": "初级保健医生未做听力测试且仅被动安排两周后复诊，患者处于被动等待的处境",
      "weight": 0.2,
      "derived_from": "由<控制欲>经<医疗处置消极导致局面失控>衍生"
    }
  ],
  "appraisal": {
    "goal_relevance": 1.0,
    "congruence_direction": "威胁",
    "need_status": "未满足",
    "goal_congruence": "负",
    "coping_potential": "中",
    "note": "听力未恢复且新增耳鸣直接威胁健康目标（威胁），且当前的医疗方案未能解决痛苦和不确定性（未满足），导致强烈的负向评价；但患者认为自己仍能通过要求转诊或提前复诊来改变现状，具备一定的应对潜能（中），从而将情绪转化为主动求助而非彻底绝望。"
  },
  "emotion_layer": {
    "distribution": {
      "admiration钦佩": 0.0,
      "joy喜悦": 0.0,
      "gratitude感激": 0.0,
      "desire渴望": 0.0,
      "nostalgia怀旧": 0.0,
      "pride自豪": 0.0,
      "love爱": 0.0,
      "relief宽慰": 0.0,
      "approval认同": 0.0,
      "curiosity好奇": 0.0,
      "fear恐惧": 0.6,
      "sadness悲伤": 0.1,
      "anger愤怒": 0.3
    },
    "note": "症状加重（新增耳鸣）且治疗无效触发了对健康受损的强烈担忧（fear恐惧）；初级保健医生未做听力测试且仅让被动等待两周的不作为，引发了对医疗处置的不满（anger愤怒）；对健康状况下降产生轻微失落（sadness悲伤）。"
  },
  "action_tendency_layer": {
    "distribution": {
      "approach趋近": 0.6,
      "avoidance回避": 0.0,
      "attend关注": 0.1,
      "reject拒斥": 0.0,
      "agonistic对抗": 0.3,
      "interrupt中断": 0.0,
      "dominate支配": 0.0
    }
  },
  "chain_trace": "摆脱欲与安全感欲 →(飞行后左耳闷堵5天未好转且新增耳鸣，而首诊医生仅安排两周后复诊)→ N06_摆脱痛苦与N01_确定性 →(评价:威胁/未满足/负, coping中)→ fear恐惧与anger愤怒 → approach趋近与agonistic对抗 (主动打电话要求提前复诊或转诊ENT)。",
  "evidence": {
    "desire": "left ear became muffled", "ringing sound began",
    "need": "asked whether an earlier recheck or an ENT referral could be arranged",
    "emotion": "hearing level has not changed", "ringing sound began",
    "action": "called the primary-care office and asked whether an earlier recheck or an ENT referral could be arranged"
  }
}
```

===== 2026-08-20 02:51:28 knot_s1_T0.3 =====
```json
{
  "desire_layer": {
    "distribution": {
      "拥有欲": 0.0,
      "成为欲": 0.0,
      "摆脱欲": 0.45,
      "确认欲": 0.0,
      "超越欲": 0.0,
      "归属欲": 0.15,
      "控制欲": 0.3,
      "安全感欲": 0.1,
      "向往欲": 0.0
    },
    "note": "观众/作者核心被激活的是摆脱欲（想摆脱耳聋和激素带来的体重增加、腹胀等痛苦状态），其次是控制欲（想通过管理饮食和作息重新掌控身体恢复节奏），以及归属欲（在痛苦中寻找同类经验以获得群体支持）和安全感欲（消除听力受损和身体失控的风险）。"
  },
  "need_layer": [
    {
      "code": "N06_摆脱痛苦",
      "context_slot": "突发性耳聋及服用高剂量泼尼松导致体重增加、糖渴望和腹部膨胀的身心不适处境",
      "weight": 0.4,
      "derived_from": "由<摆脱欲>经<药物副作用导致身体失控与不适>衍生"
    },
    {
      "code": "N02_掌控局面",
      "context_slot": "身体因药物副作用失控、情绪和睡眠受影响的被动处境",
      "weight": 0.3,
      "derived_from": "由<控制欲>经<试图通过研究饮食和作息来夺回身体主导权>衍生"
    },
    {
      "code": "N11_归属群体",
      "context_slot": "经历罕见且痛苦的副作用时感到孤立，需要确认自己不是唯一承受这些的人",
      "weight": 0.15,
      "derived_from": "由<归属欲>经<寻找有相同经历的人并查看他们如何应对>衍生"
    },
    {
      "code": "N04_理解世界",
      "context_slot": "面对激素副作用带来的未知身体反应，需要弄明白如何科学应对",
      "weight": 0.15,
      "derived_from": "由<安全感欲>经<搜索和研究最佳的饮食与情绪管理方法>衍生"
    }
  ],
  "appraisal": {
    "goal_relevance": 0.9,
    "congruence_direction": "威胁",
    "need_status": "未满足",
    "goal_congruence": "负",
    "coping_potential": "中",
    "note": "药物副作用（体重增加、腹胀）对摆脱痛苦和掌控局面的需求构成了直接威胁，且当前仍在服药、尚未恢复基线（未满足），导致目标一致性为负，引发悲伤与担忧；但作者正在积极研究应对方法并寻找同类经验，具备中等应对潜能，使得情绪没有滑向彻底的绝望，而是转化为持续关注的行动。"
  },
  "emotion_layer": {
    "distribution": {
      "admiration钦佩": 0.0,
      "joy喜悦": 0.0,
      "gratitude感激": 0.0,
      "desire渴望": 0.0,
      "nostalgia怀旧": 0.0,
      "pride自豪": 0.0,
      "love爱": 0.2,
      "relief宽慰": 0.0,
      "approval认同": 0.2,
      "curiosity好奇": 0.0,
      "fear恐惧": 0.2,
      "sadness悲伤": 0.4,
      "anger愤怒": 0.0
    },
    "note": "需求受威胁且未满足（负向一致性）直接推导出高权重的sadness悲伤（对腹胀和体重增加的难过）与fear恐惧（对能否恢复基线的担忧）；同时，中等应对潜能和对他人的共情推导出love爱（My heart is with you）与approval认同（认可他人寻找经验的价值）。"
  },
  "action_tendency_layer": {
    "distribution": {
      "approach趋近": 0.3,
      "avoidance回避": 0.1,
      "attend关注": 0.4,
      "reject拒斥": 0.0,
      "agonistic对抗": 0.0,
      "interrupt中断": 0.0,
      "dominate支配": 0.2
    }
  },
  "chain_trace": "摆脱欲 →(突发性耳聋及服用泼尼松导致体重增加与腹胀等副作用的情境)→ 需求N06_摆脱痛苦 →(评价: 副作用构成威胁且需求未满足导致目标一致性为负，但具备中等应对潜能)→ 情绪sadness悲伤 → 行动倾向attend关注(持续研究饮食作息与他人经验以寻求恢复) 的完整一句话推导。",
  "evidence": {
    "desire": "woke up totally deaf in my right ear", "feel my gut balloon out",
    "need": "researching the best ways to eat and manage my mood/sleep cycle", "looking into others experiences",
    "emotion": "seriously tough on me", "My heart is with you",
    "action": "keep researching", "Keep looking into others experiences"
  }
}
```

===== 2026-08-20 02:53:26 knot_s1_T0.3 =====
```json
{
  "desire_layer": {
    "distribution": {
      "拥有欲": 0.0,
      "成为欲": 0.0,
      "摆脱欲": 0.6,
      "确认欲": 0.0,
      "超越欲": 0.0,
      "归属欲": 0.0,
      "控制欲": 0.1,
      "安全感欲": 0.3,
      "向往欲": 0.0
    },
    "note": "听力受损和无力承担高昂费用激发了摆脱当前困境的欲望；面对真假难辨的广告和掠夺性贷款，激发了消除不确定性和规避风险的安全感欲；不想被高息贷款控制体现了微弱的控制欲。"
  },
  "need_layer": [
    {
      "code": "N01_确定性",
      "context_slot": "看到多个不同名称且真实性存疑的工伤听力补偿广告，需要确认其是否合法",
      "weight": 0.4,
      "derived_from": "由<安全感欲>经<看到多个不同名称且真实性存疑的补偿广告>衍生"
    },
    {
      "code": "N06_摆脱痛苦",
      "context_slot": "患有工伤听力损失和耳鸣，且无力支付高昂的助听器费用，急需缓解生理与经济双重痛苦",
      "weight": 0.3,
      "derived_from": "由<摆脱欲>经<患有工伤听力损失和耳鸣且无力支付高昂费用>衍生"
    },
    {
      "code": "N07_占有资源",
      "context_slot": "需要通过合法途径免费获得助听器这一具体医疗物资",
      "weight": 0.3,
      "derived_from": "由<摆脱欲>经<需要获得助听器以改善听力>衍生"
    }
  ],
  "appraisal": {
    "goal_relevance": 0.9,
    "congruence_direction": "威胁",
    "need_status": "未满足",
    "goal_congruence": "负",
    "coping_potential": "中",
    "note": "广告的真实性存疑和潜在的高利贷陷阱构成了对财务和健康的明确威胁，且获取助听器的核心需求处于未满足状态，导致整体评价为负，激发恐惧与探究情绪。"
  },
  "emotion_layer": {
    "distribution": {
      "admiration钦佩": 0.0,
      "joy喜悦": 0.0,
      "gratitude感激": 0.0,
      "desire渴望": 0.0,
      "nostalgia怀旧": 0.0,
      "pride自豪": 0.0,
      "love爱": 0.0,
      "relief宽慰": 0.0,
      "approval认同": 0.0,
      "curiosity好奇": 0.3,
      "fear恐惧": 0.5,
      "sadness悲伤": 0.0,
      "anger愤怒": 0.2
    },
    "note": "需求未满足且面临骗局/高利贷威胁(负向congruence)直接导出fear恐惧(担心被骗/负债)和anger愤怒(对高昂物价和掠夺性贷款的愤慨)；同时为了消除威胁，产生curiosity好奇以寻求真实信息。"
  },
  "action_tendency_layer": {
    "distribution": {
      "approach趋近": 0.1,
      "avoidance回避": 0.4,
      "attend关注": 0.5,
      "reject拒斥": 0.0,
      "agonistic对抗": 0.0,
      "interrupt中断": 0.0,
      "dominate支配": 0.0
    }
  },
  "chain_trace": "摆脱欲与安全感欲 →(面临听力受损且无力购买助听器，同时看到真实性存疑的免费补偿广告)→ N01_确定性与N06_摆脱痛苦 →(评价: 威胁/未满足/负, 应对潜能中)→ fear恐惧与curiosity好奇 → attend关注与avoidance回避",
  "evidence": {
    "desire": "workplace hearing loss and tinnitus", "cant afford the absolutely insane cost",
    "need": "Are they legit??", "get you hearing aids at no cost",
    "emotion": "predatory payment plans", "disgustingly excessive interest",
    "action": "Has anyone tried and succeeded", "sure as hell aren't going on"
  }
}
```

===== 2026-08-20 03:02:28 knot_s1_T0.6 =====
```json
{
  "desire_layer": {
    "distribution": {
      "拥有欲": 0.0,
      "成为欲": 0.0,
      "摆脱欲": 0.5,
      "确认欲": 0.0,
      "超越欲": 0.0,
      "归属欲": 0.0,
      "控制欲": 0.15,
      "安全感欲": 0.35,
      "向往欲": 0.0
    },
    "note": "作者正经历听力下降和耳鸣的身体不适，强烈渴望摆脱这种痛苦状态（摆脱欲）；同时面对病情未好转和初级医疗安排的滞后，渴望消除健康风险与不确定性（安全感欲）；并在就医流程中试图夺回对自己健康管理的主动权（控制欲）。"
  },
  "need_layer": [
    {
      "code": "N06_摆脱痛苦",
      "context_slot": "左耳持续闷堵、听力未恢复且新增耳鸣的生理不适处境",
      "weight": 0.4,
      "derived_from": "由<摆脱欲>经<飞行后左耳闷且用药5天无效、新增耳鸣>衍生"
    },
    {
      "code": "N01_确定性",
      "context_slot": "用药5天无效且初级医生未做听力测试，面临听力可能永久受损的风险处境",
      "weight": 0.4,
      "derived_from": "由<安全感欲>经<初级保健医生未做听力测试且安排两周后复诊>衍生"
    },
    {
      "code": "N02_掌控局面",
      "context_slot": "医生被动安排两周后复诊，患者认为时间过长需要干预的就医流程处境",
      "weight": 0.2,
      "derived_from": "由<控制欲>经<主动打电话要求提前复诊或转诊ENT>衍生"
    }
  ],
  "appraisal": {
    "goal_relevance": 1.0,
    "congruence_direction": "威胁",
    "need_status": "未满足",
    "goal_congruence": "负",
    "coping_potential": "中",
    "note": "听力未恢复且新增耳鸣对健康目标构成直接威胁，当前医疗方案未能满足摆脱痛苦和获得确定性的需求（未满足），导致负向评价；但作者主动联系诊所要求转诊，展现出一定的应对潜能（中），而非完全无助。"
  },
  "emotion_layer": {
    "distribution": {
      "admiration钦佩": 0.0,
      "joy喜悦": 0.0,
      "gratitude感激": 0.0,
      "desire渴望": 0.0,
      "nostalgia怀旧": 0.0,
      "pride自豪": 0.0,
      "love爱": 0.0,
      "relief宽慰": 0.0,
      "approval认同": 0.0,
      "curiosity好奇": 0.0,
      "fear恐惧": 0.6,
      "sadness悲伤": 0.2,
      "anger愤怒": 0.2
    },
    "note": "需求受阻且面临健康威胁（负向评价）直接激发了对听力永久受损的担忧（fear恐惧）；对听力丧失和耳鸣的无奈引发失落（sadness悲伤）；对治疗无效及初级医生未做听力测试且拖延复诊产生轻微挫败与不满（anger愤怒）。"
  },
  "action_tendency_layer": {
    "distribution": {
      "approach趋近": 0.5,
      "avoidance回避": 0.0,
      "attend关注": 0.3,
      "reject拒斥": 0.0,
      "agonistic对抗": 0.2,
      "interrupt中断": 0.0,
      "dominate支配": 0.0
    },
    "note": "面对中等应对潜能的负向情境，作者采取主动寻求解决的策略（approach趋近），密切关注自身症状变化（attend关注），并对现有的保守医疗安排提出异议以争取更好资源（agonistic对抗）。"
  },
  "chain_trace": "摆脱欲与安全感欲 →(飞行后左耳闷且用药5天无效、新增耳鸣的情境)→ N06_摆脱痛苦与N01_确定性需求 →(评价: 威胁/未满足/负向, 应对潜能中)→ fear恐惧情绪 → approach趋近与agonistic对抗行动倾向。",
  "evidence": {
    "desire": "my left ear became muffled", "a ringing sound began",
    "need": "asked whether an earlier recheck or an ENT referral could be arranged",
    "emotion": "the hearing level has not changed. Last night, a ringing sound began",
    "action": "I called the primary-care office and asked whether an earlier recheck or an ENT referral could be arranged."
  }
}
```

===== 2026-08-20 03:03:18 knot_s1_T0.6 =====
```json
{
  "desire_layer": {
    "distribution": {
      "拥有欲": 0.0,
      "成为欲": 0.0,
      "摆脱欲": 0.5,
      "确认欲": 0.0,
      "超越欲": 0.0,
      "归属欲": 0.0,
      "控制欲": 0.2,
      "安全感欲": 0.3,
      "向往欲": 0.0
    },
    "note": "发帖人正经历耳朵闷塞与耳鸣的生理不适，强烈渴望摆脱这种痛苦状态（摆脱欲）；同时面对听力未恢复和病情变化，渴望消除健康受损的不确定性与风险（安全感欲）；在医疗系统被动等待中，渴望重新掌控自己的就医进程和健康（控制欲）。"
  },
  "need_layer": [
    {
      "code": "N06_摆脱痛苦",
      "context_slot": "左耳闷塞持续5天未缓解，且新增了耳鸣症状",
      "weight": 0.4,
      "derived_from": "由<摆脱欲>经<飞行后耳朵闷塞且用药无效并出现耳鸣>衍生"
    },
    {
      "code": "N01_确定性",
      "context_slot": "初级保健医生未做听力测试且让等两周，自己不知道听力是否会永久受损",
      "weight": 0.4,
      "derived_from": "由<安全感欲>经<医疗评估不充分且症状加重>衍生"
    },
    {
      "code": "N02_掌控局面",
      "context_slot": "在常规复诊流程中处于被动等待状态，需要主动推动医疗进程",
      "weight": 0.2,
      "derived_from": "由<控制欲>经<被安排两周后复诊但症状恶化>衍生"
    }
  ],
  "appraisal": {
    "goal_relevance": 1.0,
    "congruence_direction": "威胁",
    "need_status": "未满足",
    "goal_congruence": "负",
    "coping_potential": "中",
    "note": "听力问题直接威胁核心健康目标（高相关度），症状加重且医生未做充分检查构成明确威胁（方向=威胁），痛苦和不确定性均未解决（状态=未满足），导致负向目标一致性；但患者仍有能力主动打电话要求转诊，具备中等应对潜能。"
  },
  "emotion_layer": {
    "distribution": {
      "admiration钦佩": 0.0,
      "joy喜悦": 0.0,
      "gratitude感激": 0.0,
      "desire渴望": 0.0,
      "nostalgia怀旧": 0.0,
      "pride自豪": 0.0,
      "love爱": 0.0,
      "relief宽慰": 0.0,
      "approval认同": 0.0,
      "curiosity好奇": 0.0,
      "fear恐惧": 0.5,
      "sadness悲伤": 0.2,
      "anger愤怒": 0.3
    },
    "note": "需求未满足且面临健康威胁，催生了担心听力永久受损的fear恐惧（主情绪）；对PCP不作为（未做听力测试、消极等待）产生anger愤怒；对身体持续不适和求医不顺感到sadness悲伤。"
  },
  "action_tendency_layer": {
    "distribution": {
      "approach趋近": 0.5,
      "avoidance回避": 0.0,
      "attend关注": 0.2,
      "reject拒斥": 0.0,
      "agonistic对抗": 0.3,
      "interrupt中断": 0.0,
      "dominate支配": 0.0
    }
  },
  "chain_trace": "摆脱欲与安全感欲 →(飞行后左耳闷塞且用药五天无效并新增耳鸣的情境)→ 需求N06_摆脱痛苦与N01_确定性 →(评价:方向威胁/状态未满足/目标负向/应对潜能中)→ 情绪fear恐惧与anger愤怒 → 行动倾向approach趋近与agonistic对抗。",
  "evidence": {
    "desire": "left ear became muffled", "ringing sound began",
    "need": "hearing level has not changed", "asked whether an earlier recheck or an ENT referral could be arranged",
    "emotion": "did not perform a hearing test", "hearing level has not changed",
    "action": "called the primary-care office and asked whether an earlier recheck or an ENT referral could be arranged"
  }
}
```

===== 2026-08-20 03:04:42 knot_s1_T0.6 [empty] =====
<EMPTY>

===== 2026-08-20 03:05:03 knot_s1_T0.0 [empty] =====
<EMPTY>

===== 2026-08-20 03:05:14 knot_s1_T0.0 [empty] =====
<EMPTY>

===== 2026-08-20 03:05:14 knot_s1_T0.3 [empty] =====
<EMPTY>

===== 2026-08-20 03:05:16 knot_s1_T0.0 [empty] =====
<EMPTY>

===== 2026-08-20 03:05:23 knot_s2_d2 [empty] =====
<EMPTY>

===== 2026-08-20 03:05:23 knot_s2_d4 [empty] =====
<EMPTY>

===== 2026-08-20 03:05:23 knot_s2_d3 [empty] =====
<EMPTY>

===== 2026-08-20 03:05:23 knot_s2_d1 [empty] =====
<EMPTY>

===== 2026-08-20 03:05:26 knot_s1_T0.0 [empty] =====
<EMPTY>

===== 2026-08-20 03:05:26 knot_s1_T0.3 [empty] =====
<EMPTY>

===== 2026-08-20 03:05:28 knot_s1_T0.0 [empty] =====
<EMPTY>

===== 2026-08-20 03:05:28 knot_s1_T0.6 [empty] =====
<EMPTY>

===== 2026-08-20 03:05:28 knot_s1_T0.3 [empty] =====
<EMPTY>

===== 2026-08-20 03:05:35 knot_s2_d3 [empty] =====
<EMPTY>

===== 2026-08-20 03:05:35 knot_s2_d4 [empty] =====
<EMPTY>

===== 2026-08-20 03:05:35 knot_s2_d1 [empty] =====
<EMPTY>

===== 2026-08-20 03:05:35 knot_s2_d2 [empty] =====
<EMPTY>

===== 2026-08-20 03:05:39 knot_s1_T0.0 [empty] =====
<EMPTY>

===== 2026-08-20 03:05:39 knot_s1_T0.3 [empty] =====
<EMPTY>

===== 2026-08-20 03:05:39 knot_s1_T0.3 [empty] =====
<EMPTY>

===== 2026-08-20 03:05:39 knot_s1_T0.0 [empty] =====
<EMPTY>

===== 2026-08-20 03:05:39 knot_s1_T0.6 [empty] =====
<EMPTY>

===== 2026-08-20 03:05:41 knot_s1_T0.6 [empty] =====
<EMPTY>

===== 2026-08-20 03:05:41 knot_s1_T0.3 [empty] =====
<EMPTY>

===== 2026-08-20 03:05:48 knot_s2_d4 [empty] =====
<EMPTY>

===== 2026-08-20 03:05:48 knot_s2_d3 [empty] =====
<EMPTY>

===== 2026-08-20 03:05:48 knot_s2_d2 [empty] =====
<EMPTY>

===== 2026-08-20 03:05:48 knot_s2_d1 [empty] =====
<EMPTY>

===== 2026-08-20 03:05:49 knot_s2_d1 [empty] =====
<EMPTY>

===== 2026-08-20 03:05:49 knot_s2_d4 [empty] =====
<EMPTY>

===== 2026-08-20 03:05:49 knot_s2_d2 [empty] =====
<EMPTY>

===== 2026-08-20 03:05:49 knot_s2_d0 [empty] =====
<EMPTY>

===== 2026-08-20 03:05:49 knot_s2_d3 [empty] =====
<EMPTY>

===== 2026-08-20 03:05:52 knot_s1_T0.3 [empty] =====
<EMPTY>

===== 2026-08-20 03:05:52 knot_s1_T0.0 [empty] =====
<EMPTY>

===== 2026-08-20 03:05:52 knot_s1_T0.6 [empty] =====
<EMPTY>

===== 2026-08-20 03:05:53 knot_s1_T0.6 [empty] =====
<EMPTY>

===== 2026-08-20 03:05:54 knot_s1_T0.3 [empty] =====
<EMPTY>

===== 2026-08-20 03:06:00 knot_s1_T0.3 [empty] =====
<EMPTY>

===== 2026-08-20 03:06:00 knot_s1_T0.6 [empty] =====
<EMPTY>

===== 2026-08-20 03:06:01 knot_s1_T0.0 [empty] =====
<EMPTY>

===== 2026-08-20 03:06:02 knot_s2_d1 [empty] =====
<EMPTY>

===== 2026-08-20 03:06:02 knot_s2_d2 [empty] =====
<EMPTY>

===== 2026-08-20 03:06:02 knot_s2_d0 [empty] =====
<EMPTY>

===== 2026-08-20 03:06:02 knot_s2_d4 [empty] =====
<EMPTY>

===== 2026-08-20 03:06:02 knot_s2_d3 [empty] =====
<EMPTY>

===== 2026-08-20 03:06:03 knot_s2_d0 [empty] =====
<EMPTY>

===== 2026-08-20 03:06:03 knot_s2_d4 [empty] =====
<EMPTY>

===== 2026-08-20 03:06:03 knot_s2_d2 [empty] =====
<EMPTY>

===== 2026-08-20 03:06:03 knot_s2_d3 [empty] =====
<EMPTY>

===== 2026-08-20 03:06:04 knot_s2_d1 [empty] =====
<EMPTY>

===== 2026-08-20 03:06:04 knot_s1_T0.3 [empty] =====
<EMPTY>

===== 2026-08-20 03:06:04 knot_s1_T0.6 [empty] =====
<EMPTY>

===== 2026-08-20 03:06:04 knot_s1_T0.0 [empty] =====
<EMPTY>

===== 2026-08-20 03:06:07 knot_s2_d2 [empty] =====
<EMPTY>

===== 2026-08-20 03:06:07 knot_s2_d0 [empty] =====
<EMPTY>

===== 2026-08-20 03:06:07 knot_s2_d1 [empty] =====
<EMPTY>

===== 2026-08-20 03:06:07 knot_s2_d3 [empty] =====
<EMPTY>

===== 2026-08-20 03:06:07 knot_s2_d4 [empty] =====
<EMPTY>

===== 2026-08-20 03:06:07 knot_s2_d3 [empty] =====
<EMPTY>

===== 2026-08-20 03:06:07 knot_s2_d1 [empty] =====
<EMPTY>

===== 2026-08-20 03:06:07 knot_s2_d0 [empty] =====
<EMPTY>

===== 2026-08-20 03:06:07 knot_s2_d4 [empty] =====
<EMPTY>

===== 2026-08-20 03:06:07 knot_s2_d2 [empty] =====
<EMPTY>

===== 2026-08-20 03:06:11 knot_s1_T0.3 [empty] =====
<EMPTY>

===== 2026-08-20 03:06:11 knot_s1_T0.0 [empty] =====
<EMPTY>

===== 2026-08-20 03:06:11 knot_s1_T0.6 [empty] =====
<EMPTY>

===== 2026-08-20 03:06:13 knot_s1_T0.6 [empty] =====
<EMPTY>

===== 2026-08-20 03:06:13 knot_s1_T0.3 [empty] =====
<EMPTY>

===== 2026-08-20 03:06:13 knot_s1_T0.0 [empty] =====
<EMPTY>

===== 2026-08-20 03:06:14 knot_s2_d1 [empty] =====
<EMPTY>

===== 2026-08-20 03:06:14 knot_s2_d2 [empty] =====
<EMPTY>

===== 2026-08-20 03:06:14 knot_s2_d0 [empty] =====
<EMPTY>

===== 2026-08-20 03:06:14 knot_s2_d4 [empty] =====
<EMPTY>

===== 2026-08-20 03:06:14 knot_s2_d3 [empty] =====
<EMPTY>

===== 2026-08-20 03:06:16 knot_s2_d0 [empty] =====
<EMPTY>

===== 2026-08-20 03:06:16 knot_s2_d2 [empty] =====
<EMPTY>

===== 2026-08-20 03:06:16 knot_s2_d3 [empty] =====
<EMPTY>

===== 2026-08-20 03:06:16 knot_s2_d4 [empty] =====
<EMPTY>

===== 2026-08-20 03:06:16 knot_s2_d1 [empty] =====
<EMPTY>

===== 2026-08-20 03:06:19 knot_s2_d0 [empty] =====
<EMPTY>

===== 2026-08-20 03:06:19 knot_s2_d2 [empty] =====
<EMPTY>

===== 2026-08-20 03:06:19 knot_s2_d1 [empty] =====
<EMPTY>

===== 2026-08-20 03:06:19 knot_s2_d4 [empty] =====
<EMPTY>

===== 2026-08-20 03:06:19 knot_s2_d3 [empty] =====
<EMPTY>

===== 2026-08-20 03:06:19 knot_s2_d1 [empty] =====
<EMPTY>

===== 2026-08-20 03:06:19 knot_s2_d0 [empty] =====
<EMPTY>

===== 2026-08-20 03:06:19 knot_s2_d3 [empty] =====
<EMPTY>

===== 2026-08-20 03:06:19 knot_s2_d4 [empty] =====
<EMPTY>

===== 2026-08-20 03:06:19 knot_s2_d2 [empty] =====
<EMPTY>

===== 2026-08-20 03:06:22 knot_s1_T0.6 [empty] =====
<EMPTY>

===== 2026-08-20 03:06:22 knot_s1_T0.3 [empty] =====
<EMPTY>

===== 2026-08-20 03:06:22 knot_s1_T0.0 [empty] =====
<EMPTY>

===== 2026-08-20 03:06:24 knot_s1_T0.0 [empty] =====
<EMPTY>

===== 2026-08-20 03:06:24 knot_s1_T0.3 [empty] =====
<EMPTY>

===== 2026-08-20 03:06:24 knot_s1_T0.6 [empty] =====
<EMPTY>

===== 2026-08-20 03:06:26 knot_s1_T0.0 [empty] =====
<EMPTY>

===== 2026-08-20 03:06:26 knot_s1_T0.3 [empty] =====
<EMPTY>

===== 2026-08-20 03:06:26 knot_s1_T0.6 [empty] =====
<EMPTY>

===== 2026-08-20 03:06:28 knot_s2_d0 [empty] =====
<EMPTY>

===== 2026-08-20 03:06:28 knot_s2_d3 [empty] =====
<EMPTY>

===== 2026-08-20 03:06:29 knot_s2_d4 [empty] =====
<EMPTY>

===== 2026-08-20 03:06:29 knot_s2_d2 [empty] =====
<EMPTY>

===== 2026-08-20 03:06:29 knot_s2_d1 [empty] =====
<EMPTY>

===== 2026-08-20 03:06:32 knot_s2_d2 [empty] =====
<EMPTY>

===== 2026-08-20 03:06:32 knot_s2_d0 [empty] =====
<EMPTY>

===== 2026-08-20 03:06:32 knot_s2_d4 [empty] =====
<EMPTY>

===== 2026-08-20 03:06:32 knot_s2_d1 [empty] =====
<EMPTY>

===== 2026-08-20 03:06:32 knot_s2_d3 [empty] =====
<EMPTY>

===== 2026-08-20 03:06:32 knot_s2_d1 [empty] =====
<EMPTY>

===== 2026-08-20 03:06:32 knot_s2_d3 [empty] =====
<EMPTY>

===== 2026-08-20 03:06:32 knot_s2_d0 [empty] =====
<EMPTY>

===== 2026-08-20 03:06:32 knot_s2_d4 [empty] =====
<EMPTY>

===== 2026-08-20 03:06:32 knot_s2_d2 [empty] =====
<EMPTY>

===== 2026-08-20 03:06:32 knot_s1_T0.0 [empty] =====
<EMPTY>

===== 2026-08-20 03:06:32 knot_s1_T0.3 [empty] =====
<EMPTY>

===== 2026-08-20 03:06:33 knot_s1_T0.6 [empty] =====
<EMPTY>

===== 2026-08-20 03:06:34 knot_s1_T0.6 [empty] =====
<EMPTY>

===== 2026-08-20 03:06:34 knot_s1_T0.0 [empty] =====
<EMPTY>

===== 2026-08-20 03:06:34 knot_s1_T0.3 [empty] =====
<EMPTY>

===== 2026-08-20 03:06:36 knot_s1_T0.0 [empty] =====
<EMPTY>

===== 2026-08-20 03:06:36 knot_s1_T0.3 [empty] =====
<EMPTY>

===== 2026-08-20 03:06:36 knot_s1_T0.6 [empty] =====
<EMPTY>

===== 2026-08-20 03:06:43 knot_s1_T0.3 [empty] =====
<EMPTY>

===== 2026-08-20 03:06:43 knot_s1_T0.6 [empty] =====
<EMPTY>

===== 2026-08-20 03:06:43 knot_s1_T0.0 [empty] =====
<EMPTY>

===== 2026-08-20 03:06:45 knot_s1_T0.0 [empty] =====
<EMPTY>

===== 2026-08-20 03:06:45 knot_s1_T0.3 [empty] =====
<EMPTY>

===== 2026-08-20 03:06:45 knot_s1_T0.6 [empty] =====
<EMPTY>

===== 2026-08-20 03:06:47 knot_s1_T0.0 [empty] =====
<EMPTY>

===== 2026-08-20 03:06:47 knot_s1_T0.6 [empty] =====
<EMPTY>

===== 2026-08-20 03:06:47 knot_s1_T0.3 [empty] =====
<EMPTY>

===== 2026-08-20 03:06:54 knot_s1_T0.6 [empty] =====
<EMPTY>

===== 2026-08-20 03:06:54 knot_s1_T0.0 [empty] =====
<EMPTY>

===== 2026-08-20 03:06:54 knot_s1_T0.3 [empty] =====
<EMPTY>

===== 2026-08-20 03:06:56 knot_s1_T0.6 [empty] =====
<EMPTY>

===== 2026-08-20 03:06:56 knot_s1_T0.0 [empty] =====
<EMPTY>

===== 2026-08-20 03:06:56 knot_s1_T0.3 [empty] =====
<EMPTY>

===== 2026-08-20 03:06:58 knot_s1_T0.6 [empty] =====
<EMPTY>

===== 2026-08-20 03:06:58 knot_s1_T0.3 [empty] =====
<EMPTY>

===== 2026-08-20 03:06:58 knot_s1_T0.0 [empty] =====
<EMPTY>

===== 2026-08-20 03:07:04 knot_s1_T0.3 [empty] =====
<EMPTY>

===== 2026-08-20 03:07:05 knot_s1_T0.0 [empty] =====
<EMPTY>

===== 2026-08-20 03:07:05 knot_s1_T0.6 [empty] =====
<EMPTY>

===== 2026-08-20 03:07:06 knot_s1_T0.6 [empty] =====
<EMPTY>

===== 2026-08-20 03:07:06 knot_s1_T0.3 [empty] =====
<EMPTY>

===== 2026-08-20 03:07:06 knot_s1_T0.0 [empty] =====
<EMPTY>

===== 2026-08-20 03:07:08 knot_s1_T0.6 [empty] =====
<EMPTY>

===== 2026-08-20 03:07:08 knot_s1_T0.0 [empty] =====
<EMPTY>

===== 2026-08-20 03:07:08 knot_s1_T0.3 [empty] =====
<EMPTY>

===== 2026-08-20 03:07:15 knot_s1_T0.0 [empty] =====
<EMPTY>

===== 2026-08-20 03:07:15 knot_s1_T0.3 [empty] =====
<EMPTY>

===== 2026-08-20 03:07:15 knot_s1_T0.6 [empty] =====
<EMPTY>

===== 2026-08-20 03:07:17 knot_s1_T0.3 [empty] =====
<EMPTY>

===== 2026-08-20 03:07:17 knot_s1_T0.6 [empty] =====
<EMPTY>

===== 2026-08-20 03:07:17 knot_s1_T0.0 [empty] =====
<EMPTY>

===== 2026-08-20 03:07:19 knot_s1_T0.3 [empty] =====
<EMPTY>

===== 2026-08-20 03:07:19 knot_s1_T0.0 [empty] =====
<EMPTY>

===== 2026-08-20 03:07:19 knot_s1_T0.6 [empty] =====
<EMPTY>

===== 2026-08-20 03:07:26 knot_s1_T0.0 [empty] =====
<EMPTY>

===== 2026-08-20 03:07:26 knot_s1_T0.3 [empty] =====
<EMPTY>

===== 2026-08-20 03:07:26 knot_s1_T0.6 [empty] =====
<EMPTY>

===== 2026-08-20 03:07:28 knot_s1_T0.3 [empty] =====
<EMPTY>

===== 2026-08-20 03:07:28 knot_s1_T0.6 [empty] =====
<EMPTY>

===== 2026-08-20 03:07:28 knot_s1_T0.0 [empty] =====
<EMPTY>

===== 2026-08-20 03:07:30 knot_s1_T0.3 [empty] =====
<EMPTY>

===== 2026-08-20 03:07:30 knot_s1_T0.0 [empty] =====
<EMPTY>

===== 2026-08-20 03:07:30 knot_s1_T0.6 [empty] =====
<EMPTY>

===== 2026-08-20 03:07:36 knot_s1_T0.0 [empty] =====
<EMPTY>

===== 2026-08-20 03:07:36 knot_s1_T0.3 [empty] =====
<EMPTY>

===== 2026-08-20 03:07:36 knot_s1_T0.6 [empty] =====
<EMPTY>

===== 2026-08-20 03:07:38 knot_s1_T0.0 [empty] =====
<EMPTY>

===== 2026-08-20 03:07:38 knot_s1_T0.3 [empty] =====
<EMPTY>

===== 2026-08-20 03:07:39 knot_s1_T0.6 [empty] =====
<EMPTY>

===== 2026-08-20 03:07:40 knot_s1_T0.3 [empty] =====
<EMPTY>

===== 2026-08-20 03:07:40 knot_s1_T0.6 [empty] =====
<EMPTY>

===== 2026-08-20 03:07:41 knot_s1_T0.0 [empty] =====
<EMPTY>

===== 2026-08-20 03:07:47 knot_s1_T0.3 [empty] =====
<EMPTY>

===== 2026-08-20 03:07:47 knot_s1_T0.0 [empty] =====
<EMPTY>

===== 2026-08-20 03:07:47 knot_s1_T0.6 [empty] =====
<EMPTY>

===== 2026-08-20 03:07:49 knot_s1_T0.3 [empty] =====
<EMPTY>

===== 2026-08-20 03:07:49 knot_s1_T0.6 [empty] =====
<EMPTY>

===== 2026-08-20 03:07:49 knot_s1_T0.0 [empty] =====
<EMPTY>

===== 2026-08-20 03:07:51 knot_s1_T0.0 [empty] =====
<EMPTY>

===== 2026-08-20 03:07:51 knot_s1_T0.3 [empty] =====
<EMPTY>

===== 2026-08-20 03:07:51 knot_s1_T0.6 [empty] =====
<EMPTY>

===== 2026-08-20 03:07:58 knot_s1_T0.0 [empty] =====
<EMPTY>

===== 2026-08-20 03:07:58 knot_s1_T0.6 [empty] =====
<EMPTY>

===== 2026-08-20 03:07:58 knot_s1_T0.3 [empty] =====
<EMPTY>

===== 2026-08-20 03:08:00 knot_s1_T0.3 [empty] =====
<EMPTY>

===== 2026-08-20 03:08:00 knot_s1_T0.0 [empty] =====
<EMPTY>

===== 2026-08-20 03:08:00 knot_s1_T0.6 [empty] =====
<EMPTY>

===== 2026-08-20 03:08:02 knot_s1_T0.3 [empty] =====
<EMPTY>

===== 2026-08-20 03:08:02 knot_s1_T0.6 [empty] =====
<EMPTY>

===== 2026-08-20 03:08:02 knot_s1_T0.0 [empty] =====
<EMPTY>

===== 2026-08-20 03:08:09 knot_s1_T0.6 [empty] =====
<EMPTY>

===== 2026-08-20 03:08:09 knot_s1_T0.3 [empty] =====
<EMPTY>

===== 2026-08-20 03:08:09 knot_s1_T0.0 [empty] =====
<EMPTY>

===== 2026-08-20 03:08:10 knot_s1_T0.3 [empty] =====
<EMPTY>

===== 2026-08-20 03:08:10 knot_s1_T0.0 [empty] =====
<EMPTY>

===== 2026-08-20 03:08:10 knot_s1_T0.6 [empty] =====
<EMPTY>

===== 2026-08-20 03:08:12 knot_s1_T0.0 [empty] =====
<EMPTY>

===== 2026-08-20 03:08:12 knot_s1_T0.6 [empty] =====
<EMPTY>

===== 2026-08-20 03:08:12 knot_s1_T0.3 [empty] =====
<EMPTY>

===== 2026-08-20 03:08:19 knot_s1_T0.3 [empty] =====
<EMPTY>

===== 2026-08-20 03:08:19 knot_s1_T0.0 [empty] =====
<EMPTY>

===== 2026-08-20 03:08:19 knot_s1_T0.6 [empty] =====
<EMPTY>

===== 2026-08-20 03:08:21 knot_s1_T0.6 [empty] =====
<EMPTY>

===== 2026-08-20 03:08:21 knot_s1_T0.0 [empty] =====
<EMPTY>

===== 2026-08-20 03:08:21 knot_s1_T0.3 [empty] =====
<EMPTY>

===== 2026-08-20 03:08:23 knot_s1_T0.3 [empty] =====
<EMPTY>

===== 2026-08-20 03:08:23 knot_s1_T0.0 [empty] =====
<EMPTY>

===== 2026-08-20 03:08:23 knot_s1_T0.6 [empty] =====
<EMPTY>

===== 2026-08-20 03:08:30 knot_s1_T0.3 [empty] =====
<EMPTY>

===== 2026-08-20 03:08:30 knot_s1_T0.6 [empty] =====
<EMPTY>

===== 2026-08-20 03:08:30 knot_s1_T0.0 [empty] =====
<EMPTY>

===== 2026-08-20 03:08:32 knot_s1_T0.3 [empty] =====
<EMPTY>

===== 2026-08-20 03:08:32 knot_s1_T0.6 [empty] =====
<EMPTY>

===== 2026-08-20 03:08:32 knot_s1_T0.0 [empty] =====
<EMPTY>

===== 2026-08-20 03:08:34 knot_s1_T0.6 [empty] =====
<EMPTY>

===== 2026-08-20 03:08:34 knot_s1_T0.0 [empty] =====
<EMPTY>

===== 2026-08-20 03:08:34 knot_s1_T0.3 [empty] =====
<EMPTY>

===== 2026-08-20 03:08:40 knot_s1_T0.6 [empty] =====
<EMPTY>

===== 2026-08-20 03:08:41 knot_s1_T0.3 [empty] =====
<EMPTY>

===== 2026-08-20 03:08:41 knot_s1_T0.0 [empty] =====
<EMPTY>

===== 2026-08-20 03:08:42 knot_s1_T0.3 [empty] =====
<EMPTY>

===== 2026-08-20 03:08:42 knot_s1_T0.6 [empty] =====
<EMPTY>

===== 2026-08-20 03:08:42 knot_s1_T0.0 [empty] =====
<EMPTY>

===== 2026-08-20 03:08:44 knot_s1_T0.6 [empty] =====
<EMPTY>

===== 2026-08-20 03:08:44 knot_s1_T0.3 [empty] =====
<EMPTY>

===== 2026-08-20 03:08:44 knot_s1_T0.0 [empty] =====
<EMPTY>

===== 2026-08-20 03:08:53 knot_s1_T0.6 [empty] =====
<EMPTY>

===== 2026-08-20 03:08:53 knot_s1_T0.3 [empty] =====
<EMPTY>

===== 2026-08-20 03:08:53 knot_s1_T0.0 [empty] =====
<EMPTY>

===== 2026-08-20 03:08:55 knot_s1_T0.6 [empty] =====
<EMPTY>

===== 2026-08-20 03:08:55 knot_s1_T0.3 [empty] =====
<EMPTY>

===== 2026-08-20 03:08:55 knot_s1_T0.0 [empty] =====
<EMPTY>

===== 2026-08-20 03:09:06 knot_s1_T0.6 [empty] =====
<EMPTY>

===== 2026-08-20 03:09:06 knot_s1_T0.3 [empty] =====
<EMPTY>

===== 2026-08-20 03:09:06 knot_s1_T0.0 [empty] =====
<EMPTY>

===== 2026-08-20 14:34:23 knot_s1_T0.0 =====
```json
{
  "desire_layer": {
    "distribution": {
      "拥有欲": 0.0,
      "成为欲": 0.0,
      "摆脱欲": 0.18,
      "确认欲": 0.12,
      "超越欲": 0.0,
      "归属欲": 0.0,
      "控制欲": 0.28,
      "安全感欲": 0.42,
      "向往欲": 0.0
    },
    "note": "核心欲望是安全感欲(怕听力永久受损/耳鸣恶化)与控制欲(感觉被医生忽视、要夺回对自己医疗决策的主导权);摆脱欲指向耳堵和耳鸣的不适;确认欲表现为开篇那句『am I exaggerating』——想确认自己的担心是合理的,而不是自己多虑"
  },
  "need_layer": [
    {
      "code": "N01_确定性",
      "context_slot": "突发耳堵+耳鸣,医生未做听力检测只开过敏药,自己无法判断听力损失是否会发生/已经发生",
      "weight": 0.34,
      "derived_from": "由安全感欲经『医生没给明确诊断、五天药无效、耳鸣新发』情境事件衍生——需要把『到底有没有听力损失、耳鸣严不严重』这个不确定性降下来"
    },
    {
      "code": "N02_掌控局面",
      "context_slot": "两位医生都让再等,自己感觉意见被搁置,要不要强行要求转诊ENT由自己来定",
      "weight": 0.28,
      "derived_from": "由控制欲经『我的concern is being dismissed』情境事件衍生——需要重新握住方向盘,由我决定走不走专科"
    },
    {
      "code": "N06_摆脱痛苦",
      "context_slot": "右耳严重堵塞五天未缓解,昨夜开始耳鸣,正在持续的不适中",
      "weight": 0.18,
      "derived_from": "由摆脱欲经『耳堵未愈+新发tinnitus』情境事件衍生——需要把这个正在发生的身体不适停下来"
    },
    {
      "code": "N10_自我确认",
      "context_slot": "向社群求证『am I exaggerating』,怀疑自己是否反应过度",
      "weight": 0.12,
      "derived_from": "由确认欲经『医生让等、家人/自我怀疑是不是自己想多了』情境事件衍生——需要被告知『你的担心是合理的』
    },
    {
      "code": "N03_提升能力",
      "context_slot": "面对耳鼻喉专科选择、是否该强硬要求referral,缺乏相关决策知识",
      "weight": 0.05,
      "derived_from": "由控制欲+安全感欲经『不知道什么情况下必须升级就诊』情境事件衍生——次要,主要是决策信息缺口"
    },
    {
      "code": "N04_理解世界",
      "context_slot": "一辈子过敏从未听力下降,为何现在突然堵塞+耳鸣,因果机制讲不通",
      "weight": 0.03,
      "derived_from": "由安全感欲经『我有过敏史但从未耳聋、用药无效』情境事件衍生——弱关联,认知缺口是次级"
    }
  ],
  "appraisal": {
    "goal_relevance": 0.92,
    "congruence_direction": "威胁",
    "need_status": "未满足",
    "goal_congruence": "负",
    "coping_potential": "中",
    "note": "goal_relevance 极高(健康+听力+疼痛三重相关);congruence=威胁因为内容本身就是『我正被威胁且没人在帮我解』——耳堵+耳鸣=身体威胁,被dismiss=社会情境威胁,且五天用药无效;need_status=未满足因为没人给诊断也没人解症状,只勾起焦虑悬置;coping=中因为观众(发帖人)有主观能动性(可以再要求referral)但又缺医学依据支撑自己是对的,因此正负情绪混合,以负向fear/anger为主"
  },
  "emotion_layer": {
    "distribution": {
      "admiration钦佩": 0.0,
      "joy喜悦": 0.0,
      "gratitude感激": 0.0,
      "desire渴望": 0.10,
      "nostalgia怀旧": 0.0,
      "pride自豪": 0.0,
      "love爱": 0.0,
      "relief宽慰": 0.0,
      "approval认同": 0.08,
      "curiosity好奇": 0.04,
      "fear恐惧": 0.42,
      "sadness悲伤": 0.05,
      "anger愤怒": 0.31
    },
    "note": "fear(0.42)由 N01+N06 经『威胁+未满足,担心永久听力损失+新发tinnitus』直接导出;anger(0.31)由 N02 经『威胁(被dismiss)+未满足(没人接住concern)+goal_congruence负』导出,具体为对被忽视的对抗性情绪;approval(0.08)+curiosity(0.04)是发帖求证行为的情绪底色(期待被认同);desire(0.10)是想尽快得到referral/解决方案的渴望;sadness很弱(0.05),只是轻度无力的边缘情绪。整体符合『健康威胁+被权威dismiss』的fear-anger双高模板"
  },
  "action_tendency_layer": {
    "distribution": {
      "approach趋近": 0.18,
      "avoidance回避": 0.02,
      "attend关注": 0.22,
      "reject拒斥": 0.05,
      "agonistic对抗": 0.34,
      "interrupt中断": 0.12,
      "dominate支配": 0.07
    },
    "note": "agonistic对抗为主(0.34)——『insist on an ENT referral』是对当前医疗建议的对抗性推进;attend关注(0.22)是持续监测症状(用了几天药、观察耳鸣)的行为;approach趋近(0.18)是『return and insist』的趋近动作;interrupt中断(0.12)是中断『等两周』这个被动等待链;dominate支配(0.07)是夺回医疗决策主导权的弱表达;reject(0.05)轻微拒斥现有医生建议;avoidance几乎为0,因为当事人没有回避问题反而在主动求证"
  },
  "chain_trace": "安全感欲+控制欲 →(耳堵五天未愈+新发耳鸣+两位医生未做听力检测就让等两周+感觉被dismiss)→ 需求N01_确定性+N02_掌控局面(主)与N06_摆脱痛苦+N10_自我确认(辅) →(评价:goal_relevance=0.92,congruence=威胁,need_status=未满足→goal_congruence负,coping=中)→ 情绪fear恐惧(主)+anger愤怒(次)+approval认同+desire渴望(弱) → 行动倾向agonistic对抗(主,insist on referral)+attend关注(监测耳鸣与药效)+approach趋近(再回诊)+interrupt中断(打断『等两周』)的完整一句话推导。",
  "evidence": {
    "desire": "『I don't feel comfortable waiting two weeks for another evaluation, and I feel my concern is being dismissed』+『In fact, ringing in my ears started last night』+『am I exaggerating』",
    "need": "『should I return and insist on an ENT referral?』(N02掌控局面);『Neither provider did any hearing test』(N01确定性);『my right ear became badly blocked』『five days have passed... there has been no change』(N06摆脱痛苦);『am I exaggerating』(N10自我确认)",
    "emotion": "『I feel my concern is being dismissed』→ anger;『ringing in my ears started last night』+『I don't feel comfortable waiting』→ fear;『am I exaggerating』→ seeking approval",
    "action": "『should I return and insist on an ENT referral?』『I don't feel comfortable waiting two weeks』→ agonistic对抗+approach趋近+interrupt中断"
  }
}
```

===== 2026-08-20 14:38:37 knot_s1_T0.6 =====
```json
{
  "desire_layer": {
    "distribution": {
      "拥有欲": 0.0,
      "成为欲": 0.0,
      "摆脱欲": 0.35,
      "确认欲": 0.10,
      "超越欲": 0.0,
      "归属欲": 0.0,
      "控制欲": 0.20,
      "安全感欲": 0.30,
      "向往欲": 0.05
    },
    "note": "核心是摆脱双耳失聪的进行性痛苦状态（摆脱欲）；同时极度需要消除病因与预后的不确定性（安全感欲）；多次跨科就诊、转诊免疫科，体现夺回健康主导权的控制欲；末句'请求转诊免疫科'暗含希望自己的怀疑被专业体系确认（确认欲）；'向往欲'的微弱份额来自对听力恢复如常生活的想象性投射。"
  },
  "need_layer": [
    {"code": "N01_确定性", "context_slot": "左耳残余听力骤降 + 多科就诊仍无定因, 病因记录缺失", "weight": 0.25, "derived_from": "由安全感欲经'两周前残余耳突然停摆'情境事件衍生"},
    {"code": "N04_理解世界", "context_slot": "HRT、围绝经期、病毒、EBV再激活、ANA 1:80等多线索并存, 想弄明白机制", "weight": 0.18, "derived_from": "由安全感欲经'多项血液/影像指标无收敛诊断'情境衍生"},
    {"code": "N02_掌控局面", "context_slot": "五种药物同时管理 + 跨五科协调 + 自请转诊免疫科", "weight": 0.20, "derived_from": "由控制欲经'听力再次突降、各科无人串联'情境事件衍生"},
    {"code": "N06_摆脱痛苦", "context_slot": "双耳先后失功能, 残余左耳阈值下降", "weight": 0.15, "derived_from": "由摆脱欲经'右耳失功能 → 左耳阈值下降'情境事件衍生"},
    {"code": "N10_自我确认", "context_slot": "自述'与许多在线帖序列相似', 怀疑HRT关联未被任一医生落档", "weight": 0.10, "derived_from": "由确认欲经'多科无人在病历里把失聪与HRT挂钩'情境事件衍生"},
    {"code": "N03_提升能力", "context_slot": "需要学会读懂各科化验、下一步该跑哪一科", "weight": 0.07, "derived_from": "由控制欲经'自身需在无人串联下推进诊疗'情境事件衍生"},
    {"code": "N11_归属群体", "context_slot": "在subreddit中暗示'Similar sequences appear in many online posts'寻找同类", "weight": 0.05, "derived_from": "由确认欲经'在线帖序列相似'情境事件衍生, 寻找经历相同的人}
  ],
  "appraisal": {
    "goal_relevance": 0.95,
    "congruence_direction": "威胁",
    "need_status": "未满足",
    "goal_congruence": "负",
    "coping_potential": "低",
    "note": "目标相关度极高(残余耳再降, 逼近全聋); 多个需求被内容'威胁且未满足'——查了五科仍无定因, 病因未被记录, HRT关联无医生落档; 自评应对潜能低(已尽手段, 仍要靠'请求转诊'才能推进), 由此派生出高强度fear, 中度sadness, 轻度anger, 配合未消失的desire。"
  },
  "emotion_layer": {
    "distribution": {
      "admiration钦佩": 0.0,
      "joy喜悦": 0.0,
      "gratitude感激": 0.02,
      "desire渴望": 0.20,
      "nostalgia怀旧": 0.0,
      "pride自豪": 0.0,
      "love爱": 0.0,
      "relief宽慰": 0.03,
      "approval认同": 0.05,
      "curiosity好奇": 0.05,
      "fear恐惧": 0.35,
      "sadness悲伤": 0.15,
      "anger愤怒": 0.15
    },
    "note": "fear(0.35)由N01/N06威胁+未满足+低应对潜能直接派生——'hearing stopped in the remaining ear'是恐惧锚; sadness(0.15)由N06(失去已失右耳+左耳下降)派生; anger(0.15)由'no visit produced a chart note linking...and the doses were small'(被忽视)派生; desire(0.20)是目标相关度极高但尚未满足的未满足渴望; curiosity(0.05)来自对'EBV再激活/自身免疫'线索的残余探询; approval(0.05)与gratitude(0.02)/relief(0.03)对应转诊/类固醇被安排等极少量正信号。"
  },
  "action_tendency_layer": {
    "distribution": {
      "approach趋近": 0.30,
      "avoidance回避": 0.05,
      "attend关注": 0.20,
      "reject拒斥": 0.0,
      "agonistic对抗": 0.15,
      "interrupt中断": 0.05,
      "dominate支配": 0.25
    },
    "note": "approach(联系免疫科/继续用药)与dominate(自请转诊、跨科协调、序列自述)为最强倾向; attend(密切记录检查、左右耳阈值、用药)持续高; agonistic(对'无人在病历里落档HRT关联'的系统性忽略的对抗)中等; interrupt(试图中断当前'无串联'的诊疗流); avoidance极低, 因事态紧迫无法回避。"
  },
  "chain_trace": "摆脱欲+安全感欲 →(两周前残余耳突然停摆、五科就诊无定因)→ N01_确定性+N06_摆脱痛苦+N02_掌控局面 →(评价: 高度相关 / 威胁 / 未满足 / 负 / 低应对潜能)→ fear恐惧(主)+sadness悲伤+anger愤怒+desire渴望 → 行动倾向 approach趋近+dominate支配(自请转诊免疫科)+attend关注+agonistic对抗(质问为何无医生落档HRT关联) 的完整推导。",
  "evidence": {
    "desire": "'hearing stopped in the remaining ear'; 'I am otherwise medically stable'; 'No visit produced a chart note linking the hearing loss to HRT'",
    "need": "'I discontinued HRT and retained hearing in my left ear. My right ear lost function'; 'The cause was not recorded'; 'I am requesting a referral to an immunologist'; 'Similar sequences appear in many online posts'",
    "emotion": "'hearing stopped in the remaining ear'; 'loss on the right and reduced thresholds on the left'; 'I have contacted an ENT, a rheumatologist, an infectious disease specialist, a dermatologist, and a primary care physician. No visit produced a chart note...'",
    "action": "'I am requesting a referral to an immunologist'; 'MRI scheduling was discussed, and bloodwork was drawn before and after steroid use'; 'I began a five-day prednisone course, valacyclovir, and a low dose of estrogen'"
  }
}
```

===== 2026-08-20 14:39:56 knot_s1_T0.3 =====
```json
{
  "desire_layer": {
    "distribution": {
      "拥有欲": 0.03,
      "成为欲": 0.02,
      "摆脱欲": 0.25,
      "确认欲": 0.15,
      "超越欲": 0.03,
      "归属欲": 0.10,
      "控制欲": 0.12,
      "安全感欲": 0.30,
      "向往欲": 0.00
    },
    "note": "核心欲望是安全感欲(听力突然丧失带来的不可逆/再次丧失的风险恐惧)+摆脱欲(把当下正在发生的失能状态从身上/姐姐身上剥离开)+控制欲(被多科会诊却仍无归因，主体性在塌陷，要重新握住方向盘)+确认欲(已拼出'HRT-睡眠-免疫-听力'的因果叙事，希望社区背书这个推断)+归属欲('A patient forum contains repeated threads with the same sequence'——她要找的不是新信息，而是'原来不止我一个人'的同类)"
  },
  "need_layer": [
    {
      "code": "N01_确定性",
      "context_slot": "姐姐两周一觉醒来听力骤降，五科医生看了药史后无一致结论，下一步该挂免疫科却还没挂上',
      "weight": 0.30,
      "derived_from": "由安全感欲经'激素撤退+病毒+睡眠剥夺+突发性感音神经聋'这一未明归因事件衍生"
    },
    {
      "code": "N04_理解世界",
      "context_slot": "发帖人已自行拼出HRT停药/睡眠日志/EBV再激活/GA皮疹的链条，要解释'为什么会突然聋'",
      "weight": 0.22,
      "derived_from": "由确认欲经'皮肤科医生引用期刊+风湿四项阴性+ANA 1:80'这一碎片证据衍生"
    },
    {
      "code": "N02_掌控局面",
      "context_slot": "'The primary care clinician opened a lab order and asked which panels to add'——医生在反向问她要查什么",
      "weight": 0.15,
      "derived_from": "由控制欲经'多科分散、缺主诊、用药无人统合'这一失控情境衍生"
    },
    {
      "code": "N06_摆脱痛苦",
      "context_slot": "'She lost hearing' 'she began a five-day course of prednisone'——当下正在承受失聪+药物副作用",
      "weight": 0.13,
      "derived_from": "由摆脱欲经'突聋已发生且治疗进行中'衍生"
    },
    {
      "code": "N11_归属群体",
      "context_slot": "发帖行为本身 + 'A patient forum contains repeated threads with the same sequence'",
      "weight": 0.10,
      "derived_from": "由归属欲经'罕见且被主流医学忽略的序列'衍生"
    },
    {
      "code": "N03_提升能力",
      "context_slot": "需要知道该让primary care加哪些panel、下一步该问免疫科什么",
      "weight": 0.10,
      "derived_from": "由控制欲+安全感欲经'用药与检查决策权被部分推回自己'衍生"
    }
  ],
  "appraisal": {
    "goal_relevance": 0.95,
    "congruence_direction": "威胁",
    "need_status": "未满足",
    "goal_congruence": "负",
    "coping_potential": "中",
    "note": "高度目标相关(这是姐姐的命门)；但内容本身只暴露威胁(聋了、没归因、激素还在吃、医生互不统合)而没有给出解药——典型的'威胁+未满足'，故情绪偏负；coping之所以给'中'而非'低'，是因为她已经做了正确的事(多科会诊、写睡眠日志、记用药史、追踪免疫科转诊)，只是还没闭环，所以情绪是fear主导而不是绝望主导"
  },
  "emotion_layer": {
    "distribution": {
      "admiration钦佩": 0.03,
      "joy喜悦": 0.00,
      "gratitude感激": 0.02,
      "desire渴望": 0.05,
      "nostalgia怀旧": 0.00,
      "pride自豪": 0.02,
      "love爱": 0.03,
      "relief宽慰": 0.00,
      "approval认同": 0.05,
      "curiosity好奇": 0.15,
      "fear恐惧": 0.50,
      "sadness悲伤": 0.10,
      "anger愤怒": 0.05
    },
    "note": "主情绪fear(威胁+未满足+coping中=悬置的焦虑恐惧)；curiosity次之(她还在拼图，理性通道未关，所以没有滑向纯sadness)；anger偏低因为她没有明确归罪对象(医生都在'review',只是没人统合)；approval/admiration是给自己'我观察得这么细'的一点自证"
  },
  "action_tendency_layer": {
    "distribution": {
      "approach趋近": 0.25,
      "avoidance回避": 0.05,
      "attend关注": 0.35,
      "reject拒斥": 0.00,
      "agonistic对抗": 0.10,
      "dominate支配": 0.20,
      "interrupt中断": 0.05
    },
    "note": "attend最高(密集监测睡眠/用药/听力/皮疹/化验单)；dominate次之(要统合五科意见、决定加哪些panel、催免疫科referral)；approach(继续就诊/继续发帖求证)；agonistic是隐性对抗'激素仍在吃却没人喊停'这个系统的惯性；avoidance偏低说明她没有逃——她不能逃"
  },
  "chain_trace": "安全感欲(怕再次突聋/怕不可逆) + 摆脱欲(想从失能状态中挣脱) →(情境:姐姐两周一觉醒来聋了，五科会诊无归因，激素仍在用，免疫科referral待发)→ 需求N01_确定性(到底是什么在攻击听力) + N04_理解世界(为什么是这个序列) + N02_掌控局面(谁来统合) →(评价:goal_relevance极高 / congruence_direction=威胁 / need_status=未满足 / coping_potential=中)→ 情绪fear恐惧为绝对主导 + curiosity好奇为副 → 行动倾向attend关注(盯睡眠盯化验盯皮疹) + dominate支配(统合五科、催referral、自行决定panel) + approach趋近(继续看免疫科、继续在论坛找同类) 的完整因果链",
  "evidence": {
    "desire": "'She lost hearing' 'the cause was not recorded' 'the HRT dose was small, and none documented a hormonal cause' 'A patient forum contains repeated threads with the same sequence' 'The next appointment is with an immunologist, and a referral form is pending'",
    "need": "'The primary care clinician opened a lab order and asked which panels to add' 'the cause was not recorded' 'She continued progesterone without estrogen' 'asked which panels to add' 'a referral form is pending'",
    "emotion": "'She lost hearing' 'the cause was not recorded' 'the medication history'反复清点+皮肤科引用疫苗相关EBV再激活期刊+风湿全套阴性+ANA 1:80+激素继续吃——整篇文字的低气压=未解的恐惧; 'repeated threads with the same sequence'既是寻找同类也是暴露孤独",
    "action": "'reviewed the medication history' 'opened a lab order' 'asked which panels to add' 'wrote a prednisone plan' 'continued valacyclovir' 'a referral form is pending'——密集的、动词驱动的、监控型行为"
  }
}
```

===== 2026-08-20 14:49:21 knot_s1_T0.0 [empty] =====
<EMPTY>

===== 2026-08-20 14:49:21 knot_s1_T0.3 [empty] =====
<EMPTY>

===== 2026-08-20 14:49:40 knot_s1_T0.6 =====
The user wants me to analyze a Reddit post that appears to be about a person describing their experience wearing hearing aids and managing classes/work. Let me read this carefully.

The post is a first-person narrative describing:
1. The person resumed wearing hearing aids at the start of the term after several years without them
2. Previous term: took a course with a slow-speaking professor, used coping strategies (sitting near front, watching mouth, taking notes, comparing with classmates, downloading slides, reading chapters)
3. This term: two courses with same professor, one in a small room with participation counting toward grade, discussion prompts, paired questions, spoken responses
4. At work: wears hearing aids during shifts, office is noisy (phones, printers, people talking), sits with coworkers at lunch, uses strategies (turning head, watching faces, writing notes, repeating last words before answering)
5. After work: cleans hearing aids, checks course portal, reviews discussion questions, schedules meeting with accessibility office

This is clearly a personal expression - someone sharing their experience with hearing aids and the challenges they face. It's a self-narrative, so I should analyze the psychological causal chain of THIS individual.

Wait, the platform says "reddit hearing discussion" and the note says if it's a personal expression, infer the causal chain for the individual. This is definitely a personal expression - first person narrative.

Let me think about this carefully:

**Desire layer analysis:**
The person is dealing with hearing loss and is trying to navigate academic and work situations. The narrative shows:

- 安全感欲 (security need) - high: they want to reduce uncertainty in communication situations, have a system that works
- 控制欲 (control) - high: they want to manage their hearing situation, develop strategies, take charge
- 摆脱欲 - moderate: they want to escape the difficulty/pain of not hearing clearly
- 确认欲 - low-moderate: seeking validation that their approach works
- 归属欲 - moderate: wanting to belong in class discussions, with coworkers at lunch

Let me think again. The person is:
- Wearing hearing aids again after years without
- Developing systematic strategies for hearing in different contexts
- Actively managing their situation
- Showing agency and self-reliance

Dominant desires:
- 控制欲 (control) - very high, they're systematically taking control of their hearing situation
- 安全感欲 (security) - high, they want reliable communication
- 摆脱欲 (escape) - moderate, they want to escape the difficulty
- 归属欲 (belonging) - moderate, they want to participate in class/lunch conversations

**Need layer analysis:**

The needs that emerge:
- N02_掌控局面: They are reclaiming control over their hearing situation
- N06_摆脱痛苦: Reducing the discomfort/difficulty of not hearing
- N03_提升能力: Learning strategies to hear better in different contexts
- N01_确定性: Wanting reliable communication
- N11_归属群体: Wanting to participate in class discussions and lunch conversations

**Appraisal:**
- goal_relevance: high - the situation is very relevant to their communication goals
- congruence_direction: 促进 - the content shows them successfully using strategies
- need_status: 已满足 (partially) - they're making progress
- goal_congruence: 正 (positive)
- coping_potential: 中到高 - they're developing effective coping strategies

**Emotion layer:**
- relief 宽慰: high - they're finding strategies that work
- pride 自豪: moderate - pride in managing their situation
- approval 认同 (seeking): they want others to understand
- desire 渴望: moderate - wanting more connection
- fear 恐惧: low - some underlying worry

**Action tendency:**
- approach 趋近: high - they're approaching challenges
- attend 关注: high - they pay close attention
- dominate 支配: high - they're taking charge

Let me also consider: this is a Reddit post, so the person is sharing this publicly. They want to be understood, validated, perhaps to find community with others who have hearing loss. So there's also:
- N13_情感慰藉 (seeking comfort/being accepted)
- N10_自我确认 (confirming their approach is right)
- N11_归属群体 (finding others with similar experiences)

The post itself is the "behavior/discourse" - sharing this very detailed, systematic account. This suggests:
- High need for confirmation/validation
- High need for belonging (with others who have hearing loss)
- The systematic, matter-of-fact tone suggests they're managing well, seeking understanding

Let me refine the desires:

1. 控制欲 - very high (0.35) - taking systematic control of their hearing situation
2. 安全感欲 - high (0.25) - wanting reliable communication, reducing uncertainty
3. 摆脱欲 - moderate (0.15) - escaping the difficulty of not hearing
4. 归属欲 - moderate (0.10) - wanting to belong in conversations, and possibly in a hearing-loss community
5. 确认欲 - low-moderate (0.10) - wanting validation of their approach
6. 拥有欲 - low (0.05) - wanting the hearing aids
7. 向往欲 - low - perhaps wanting the "normal" hearing experience

Wait, but the action is "writing this post" - so I need to think about why they're writing it. They're writing a detailed, systematic narrative. This could be:
- Seeking validation/connection
- Processing their experience
- Documenting their situation (perhaps for the accessibility office meeting)
- Sharing with others who have similar experiences

The fact that they mention scheduling a meeting with the accessibility office suggests this might be partially documentation. But posting on Reddit suggests they also want to connect with others.

Let me settle on:

Desires:
- 控制欲: 0.30 - taking charge of hearing situation
- 安全感欲: 0.25 - reducing communication uncertainty
- 摆脱欲: 0.15 - escaping difficulty
- 归属欲: 0.15 - finding community/belonging
- 确认欲: 0.10 - validating their approach
- 拥有欲: 0.05 - the hearing aids themselves
- 向往欲: low/0
- 成为欲: 0 - not about becoming someone different
- 超越欲: 0 - not about surpassing others

Needs (must sum to 1):
- N02_掌控局面: 0.25
- N06_摆脱痛苦: 0.15
- N03_提升能力: 0.20
- N01_确定性: 0.15
- N11_归属群体: 0.10
- N13_情感慰藉: 0.08
- N10_自我确认: 0.07

Total: 1.00

Wait, let me recalculate: 0.25+0.15+0.20+0.15+0.10+0.08+0.07 = 1.00 ✓

Appraisal:
- goal_relevance: 0.85 (highly relevant - communication is core to their daily life)
- congruence_direction: 促进 (the post shows them successfully implementing strategies)
- need_status: 部分已满足 (they're making progress, but still have work to do)
- goal_congruence: 正
- coping_potential: 中-高 (they have effective strategies)

Actually, since this is a Reddit post, the appraisal might be more nuanced. The act of posting itself suggests:
- The person has found some strategies that work (促进)
- But the situation is still challenging (未完全满足)
- They're seeking validation/connection (so 归属/确认 needs are 未满足)

Let me adjust:
- congruence_direction: 促进 (they're actively managing)
- need_status: 已满足 (the strategies are working) - but the underlying need for connection/belonging might be 未满足
- goal_congruence: 正
- coping_potential: 中

Hmm, this is a bit complex because there are multiple needs. The communication needs are being met, but the belonging/validation needs from posting are only partially met by writing the post.

I'll go with: 促进 + 已满足 (for the operational needs), 正, 中 (for belonging/connection)

Actually, thinking more carefully - the person is writing this post presumably to share, get feedback, connect. So the primary emotional driver behind the post is likely:
- Wanting to be understood (确认欲/归属欲)
- Processing their experience
- Pride in their strategies

Let me think about the chain trace:

控制欲 + 情境(重返课堂/工作场景) → N02_掌控局面 → appraisal:促进+部分满足 → 宽慰/自豪 → 趋近(继续实施策略)

安全感欲 + 情境(嘈杂环境/听不懂) → N01_确定性 → appraisal:促进+已满足 → 宽慰 → 趋近

归属欲 + 情境(在社群中分享经验) → N11_归属群体 + N13_情感慰藉 → appraisal:促进+未满足(希望被理解) → 好奇/认同 → 趋近(分享、寻求连接)

Let me also think about the writing style. The person writes very systematically, almost clinically. This suggests:
- High control
- Some emotional distance (defense mechanism)
- Pride in their systematic approach
- Possible need to be seen as competent (确认欲)

The chain: 控制欲 → 掌控局面/提升能力 → 实施策略 → 宽慰/自豪 → 趋近(继续)、attend(持续关注细节)、dominate(主导自己的处境)

Then: 归属欲 + 安全感欲 → 归属群体/情感慰藉 → 寻求被理解 → 渴望/认同 → 趋近(分享、发帖)

OK let me also think about this: the platform is "reddit hearing discussion" - this is likely r/deaf or r/hardofhearing or r/hearing or similar community. So the person is posting in a community specifically for hearing loss. This strongly suggests 归属欲 is a major driver.

Actually, the user noted "多 base 标定面板" which suggests this is a multi-base calibration panel - probably a sample for testing the framework. So I should analyze it as is.

Final analysis:

**Desires:**
- 控制欲: 0.30 (taking systematic control of hearing situation)
- 安全感欲: 0.22 (reducing communication uncertainty)
- 归属欲: 0.18 (wanting to belong in conversations, finding hearing-loss community)
- 摆脱欲: 0.13 (escaping the difficulty of miscommunication)
- 确认欲: 0.10 (validating their coping approach)
- 拥有欲: 0.05 (the hearing aids)
- 向往欲: 0.02 (perhaps longing for "normal" hearing)
- 成为欲: 0
- 超越欲: 0

**Needs:**
- N02_掌控局面: 0.22
- N03_提升能力: 0.18
- N01_确定性: 0.15
- N11_归属群体: 0.13
- N06_摆脱痛苦: 0.12
- N13_情感慰藉: 0.10
- N10_自我确认: 0.10

Total: 1.00

**Appraisal:**
- goal_relevance: 0.80
- congruence_direction: 促进
- need_status: 已满足
- goal_congruence: 正
- coping_potential: 中
- note: The systematic strategies are working (满足), but underlying needs for connection/validation drive the post (部分未满足) - but overall positive

**Emotions:**
- relief 宽慰: 0.25
- pride 自豪: 0.20
- approval 认同: 0.15
- desire 渴望: 0.12
- curiosity 好奇: 0.08
- admiration 钦佩: 0.05
- gratitude 感激: 0.05
- joy 喜悦: 0.05
- fear 恐惧: 0.03
- sadness 悲伤: 0.02

Total: 1.00

**Action tendencies:**
- approach 趋近: 0.30 (engaging with challenges)
- attend 关注: 0.25 (paying close attention)
- dominate 支配: 0.20 (taking control)
- approach (continued): integrated
- ... let me list 7 categories:

- approach 趋近: 0.30
- attend 关注: 0.25
- dominate 支配: 0.20
- agonistic 对抗: 0.05 (against the difficulty)
- interrupt 中断: 0.05
- avoidance 回避: 0.05 (sitting at edges of lunch, etc.)
- reject 拒斥: 0.10

Total: 1.00

Hmm, reject doesn't quite fit. Let me reconsider. The actions described:
- Wearing hearing aids (approach)
- Sitting in specific seats (attend + control)
- Watching mouths (attend)
- Writing notes (approach, control)
- Comparing notes (approach)
- Downloading slides (approach, control)
- Cleaning aids (control)
- Checking portal (attend)
- Scheduling meeting (approach, control)

This is mostly approach + attend + dominate. Not much reject/avoid.

Let me adjust:
- approach 趋近: 0.40
- attend 关注: 0.30
- dominate 支配: 0.20
- avoidance 回避: 0.05
- agonistic 对抗: 0.05
- interrupt 中断: 0
- reject 拒斥: 0

Total: 1.00

**Chain trace:**

控制欲 + 安全感欲 →(重返课堂/嘈杂办公室情境)→ N02_掌控局面 + N01_确定性 →(评价:策略有效,促进+已满足,coping中)→ 宽慰+自豪 → 趋近(继续佩戴) + 关注(持续监测)

归属欲 + 确认欲 →(在hearing社群发帖情境)→ N11_归属群体 + N10_自我确认 →(评价:社群可能提供共情,促进+部分满足)→ 认同+渴望 → 趋近(分享) + 关注(细节描述)

Let me write the final JSON now.

Actually, I should be more careful. Let me re-read the post:

"At the start of this term I resumed wearing hearing aids after several years without them."
- This shows agency, but also suggests they were avoiding them before (可能的拒绝/avoidance)
- Now they're approaching the situation

"During the previous term I enrolled in a course taught by a professor whose speech moved slowly and paused between phrases."
- They had to choose strategies (the prof was accommodating)

"I sat near the front, watched the professor's mouth, and took notes from the board."
- Active strategies

"When the lectures ended, I met two classmates in the library, compared their notes with mine, and copied sections absent from my notebook."
- Social connection through academic necessity, very systematic

"This term my schedule lists two courses with the same professor. One of them meets in a small room with two other students and me. The syllabus says participation counts toward the grade, and the professor assigns discussion prompts, paired questions, and short spoken responses."
- This is the challenging situation now - small room, participation, discussion

"During the first meeting, the professor looked at each student in turn, waited for answers, and asked follow-up questions."
- The prof is creating direct interaction

"I kept my notebook open, wrote down the questions, and answered after the professor finished speaking."
- Strategy of writing first, then answering

"I have begun wearing the hearing aids during shifts at work."
- Expanding use

"The office has several desks close together, phones ring, printers run, and people talk across partitions. At lunch I sit near two coworkers while they speak. I turn my head toward them, watch their faces, and keep my hands still on the table."
- Challenging social environment
- Very controlled body language (hands still, watching faces)

"The hearing aids increase the sound from their voices. I write some words in my notepad and leave other lines blank. When they speak quickly, I look at their mouths. When they pause, I write a few words in the margin of my notepad."
- Detailed strategies, some uncertainty (blank lines)

"If they continue talking, I remain seated and keep my eyes on the speaker. If one of them asks me a question, I repeat the last words spoken before answering."
- Waiting, repeating - shows anxiety about misunderstanding

"After work I place the hearing aids in their case, wipe them with a cloth, and set the case beside my laptop."
- Care, ritual, control

"In the evening I open the course portal, check messages from the professor, and review the discussion questions for the next session."
- Continued vigilance

"I also schedule a meeting with the accessibility office and bring the hearing aids, the class schedule, and a list of the rooms where the courses meet."
- Seeking institutional support, very prepared

OK, the key psychological patterns I see:

1. **High control orientation** - systematic, prepared, ritualistic
2. **Hypervigilance** - detailed attention to environment
3. **Self-reliance** - developing own strategies, not asking for help directly
4. **Anxiety/uncertainty** - some indicators (blank lines, repeating last words)
5. **Quiet pride** - matter-of-fact tone, no self-pity
6. **Seeking institutional support** - accessibility office meeting
7. **Writing this post** - documenting, possibly sharing

The emotional undertone is complex:
- Relief that hearing aids are helping
- Pride in their strategies
- Some anxiety/uncertainty
- Desire to be understood
- Possible loneliness (always being "the one with hearing aids")

This is a really rich text. Let me finalize my analysis.

Actually, one more consideration: the post is on Reddit "hearing discussion" - the person is sharing with a community. This means:
- They want to be heard (literally and figuratively)
- They want validation from others who understand
- They might be looking for tips or solidarity
- The detailed, systematic writing style suggests they may be seeking to be seen as competent

The chain:
1. Control + Security desires → N02_掌控局面 + N01_确定性 + N03_提升能力
2. → Strategies implementation → appraisal: 有效 → 宽慰 + 自豪
3. Belonging + Confirmation desires → N11_归属群体 + N10_自我确认 + N13_情感慰藉
4. → Writing post → appraisal: 社群可能提供共情 → 渴望 + 认同
5. → 趋近 + 关注 + 支配

Let me also consider:
- 摆脱欲: wanting to escape the difficulty (high)
- 安全感欲: wanting security/being loved (the "被爱欲" perspective)

The "被爱欲" (wanting to be loved) perspective of 安全感欲 fits here - the person wants to be accepted, understood, not pitied. Their systematic approach might be a way to be seen as capable rather than as someone who needs help.

OK, final analysis time. Let me write the JSON.

**Final desires:**
- 控制欲: 0.28
- 安全感欲: 0.22
- 摆脱欲: 0.15
- 归属欲: 0.13
- 确认欲: 0.12
- 拥有欲: 0.05
- 向往欲: 0.03
- 成为欲: 0.02
- 超越欲: 0.00

Total: 1.00

**Final needs:**
- N02_掌控局面: 0.22
- N03_提升能力: 0.18
- N06_摆脱痛苦: 0.14
- N01_确定性: 0.13
- N11_归属群体: 0.11
- N10_自我确认: 0.10
- N13_情感慰藉: 0.07
- N07_占有资源: 0.05

Total: 1.00

**Final appraisal:**
- goal_relevance: 0.80
- congruence_direction: 促进
- need_status: 已满足 (the strategies are working, they're writing this from a place of being able to manage)
- goal_congruence: 正
- coping_potential: 中

**Final emotions:**
- relief 宽慰: 0.22
- pride 自豪: 0.18
- approval 认同: 0.14
- desire 渴望: 0.12
- admiration 钦佩: 0.08
- curiosity 好奇: 0.08
- gratitude 感激: 0.06
- joy 喜悦: 0.05
- fear 恐惧: 0.04
- sadness 悲伤: 0.03
- anger 愤怒: 0.00

Total: 1.00

**Final action tendencies:**
- approach 趋近: 0.32
- attend 关注: 0.28
- dominate 支配: 0.20
- agonistic 对抗: 0.08
- avoidance 回避: 0.05
- interrupt 中断: 0.05
- reject 拒斥: 0.02

Total: 1.00

**Chain trace:**
控制欲 + 安全感欲 →(重返课堂+嘈杂办公室情境)→ N02_掌控局面 + N01_确定性 + N03_提升能力 →(评价:策略有效,促进+已满足,coping中)→ 宽慰+自豪 → 趋近+关注+支配

归属欲 + 确认欲 + 摆脱欲 →(在hearing社群分享情境)→ N11_归属群体 + N10_自我确认 + N13_情感慰藉 →(评价:社群可提供共情,促进+部分满足)→ 渴望+认同 → 趋近+关注

**Evidence:**

For desires:
- 控制欲: "I kept my notebook open, wrote down the questions, and answered after the professor finished speaking"
- 安全感欲: "If one of them asks me a question, I repeat the last words spoken before answering"
- 摆脱欲: "At the start of this term I resumed wearing hearing aids after several years without them"
- 归属欲: posting on Reddit hearing discussion

For needs:
- N02_掌控局面: "I sat near the front, watched the professor's mouth, and took notes from the board"
- N03_提升能力: "When they speak quickly, I look at their mouths. When they pause, I write a few words in the margin"
- N01_确定性: "I also schedule a meeting with the accessibility office and bring the hearing aids, the class schedule, and a list of the rooms"

For emotions:
- relief: "The hearing aids increase the sound from their voices"
- pride: matter-of-fact detailed description of coping strategies
- approval: seeking validation from community

For actions:
- approach: "I have begun wearing the hearing aids during shifts at work"
- attend: "I turn my head toward them, watch their faces, and keep my hands still on the table"
- dominate: "I also schedule a meeting with the accessibility office"

OK, let me write the final JSON.

Wait, I should double-check my evidence. The post is in English, so I need to quote English text.

Also, the 向往欲 check: "向往欲：想进入/住进/成为内容展示的那个画面" - this content doesn't show a beautiful lifestyle to aspire to. So 向往欲 should be very low or 0.

Let me also reconsider 成为欲: "想成为视频里那种人" - the person isn't really trying to become a different person, just managing their current situation. So this should be low/0.

超越欲: not really about surpassing others. 0.

So my distribution makes sense. Let me also consider whether the belonging desire is really 归属欲 or just 情感联结 (N12) or 情感慰藉 (N13). 

归属欲 is about finding peers/being part of a group. The person posting on a hearing community suggests this. But the text itself focuses on their own strategies - they're not directly seeking peers. However, the act of posting IS seeking belonging.

归属欲: 0.13 makes sense given the Reddit context.

Actually, wait. The prompt says "归属欲：想找到同类/想属于某个群体（社会身份认同，指向群体成员资格；必须标机制子型）". So I should note the mechanism sub-type. In this case, it's "finding same-experience peers" (finding others with hearing loss).

Let me also think about the writing style - it's very clinical, matter-of-fact. This could be:
- A defense mechanism (intellectualization)
- A sign of pride in coping
- A way to maintain control through language
- A way to avoid appearing emotional/vulnerable

The text is written like a case study of oneself. This is very characteristic of someone who is processing through control.

OK final JSON time. Let me also make sure my "evidence" quotes are accurate.

Evidence quotes:
- desire 控制欲: "I kept my notebook open, wrote down the questions, and answered after the professor finished speaking"
- desire 安全感欲: "If one of them asks me a question, I repeat the last words spoken before answering"
- need N02: "I sat near the front, watched the professor's mouth, and took notes from the board"
- need N03: "When they speak quickly, I look at their mouths. When they pause, I write a few words in the margin of my notepad"
- emotion relief: "The hearing aids increase the sound from their voices"
- emotion pride: "I have begun wearing the hearing aids during shifts at work" (the active "I have begun" suggests agency)
- action approach: "I also schedule a meeting with the accessibility office and bring the hearing aids, the class schedule, and a list of the rooms where the courses meet"
- action attend: "I turn my head toward them, watch their faces, and keep my hands still on the table"

Let me write the final JSON now.

For the chain_trace, I need it to be one continuous sentence (or paragraph) that traces from desire to action tendency, with concrete names filling X/Y/Z/W/V.

"控制欲 + 安全感欲 + 摆脱欲(欲望) → 在重返课堂讨论课+嘈杂办公室的双重挑战情境(情境Y) → N02_掌控局面 + N01_确定性 + N03_提升能力(需求Z) → 评价:策略有效,促进+已满足,coping中 → 宽慰+自豪+认同(情绪W) → 趋近+关注+支配(行动倾向V) 的完整链"

Let me refine this.

Actually, looking again at the prompt: "chain_trace 必须显式从欲望到行动倾向连贯，情绪要真能从「需求×goal_congruence」导出"

So the chain is: 欲望X →(情境Y)→ 需求Z(写code) →(评价:direction/need_status/congruence正负,coping)→ 情绪W → 行动倾向V

I need to fill in concrete names.

Let me write:

"控制欲+安全感欲+摆脱欲(欲望X) →(重返课堂参与讨论+嘈杂办公室工作+在hearing社群分享的多重情境Y)→ N02_掌控局面+N01_确定性+N03_提升能力+N06_摆脱痛苦(需求Z) →(评价:策略部分有效,促进+部分已满足,coping中)→ 宽慰+自豪+认同+渴望(情绪W) → 趋近+关注+支配(行动倾向V) 的完整链：先在课堂上系统化笔记、复述、在办公室转向声源、清洁助听器(approach/attend/dominate),再通过详尽自述在社群寻求被理解(趋近归属)"

OK let me finalize and write the JSON.

One more check on the appraisal. The person is sharing this on Reddit, so the appraisal should reflect that the act of sharing suggests:
- They want validation (需求侧)
- They think the community can provide it (评价: 促进)
- But they don't know yet if they'll get it (部分已满足)

I'll go with: 目标相关度0.80, 促进, 部分已满足, 正, coping中

Actually, looking at the appraisal note format: it should explain how the appraisal leads to the emotion. So I should explain: 评价决定情绪正负与强度.

OK, time to write.

Let me also consider: the person is dealing with hearing loss, which is a chronic condition. They've gone years without hearing aids. The fact that they resumed them is significant. The post itself shows a person in a transitional phase - figuring out how to use them in different contexts, building new habits.

The "several years without them" detail suggests:
- Avoidance/desensitization in the past
- Now they're approaching the issue
- Some ambivalence might still exist

The chain: 摆脱欲 (escaping the difficulty) → 重新佩戴助听器 → 实施策略 → 部分成功 → 继续

Final check: the "evidence" should be word-for-word quotes from the post. Let me grab them carefully.

For desires, I need direct text evidence:
- "I resumed wearing hearing aids after several years without them" (摆脱欲 - escaping avoidance, taking action)
- "I sat near the front, watched the professor's mouth" (控制欲 - controlling environment)
- "I repeat the last words spoken before answering" (安全感欲 - ensuring understanding)
- "I have begun wearing the hearing aids during shifts at work" (approach + control)
- "I also schedule a meeting with the accessibility office" (control + seeking support)

For needs:
- N02: "I sat near the front, watched the professor's mouth, and took notes from the board"
- N03: "When they speak quickly, I look at their mouths. When they pause, I write a few words"
- N01: "I repeat the last words spoken before answering"
- N06: "I resumed wearing hearing aids after several years without them"

For emotions (these are inferred, so I'll quote the actions that show them):
- relief: "The hearing aids increase the sound from their voices"
- pride: "I have begun wearing the hearing aids during shifts at work"
- approval: posting to community for validation

For actions:
- approach: "I have begun wearing the hearing aids during shifts at work"
- attend: "I turn my head toward them, watch their faces, and keep my hands still on the table"
- dominate: "I also schedule a meeting with the accessibility office"

OK writing the final JSON now.

Actually, the evidence section should have one quote per layer (desire, need, emotion, action). Let me consolidate.

For the JSON, I'll structure it carefully:

```json
{
  "desire_layer": {
    "distribution": {
      "拥有欲": 0.05,
      "成为欲": 0.02,
      "摆脱欲": 0.15,
      "确认欲": 0.12,
      "超越欲": 0.00,
      "归属欲": 0.13,
      "控制欲": 0.28,
      "安全感欲": 0.22,
      "向往欲": 0.03
    },
    "note": "..."
  },
  "need_layer": [...],
  ...
}
```

Let me check sums:
- desires: 0.05+0.02+0.15+0.12+0+0.13+0.28+0.22+0.03 = 1.00 ✓
- needs: 0.22+0.18+0.14+0.13+0.11+0.10+0.07+0.05 = 1.00 ✓
- emotions: need to sum to 1
- action tendencies: need to sum to 1

Let me re-verify my emotion distribution:
- relief 宽慰: 0.22
- pride 自豪: 0.18
- approval 认同: 0.14
- desire 渴望: 0.12
- admiration 钦佩: 0.08
- curiosity 好奇: 0.08
- gratitude 感激: 0.06
- joy 喜悦: 0.05
- fear 恐惧: 0.04
- sadness 悲伤: 0.03
- anger 愤怒: 0.00
- nostalgia 怀旧: 0.00
- love 爱: 0.00

Sum: 0.22+0.18+0.14+0.12+0.08+0.08+0.06+0.05+0.04+0.03+0+0+0 = 1.00 ✓

Action tendencies:
- approach 趋近: 0.32
- attend 关注: 0.28
- dominate 支配: 0.20
- agonistic 对抗: 0.08
- avoidance 回避: 0.05
- interrupt 中断: 0.05
- reject 拒斥: 0.02

Sum: 0.32+0.28+0.20+0.08+0.05+0.05+0.02 = 1.00 ✓

OK, now let me write the final JSON. I need to add the context_slot for each need.

For each need, context_slot should describe the trigger situation:
- N02_掌控局面: "重返需要参与讨论的小班课堂+多线程的嘈杂办公室"
- N03_提升能力: "在多种聆听场景(慢速授课、快速午餐对话、课堂讨论)中需要可迁移的听讲策略"
- N06_摆脱痛苦: "数年未佩戴助听器、错过信息/不确定对方说什么的累积不适"
- N01_确定性: "在小组讨论被点名发言/午餐被问及时,需要确认听到的内容"
- N11_归属群体: "在reddit hearing社群分享自己的系统化策略,寻找听损同类"
- N10_自我确认: "把自己一套'看嘴+记笔记+复述+提前看课件'的方法在社群详尽陈述,寻求被认同"
- N13_情感慰藉: "在听力挑战的孤独情境中,希望在hearing社群被无评判地接纳"
- N07_占有资源: "持有并稳定使用助听器这一具体物"

OK final JSON:

```json
{
  "desire_layer": {
    "distribution": {
      "拥有欲": 0.05,
      "成为欲": 0.02,
      "摆脱欲": 0.15,
      "确认欲": 0.12,
      "超越欲": 0.00,
      "归属欲": 0.13,
      "控制欲": 0.28,
      "安全感欲": 0.22,
      "向往欲": 0.03
    },
    "note": "主体在多场景(小班讨论课、嘈杂办公、午餐社交)系统化设计听讲策略,核心动机是'夺回对自己听力处境的主导权'(控制欲最高),并'把'听不清/不确定'的焦虑降下来'(安全感欲);长时间未佩戴→重新启用助听器=摆脱欲(摆脱信息缺失的痛苦);详尽在社群陈述=归属欲(找同类)与确认欲(方法被认同);向往欲/成为欲/超越欲几乎不激活——文本不指向'另一种生活方式/更好自我'的代入,而是围绕'此刻怎么活下来'的实操。"
  },
  "need_layer": [
    {
      "code": "N02_掌控局面",
      "context_slot": "小班讨论课要求发言+嘈杂办公+午餐社交,需要重新把握自己的听力处境",
      "weight": 0.22,
      "derived_from": "由控制欲 经'重返参与型课堂+嘈杂多声源办公室'情境事件 衍生"
    },
    {
      "code": "N03_提升能力",
      "context_slot": "慢速授课/快速午餐对话/小组讨论各异,需要可迁移的听讲方法",
      "weight": 0.18,
      "derived_from": "由控制欲+安全感欲 经'多场景听力挑战各异'情境事件 衍生"
    },
    {
      "code": "N06_摆脱痛苦",
      "context_slot": "数年未戴助听器累积了'听不到/不确定'的不适,本学期想止住这种损耗",
      "weight": 0.14,
      "derived_from": "由摆脱欲 经'数年不戴→现在重启'的情境事件 衍生"
    },
    {
      "code": "N01_确定性",
      "context_slot": "在小组被点名发言/午餐被问及时,需要确认对方到底说了什么",
      "weight": 0.13,
      "derived_from": "由安全感欲 经'对方快速说话+自己可能漏听'情境 衍生"
    },
    {
      "code": "N11_归属群体",
      "context_slot": "在reddit hearing社群发帖,寻找其他有听力挑战的人",
      "weight": 0.11,
      "derived_from": "由归属欲 经'专门为听损人群设的讨论版'情境

===== 2026-08-20 14:58:47 knot_s1_T0.0 =====
Let me carefully analyze this content to determine if it's a personal expression or not.

The content is:
"I am 61 and fit hearing devices in a clinic. I review test charts, place receivers in ears, and adjust volume controls. I hand clients written instructions, schedule follow-up visits, and note which sounds are detected in each session. I use captions on videos, face the window during conversations, and keep a notepad beside the keyboard."

Wait, let me look at this more carefully. The first part describes professional activities (fitting hearing devices, reviewing test charts, scheduling follow-ups). But the second part reveals the person's own hearing loss: "I use captions on videos, face the window during conversations, and keep a notepad beside the keyboard." These are adaptations someone with hearing loss would make.

Actually, this seems to be written in first person ("I am 61", "I fit hearing devices", "I use captions", "I face the window", "I keep a notepad"). The note says "if this content is truly a self-expression by one person, reverse-engineer the psychological causal chain of this one individual."

Hmm, but wait. Looking again: "I am 61 and fit hearing devices in a clinic" - this could be a hearing aid fitter describing their work. But then the last three sentences "I use captions on videos, face the window during conversations, and keep a notepad beside the keyboard" - these are hearing loss coping strategies.

Actually, I think this might be a case where someone is describing both their work AND their personal life with hearing loss. They're a hearing aid fitter who also has hearing issues themselves (perhaps age-related hearing loss, given they're 61).

But wait - let me re-read. Is this person:
1. A hearing aid fitter (professional) who has personal hearing loss
2. Someone describing a hypothetical person's day
3. Some kind of training/test material

The platform is "reddit hearing discussion: 多 base 标定面板" - this suggests it's a calibration panel for multiple bases/tasks. This is likely a piece of content used for annotation calibration.

Given the instruction's note: "if this content is truly a self-expression by one person, reverse-engineer the psychological causal chain of this one individual. If it's NOT a personal expression (e.g., pure data table, terms template, manual, operating steps, code, catalog, log), return no_inferable_subject: true at JSON top level and explain why, don't construct a person for it."

The content reads as a first-person description. It could be a personal expression - someone sharing about their life and work. The first-person pronoun "I" is used throughout, and it describes both professional duties and personal coping strategies. This appears to be a self-introduction/post by a real person on a hearing-related Reddit discussion.

Actually, I need to think about this more carefully. The content "多 base 标定面板" suggests this is a calibration panel for multiple bases/anchors. The content itself reads like a first-person post from someone who:
- Is 61 years old
- Works fitting hearing devices in a clinic (their job)
- Has personal hearing loss (uses captions, faces windows, keeps notepad)

This is a real personal expression. The person is sharing their dual experience: professional hearing care provider AND someone who personally deals with hearing challenges.

Now let me do the causal chain reverse-engineering:

**Desire Layer (what does this person want?):**
- This is about understanding the AUTHOR's psychology through their writing
- Key: the author reveals a duality - they help others (professional) but also have hearing loss themselves (personal)
- The writing is matter-of-fact, almost clinical/detached
- 安全感欲 (safety/security) - dealing with hearing loss, professional security
- 确认欲 (confirmation) - sharing their experience to be understood/validated
- 摆脱欲 (escape from pain) - from hearing loss limitations
- 归属欲 (belonging) - finding community with hearing-impaired people
- 控制欲 (control) - professional competence + personal coping strategies

Let me think about which desires are most activated:
- 归属欲: high - posting in hearing discussion, seeking community of people who understand
- 确认欲: high - sharing personal coping to be recognized/validated as "one of them" (hearing impaired)
- 安全感欲: moderate - both professional competence and personal coping
- 控制欲: moderate - systematic personal coping strategies
- 摆脱欲: low-moderate - the implicit desire to be free from hearing limitations

Wait, the instructions say "reverse-engineer the AUDIENCE's psychology from observable comments/posts." But here the content is the author's own post. The note says to do it for the ONE PERSON who wrote this if it's a personal expression.

So the audience IS the author themselves, or rather, the content reveals the author's psychology when they wrote it. Hmm, actually let me re-read the instructions.

"对以下内容做「因果链逆问题」拆解：从可观测话语/评论，反推观众心理完整因果链"

The instructions say "audience" but the note clarifies: "if this content is truly a self-expression by one person, reverse-engineer the psychological causal chain of this one individual."

So we're reverse-engineering the AUTHOR's psychology (who is also a participant in this Reddit discussion).

**Desire analysis for the author:**
- They are 61, work in hearing healthcare, AND have hearing loss
- They share professional + personal life
- Posted in a hearing discussion forum
- The tone is matter-of-fact, descriptive, almost clinical
- Key desires:
  1. 归属欲 (belonging): finding peers, being part of the hearing-impaired community
  2. 确认欲 (confirmation): sharing coping strategies to be validated, to have their approach endorsed
  3. 安全感欲 (safety): managing hearing loss, professional competence
  4. 摆脱欲 (escape): implicit desire to be free from hearing limitations
  5. 控制欲 (control): both professional mastery and personal adaptation

Distribution guess:
- 归属欲: 0.30
- 确认欲: 0.25
- 安全感欲: 0.20
- 控制欲: 0.15
- 摆脱欲: 0.10

**Need Layer (情境化目标):**
- N11_归属群体: finding community of people with hearing loss
- N10_自我确认: sharing strategies to be validated
- N01_确定性: managing hearing loss in concrete ways
- N13_情感慰藉: being accepted in the hearing-impaired community
- N06_摆脱痛苦: from hearing limitations

Distribution guess:
- N11_归属群体: 0.30
- N10_自我确认: 0.25
- N01_确定性: 0.20
- N13_情感慰藉: 0.15
- N06_摆脱痛苦: 0.10

**Appraisal:**
- goal_relevance: high (0.85) - this content directly addresses the topic
- congruence_direction: 促进 (promoting) - the act of sharing helps fulfill belonging/confirmation
- need_status: partially 已满足 (partially satisfied) - sharing itself partially satisfies
- goal_congruence: 正 (positive) - overall positive
- coping_potential: 中 (medium) - they have professional tools and personal strategies, but can't fully "fix" hearing loss

**Emotion Layer:**
The tone is matter-of-fact but reveals:
- approval认同: moderate (sharing to be recognized)
- nostalgia怀旧: low (61 years old, professional identity)
- relief宽慰: low-moderate (having strategies in place)
- admiration钦佩: low (self for being competent? or for others?)
- pride自豪: low (professional mastery)
- joy喜悦: low
- curiosity好奇: low

Main emotions:
- approval认同: 0.30
- relief宽慰: 0.20
- pride自豪: 0.15
- admiration钦佩: 0.10
- curiosity好奇: 0.10
- nostalgia怀旧: 0.15

**Action Tendency:**
- approach趋近: moderate (sharing, contributing to community)
- attend关注: moderate (attention to detail)
- dominate支配: low-moderate (professional mastery, control over environment)

Distribution:
- approach趋近: 0.35
- attend关注: 0.30
- dominate支配: 0.20
- agonistic对抗: 0.05
- reject拒斥: 0.05
- interrupt中断: 0.025
- avoidance回避: 0.025

Wait, the evidence needs to be from the actual text. Let me re-read:

"I am 61 and fit hearing devices in a clinic. I review test charts, place receivers in ears, and adjust volume controls. I hand clients written instructions, schedule follow-up visits, and note which sounds are detected in each session. I use captions on videos, face the window during conversations, and keep a notepad beside the keyboard."

Evidence for each layer:
- Desire: "I am 61 and fit hearing devices in a clinic" - professional identity
- Need: "I use captions on videos, face the window during conversations, and keep a notepad beside the keyboard" - personal coping
- Emotion: Hard to find explicit emotion words, but the matter-of-fact tone implies relief/stability
- Action: "I hand clients written instructions, schedule follow-up visits" - approach behaviors

Let me also reconsider: this is posted in a "hearing discussion" subreddit, so the author is participating in a community. The act of posting is itself a community-building action.

Actually, I want to be more careful. Let me think about this:

The content is a self-introduction/post. The author is sharing:
1. Who they are (61, hearing aid fitter)
2. What they do professionally (review test charts, place receivers, adjust volume, hand instructions, schedule follow-ups, note sounds)
3. Their personal coping strategies (captions, facing window, notepad)

The structure is interesting - it shows BOTH sides: their role helping others AND their own experience as someone who might also have hearing challenges.

This dual identity sharing in a hearing discussion forum suggests:
- A need to be seen/recognized (确认欲) - "I'm not just a professional, I'm also one of you"
- A need for belonging (归属欲) - joining the hearing community
- A need for control (控制欲) - showing both professional and personal mastery
- A need for safety (安全感欲) - structured, organized life

Let me finalize the analysis.

Actually, I realize I should think more carefully about whether this is truly a personal expression or whether it's some kind of neutral description. The note says:

"if it's NOT a personal expression (e.g., pure data table, terms template, manual, operating steps, code, catalog, log), return no_inferable_subject: true and explain why, don't construct a person for it."

The text is written in first person with personal details (age 61, personal coping strategies). It reads as a personal introduction/post. The "多 base 标定面板" note suggests it's calibration material, but the content itself is first-person personal expression.

I think this IS a personal expression, and I should reverse-engineer the author's psychology.

Let me finalize:

**Desire distribution:**
- 归属欲: 0.30 (sharing in hearing community)
- 确认欲: 0.25 (wanting to be recognized as both professional and fellow hearing-impaired)
- 安全感欲: 0.20 (managing hearing loss)
- 控制欲: 0.15 (structured coping + professional mastery)
- 摆脱欲: 0.10 (implicit - escape from limitations)

**Need distribution:**
- N11_归属群体: 0.30
- N10_自我确认: 0.25
- N01_确定性: 0.15 (personal + professional structure)
- N03_提升能力: 0.10 (sharing knowledge)
- N13_情感慰藉: 0.10
- N06_摆脱痛苦: 0.10

**Appraisal:**
- goal_relevance: 0.8
- congruence_direction: 促进
- need_status: 部分已满足
- goal_congruence: 正
- coping_potential: 中

**Emotion distribution:**
- approval认同: 0.30 (wanting to be recognized)
- pride自豪: 0.20 (professional competence)
- relief宽慰: 0.20 (having coping strategies)
- admiration钦佩: 0.10 (for self-competence or community)
- nostalgia怀旧: 0.10 (61, looking back on career?)
- curiosity好奇: 0.10

**Action tendency:**
- approach趋近: 0.35
- attend关注: 0.30
- dominate支配: 0.20
- agonistic对抗: 0.05
- interrupt中断: 0.05
- reject拒斥: 0.025
- avoidance回避: 0.025

Let me also think about the chain trace:

欲望X (归属欲) → 情境Y (在 hearing 论坛分享个人经验) → 需求Z (N11_归属群体) → 评价 (促进 + 部分已满足 + coping 中) → 情绪W (approval认同 + relief宽慰) → 行动倾向V (approach趋近 + attend关注)

Or more specifically:
"归属欲 → (在 reddit hearing 论坛分享) → N11_归属群体 (找到同类) → 评价:促进+已满足→正 → approval认同 + relief宽慰 → approach趋近"

Let me write the JSON now.

Wait, I should also consider whether the person themselves has hearing loss. The last three sentences: "I use captions on videos, face the window during conversations, and keep a notepad beside the keyboard." These are typical adaptations for someone with hearing loss:
- Captions on videos: to read what's said
- Facing the window during conversations: lip-reading (you face toward light to see the speaker's face)
- Notepad by keyboard: to write down things when you can't hear

So yes, this person has hearing loss themselves. They're a hearing aid fitter who also deals with hearing loss personally. This makes the dual identity even more meaningful.

Actually wait - "face the window during conversations" - this could mean facing the window to read lips (have light on speaker's face) or it could mean avoiding the window. Let me think... Actually, when you have hearing loss, you want to be able to see the speaker's face, so you want them to be facing a light source (like a window) for better lip-reading visibility. So "I face the window during conversations" might mean the person positions themselves so the window is behind the speaker, lighting their face.

OR it could mean the person faces away from the window (so they're not blinded by glare) to better see the speaker. Either way, it's a hearing-loss adaptation.

OK so the person has personal hearing challenges.

Let me finalize the JSON:

```json
{
  "desire_layer": {
    "distribution": {
      "拥有欲": 0.05,
      "成为欲": 0.05,
      "摆脱欲": 0.10,
      "确认欲": 0.25,
      "超越欲": 0.05,
      "归属欲": 0.30,
      "控制欲": 0.15,
      "安全感欲": 0.05,
      "向往欲": 0.0
    },
    "note": "61岁听力保健从业者+自身有听力困扰的双重身份在听力社群发帖：归属欲主导（找同类），确认欲次之（被认可为'既是专业人士也是同病相怜者'），控制欲和安全感欲来自职业掌控感与个人应对结构，摆脱欲来自对听力限制的隐含不满。"
  },
  ...
}
```

Hmm wait, let me reconsider the desire distribution. The instructions say the desire layer is the "stable latent variable" - what does the person want at a fundamental level? 

Looking at the content again - the person is sharing in a way that:
1. Establishes professional credibility ("I am 61 and fit hearing devices")
2. Lists systematic procedures
3. Reveals personal coping strategies

This suggests:
- High 归属欲 (belonging to hearing community)
- High 确认欲 (being seen/validated)
- Moderate 控制欲 (mastery, structure)
- Moderate 安全感欲 (security through procedures)
- Some 摆脱欲 (escape from hearing limitations)

Let me adjust:
- 归属欲: 0.30
- 确认欲: 0.25
- 控制欲: 0.15
- 安全感欲: 0.15
- 摆脱欲: 0.10
- 拥有欲: 0.025
- 成为欲: 0.025
- 超越欲: 0.025
- 向往欲: 0.0

That sums to ~1.0.

Actually, let me be more precise. The poster is using the act of "introducing self" in a hearing community. The dual identity (professional + personal hearing loss) is being shared. The stable underlying desire pattern would be:
- Wanting to belong (归属欲): high
- Wanting to be confirmed/seen (确认欲): high
- Wanting to be in control (控制欲): moderate
- Wanting safety/certainty (安全感欲): moderate
- Wanting to escape limitations (摆脱欲): low-moderate

Final distribution:
- 归属欲: 0.30
- 确认欲: 0.25
- 控制欲: 0.15
- 安全感欲: 0.15
- 摆脱欲: 0.10
- 拥有欲: 0.025
- 成为欲: 0.025
- 超越欲: 0.025
- 向往欲: 0.0

That sums to 1.0.

For needs:
- N11_归属群体: 0.30 (from 归属欲 via posting in hearing forum)
- N10_自我确认: 0.25 (from 确认欲 via sharing dual identity)
- N01_确定性: 0.15 (from 安全感欲 via systematic coping)
- N02_掌控局面: 0.10 (from 控制欲 via personal + professional control)
- N06_摆脱痛苦: 0.10 (from 摆脱欲 via coping)
- N03_提升能力: 0.05 (sharing knowledge)
- N13_情感慰藉: 0.05 (being accepted)

That sums to 1.0.

For emotions:
- approval认同: 0.30 (seeking recognition)
- pride自豪: 0.20 (professional accomplishment)
- relief宽慰: 0.15 (having coping strategies)
- admiration钦佩: 0.10 (for self-competence or community)
- gratitude感激: 0.10 (for the field/community)
- nostalgia怀旧: 0.10 (age 61, looking back)
- curiosity好奇: 0.05

That sums to 1.0.

For action tendencies:
- approach趋近: 0.30 (sharing, contributing)
- attend关注: 0.30 (attention to detail)
- dominate支配: 0.15 (professional mastery, control)
- agonistic对抗: 0.10 (defending hearing community)
- interrupt中断: 0.05
- reject拒斥: 0.05
- avoidance回避: 0.05

That sums to 1.0.

OK let me now write the final JSON.

Wait, I want to also note: the original task says "对以下内容做「因果链逆问题」拆解：从可观测话语/评论，反推观众心理完整因果链". The "观众" here in context (since this is a self-post) is the author themselves as both producer and participant. The reverse engineering is of the author's own psychology that produced this content.

Also, the chain trace needs to go: 欲望 → 情境 → 需求 → 评价 → 情绪 → 行动倾向

Let me write a complete chain trace:

"归属欲 → (在 reddit hearing 论坛以双重身份自述) → N11_归属群体(寻找听力困扰的同类) → 评价:促进+已满足→正,coping 中 → approval认同+relief宽慰 → approach趋近+attend关注 的完整推导"

Or as one sentence: "归属欲 → 在 hearing 论坛发帖分享双重身份(职业扶助者+自身听力困扰者) → N11_归属群体(找到同类) → 评价: 促进且部分已满足, 正情绪, coping 中 → approval认同(被认可)+relief宽慰(有应对策略) → approach趋近(主动参与社群)+attend关注(细节化自我展示)"

Let me write this out properly.

Actually, let me reconsider evidence. The text says:

"I am 61 and fit hearing devices in a clinic. I review test charts, place receivers in ears, and adjust volume controls. I hand clients written instructions, schedule follow-up visits, and note which sounds are detected in each session. I use captions on videos, face the window during conversations, and keep a notepad beside the keyboard."

Evidence for desire:
- 归属欲: posting in hearing discussion forum (context)
- 确认欲: "I am 61 and fit hearing devices in a clinic" - establishing identity
- 控制欲: detailed description of systematic procedures
- 安全感欲: "I use captions on videos, face the window during conversations, and keep a notepad beside the keyboard" - structured coping

Evidence for need:
- N11_归属群体: posting in hearing community
- N10_自我确认: sharing dual identity
- N01_确定性: systematic personal + professional structure

Evidence for emotion:
- approval: implicit in seeking recognition
- pride: "I am 61 and fit hearing devices" - professional accomplishment
- relief: coping strategies in place

Evidence for action:
- approach: "I hand clients written instructions, schedule follow-up visits"
- attend: detailed self-disclosure
- dominate: professional control

OK let me write the final JSON now.

Actually, looking at the text again - the tone is very matter-of-fact, almost clinical. There's no strong emotional content. The person is describing their life and work in a structured, almost detached way. This suggests:
- Low emotional intensity overall
- Dominant emotions might be: approval (recognition-seeking) and pride (mastery)
- Other emotions like relief, gratitude are backgrounded

Let me also consider: the person is 61, which is near retirement age. They might be reflecting on their career and personal journey. The fact that they're still working and adapting to hearing loss shows resilience.

OK final distribution:

Desire:
- 归属欲: 0.30
- 确认欲: 0.25
- 控制欲: 0.15
- 安全感欲: 0.15
- 摆脱欲: 0.10
- 拥有欲: 0.025
- 成为欲: 0.025
- 超越欲: 0.025
- 向往欲: 0.0

Wait, this doesn't quite work. Let me think again about what "向往欲" vs "归属欲" means.

向往欲: 想进入/住进/成为内容展示的那个画面——对未拥有的生活方式/空间/状态的想象性代入

归属欲: 想找到同类/想属于某个群体

The person is not really "向往ing" a lifestyle/space/aesthetic. They're seeking belonging and recognition. So 向往欲 = 0.

成为欲: 想成为视频里那种人

The person might want to be seen as a "competent professional who handles hearing loss well" - that's a becoming desire, but it's also confirmation. I think it's more confirmation than becoming.

Let me adjust:
- 归属欲: 0.30
- 确认欲: 0.30
- 控制欲: 0.15
- 安全感欲: 0.10
- 摆脱欲: 0.10
- 超越欲: 0.05

That sums to 1.0.

Hmm, but the structure is "I am 61 AND fit hearing devices" - this is presenting two identities. The first sentence establishes age, the second establishes professional role. The rest is detailed work description. The last three sentences reveal personal coping.

The dominant pattern is: "I'm a person who fits hearing devices AND has personal hearing challenges, and I cope with both systematically." This is dual identity presentation seeking recognition from the hearing community.

OK let me finalize:

Desire:
- 归属欲: 0.30 (sharing in hearing forum = seeking community)
- 确认欲: 0.30 (dual identity presentation = seeking validation)
- 控制欲: 0.15 (professional + personal mastery)
- 安全感欲: 0.10 (structured coping)
- 摆脱欲: 0.10 (implicit escape from limitations)
- 超越欲: 0.05 (mastery = transcendence)

Sum: 1.0

Need:
- N11_归属群体: 0.30
- N10_自我确认: 0.30
- N02_掌控局面: 0.10
- N01_确定性: 0.10
- N06_摆脱痛苦: 0.10
- N09_获得地位: 0.05
- N13_情感慰藉: 0.05

Sum: 1.0

Wait, the instructions say I need to derive each need from a specific desire via a specific contextual event. Let me make sure my chain_trace captures this.

For emotion:
- approval认同: 0.30 (recognition-seeking)
- pride自豪: 0.20 (mastery)
- relief宽慰: 0.15 (coping strategies)
- admiration钦佩: 0.10 (for self/others)
- gratitude感激: 0.10 (community)
- nostalgia怀旧: 0.10 (age 61)
- curiosity好奇: 0.05

Sum: 1.0

For action tendency:
- approach趋近: 0.30 (sharing, contributing)
- attend关注: 0.25 (detailed self-disclosure)
- dominate支配: 0.15 (professional mastery)
- agonistic对抗: 0.10 (defending community)
- reject拒斥: 0.10
- interrupt中断: 0.05
- avoidance回避: 0.05

Sum: 1.0

OK let me write the final JSON now.

Actually wait, I realize I should consider: the text is "I am 61 and fit hearing devices in a clinic" - this could also be interpreted as "I am 61 and I am capable of fitting hearing devices" (asserting competence at an older age), or it could be "I am 61, and as a profession, I fit hearing devices."

Either way, the dual identity (age + profession) is being stated upfront. This is a self-presentation that establishes credibility and seeks recognition.

The structured list of work activities (review test charts, place receivers, adjust volume, hand instructions, schedule follow-ups, note sounds) shows:
- Professional competence
- Systematic approach
- Attention to detail

The last three personal coping strategies (captions, facing window, notepad) show:
- Personal vulnerability (hearing loss)
- Adaptive strategies
- Continued self-management

The transition from professional description to personal coping is meaningful - it shows the author's lived experience, not just their role.

This is a common pattern in self-introductions in support communities: "I'm a professional in this field AND I'm also a person with this condition."

OK let me finalize the JSON.

One more consideration: the appraisal layer.

Appraisal:
- goal_relevance: 0.85 (content directly addresses the topic of hearing)
- congruence_direction: 促进 (the act of sharing helps fulfill belonging/confirmation)
- need_status: 已满足 (the act of sharing satisfies belonging/confirmation)
- goal_congruence: 正 (positive, because of the above)
- coping_potential: 中 (the person has professional + personal tools but can't fully cure hearing loss)

Note: The "促进" + "已满足" → positive evaluation → positive emotion (approval, pride, relief)

This all makes sense.

Let me write the JSON now.

Actually, I realize I might be over-thinking this. Let me also consider that the instructions say:

"若有这段内容确实是某一个人写下的自我表达，请对『写下这段内容的这一个人』反推其心理因果链四层占比分布——这是一个个体，不是群体。"

So we're reverse-engineering the psychology of the SINGLE PERSON who wrote this.

The text is in first person and provides personal details (age 61, profession, personal coping strategies). This is clearly a personal expression. The "多 base 标定面板" is just the calibration context for the annotation task.

OK final JSON:

```json
{
  "desire_layer": {
    "distribution": {
      "拥有欲": 0.0,
      "成为欲": 0.0,
      "摆脱欲": 0.10,
      "确认欲": 0.30,
      "超越欲": 0.05,
      "归属欲": 0.30,
      "控制欲": 0.15,
      "安全感欲": 0.10,
      "向往欲": 0.0
    },
    "note": "61岁听力保健从业者，自身亦有听力困扰，在 hearing subreddit 双重身份自述。归属欲主导——加入听力社群寻找同类；确认欲并列——通过'专业人士+同病者'双重身份获得被理解与被代表；控制欲来自职业系统化操作与个人应对策略；摆脱欲隐含来自听力限制；安全感欲来自结构化生活。超越欲较弱，只体现为专业上的自我超越（年长仍胜任）。"
  },
  "need_layer": [
    {
      "code": "N11_归属群体",
      "context_slot": "61岁自身有听力困扰的助听器验配师在听力讨论论坛发帖双重身份自述",
      "weight": 0.30,
      "derived_from": "由归属欲(找同类)经'在 hearing 论坛以双重身份出现'情境衍生"
    },
    {
      "code": "N10_自我确认",
      "context_slot": "在听力社群公开'既是扶助者又是同病者'的双重身份",
      "weight": 0.30,
      "derived_from": "由确认欲(被认同被代表)经'展示双重身份+系统化操作清单'情境衍生"
    },
    {
      "code": "N02_掌控局面",
      "context_slot": "专业流程(审图、放受话器、调音量、写说明、约复诊、记声音) + 个人应对(字幕、窗边谈话、便签)",
      "weight": 0.10,
      "derived_from": "由控制欲经'职业与个人双重掌控'情境衍生"
    },
    {
      "code": "N01_确定性",
      "context_slot": "面对渐进性听力损失与复杂验配工作",
      "weight": 0.10,
      "derived_from": "由安全感欲(消除不确定性)经'系统化流程+固定应对策略'情境衍生"
    },
    {
      "code": "N06_摆脱痛苦",
      "context_slot": "听力损失带来的日常不适(看不到字幕/听不清/记不住)",
      "weight": 0.10,
      "derived_from": "由摆脱欲经'通过字幕/窗边/便签减轻听力损失不适'情境衍生"
    },
    {
      "code": "N09_获得地位",
      "context_slot": "61岁仍在一线验配，职业身份与隐性专业权威",
      "weight": 0.05,
      "derived_from": "由超越欲(超越同龄/超越听力损失)经'61岁仍胜任验配师'情境衍生"
    },
    {
      "code": "N13_情感慰藉",
      "context_slot": "在听力论坛寻找被接纳的同病者群体",
      "weight": 0.05,
      "derived_from": "由归属欲(被动接受层面)经'希望被无条件接纳'情境衍生"
    }
  ],
  "appraisal": {
    "goal_relevance": 0.85,
    "congruence_direction": "促进",
    "need_status": "已满足",
    "goal_congruence": "正",
    "coping_potential": "中",
    "note": "发帖这一行为本身就在接近其归属与确认目标——通过双重身份自述让社群识别'自己人'，是促进+已满足的正向闭环。但听力损失本身无法根本解决（coping 中），所以正向情绪强度被'未根治'的隐忧所限制，因此 emotion 强度偏中等且偏平稳型（approval/pride/relief），不是高强度 joy 或 admiration。"
  },
  "emotion_layer": {
    "distribution": {
      "admiration钦佩": 0.10,
      "joy喜悦": 0.0,
      "gratitude感激": 0.10,
      "desire渴望": 0.0,
      "nostalgia怀旧": 0.10,
      "pride自豪": 0.20,
      "love爱": 0.0,
      "relief宽慰": 0.15,
      "approval认同": 0.30,
      "curiosity好奇": 0.05,
      "fear恐惧": 0.0,
      "sadness悲伤": 0.0,
      "anger愤怒": 0.0
    },
    "note": "由需求(N10/N11) × goal_congruence=正 派生出 approval认同(被社群识别为同类)和 pride自豪(双重身份的胜任感)；由 coping=中(无法根治)叠加 N06 部分已满足 派生出 relief宽慰(已建立应对策略但有限)；admiration 与 gratitude 来自对自身职业/同行的隐性评价；nostalgia 来自 61 岁的年龄与职业回顾色彩；整体无 fear/sadness/anger 等负向情绪，因为发帖行为本身已在心理上完成一次自我接纳。"
  },
  "action_tendency_layer": {
    "distribution": {
      "approach趋近": 0.30,
      "avoidance回避": 0.05,
      "attend关注": 0.25,
      "reject拒斥": 0.10,
      "agonistic对抗": 0.10,
      "interrupt中断": 0.05,
      "dominate支配": 0.15
    },
    "note": "发帖即 approach(主动加入社群)；详细列流程与应对方式即 attend(向内观察+向外展示)；'I fit hearing devices' 与整套标准化操作即 dominate(对局面的职业性支配)；reject 与 agonistic 来自对听力损失限制的隐性拒斥与对抗(通过应对策略发起轻度对抗)。avoidance 微弱，interrupt 微弱。"
  },
  "chain_trace": "归属欲+确认欲 →(61岁双重身份者在 hearing 论坛自述)→ N11_归属群体(找同类)+N10_自我确认(被认同被代表) → 评价:促进+已满足→正，coping 中 → approval认同+pride自豪+relief宽慰(强度被coping中压低) → approach趋近(发帖)+attend关注(细颗粒自我披露)+dominate支配(职业掌控)的连贯推导。",
  "evidence": {
    "desire": "'I am 61 and fit hearing devices in a clinic' + 'I use captions on videos, face the window during conversations, and keep a notepad beside the keyboard' 双重身份自陈；'在 hearing discussion' 平台语境",
    "need": "'I review test charts, place receivers in ears, and adjust volume controls. I hand clients written instructions, schedule follow-up visits' 系统化操作指向掌控/确定性；'I use captions on videos, face the window during conversations, and keep a notepad beside the keyboard' 指向减轻痛苦/控制",
    "emotion": "整体语气平稳、列表式、无明显情绪词——稳态 approval/pride/relief 来自'已完成应对体系'的隐含陈述",
    "action": "'I hand clients written instructions, schedule follow-up visits' = approach+dominate；细颗粒自我披露 = attend；隐含对听力损失的不甘 = agonistic(轻度对抗)"
  }
}
```

Wait, let me double-check the sums:
- Desire: 0.10 + 0.30 + 0.05 + 0.30 + 0.15 + 0.10 = 1.0 ✓
- Need: 0.30 + 0.30 + 0.10 + 0.10 + 0.10 + 0.05 + 0.05 = 1.0 ✓
- Emotion: 0.10 + 0.10 + 0.10 + 0.20 + 0.15 + 0.30 + 0.05 = 1.0 ✓
- Action: 0.30 + 0.05 + 0.25 +

===== 2026-08-20 15:06:27 knot_s1_T0.0 =====
```json
{
  "desire_layer": {
    "distribution": {
      "拥有欲": 0.15,
      "成为欲": 0.05,
      "摆脱欲": 0.15,
      "确认欲": 0.05,
      "超越欲": 0.10,
      "归属欲": 0.02,
      "控制欲": 0.30,
      "安全感欲": 0.18,
      "向往欲": 0.00
    },
    "note": "控制欲最强——'paying less now means that I'm in a position to upgrade... sooner'显示对消费节奏与升级时机的主动支配；安全感欲次之——'prices are all over the place'暴露对市场混乱/买错风险的警觉；摆脱欲隐含听力损失的底层不适；超越欲体现在'next generation'的前瞻性自我升级；拥有欲/成为欲为弱背景。"
  },
  "need_layer": [
    {
      "code": "N02_掌控局面",
      "context_slot": "助听器价格混乱、技术快速迭代，自己已做出'少花钱以便更快升级'的战略决策",
      "weight": 0.35,
      "derived_from": "由控制欲经'助听器选购决策'情境事件衍生——夺回消费主导权"
    },
    {
      "code": "N01_确定性",
      "context_slot": "助听器价格'are all over the place'，处于信息不对称与市场快速变化的不确定处境",
      "weight": 0.25,
      "derived_from": "由安全感欲经'价格混乱+技术换代'情境衍生——把不确定性降到可接受范围"
    },
    {
      "code": "N05_优化效率",
      "context_slot": "在'现在少付'与'更快换下一代'之间做时间/金钱的优化配置",
      "weight": 0.20,
      "derived_from": "由控制欲+超越欲经'代际升级窗口'情境衍生——用更少的钱/时间达到更好的结果"
    },
    {
      "code": "N03_提升能力",
      "context_slot": "建议对方先做听力测试，自己也在迭代对助听器选购方法论的认知",
      "weight": 0.20,
      "derived_from": "由控制欲+摆脱欲经'被问及购买建议'情境衍生——给出可迁移的入手步骤"
    }
  ],
  "appraisal": {
    "goal_relevance": 0.8,
    "congruence_direction": "促进",
    "need_status": "已满足",
    "goal_congruence": "正",
    "coping_potential": "高",
    "note": "说话人已形成清晰的'少付早升+先做测试'策略，目标高度相关（高相关度）、内容完全自洽于自己的目标（促进）、当场给出了可执行答案（已满足）、自评应对能力强（高潜能），因此下行情绪应为正价类（认同/宽慰/自豪/好奇），强度中等偏上。"
  },
  "emotion_layer": {
    "distribution": {
      "admiration钦佩": 0.05,
      "joy喜悦": 0.05,
      "gratitude感激": 0.02,
      "desire渴望": 0.15,
      "nostalgia怀旧": 0.00,
      "pride自豪": 0.20,
      "love爱": 0.00,
      "relief宽慰": 0.20,
      "approval认同": 0.18,
      "curiosity好奇": 0.10,
      "fear恐惧": 0.02,
      "sadness悲伤": 0.00,
      "anger愤怒": 0.03
    },
    "note": "由'目标相关度高 × 促进 × 已满足 × 高应对潜能'导出正价情绪簇：pride自豪(对自己策略满意)+relief宽慰(对价格混乱有了自己的解法)+approval认同(对'rapid change'判断的自我背书)+desire渴望(对'next generation'的期待)+curiosity好奇(对技术迭代的关注)；微量fear/anger是'prices all over the place'残留的轻微负向底色。"
  },
  "action_tendency_layer": {
    "distribution": {
      "approach趋近": 0.40,
      "avoidance回避": 0.05,
      "attend关注": 0.25,
      "reject拒斥": 0.02,
      "agonistic对抗": 0.03,
      "interrupt中断": 0.10,
      "dominate支配": 0.15
    }
  },
  "chain_trace": "控制欲(+安全感欲/超越欲) →(助听器价格混乱+技术快速迭代的情境事件)→ 需求N02_掌控局面(夺回消费主导权)+N01_确定性+N05_优化效率+N03_提升能力 →(评价：高目标相关度+促进+已满足+高应对潜能→正价)→ 情绪pride自豪+relief宽慰+approval认同+desire渴望+curiosity好奇 → 行动倾向approach趋近(购买/升级决策)+attend关注(跟踪技术)+dominate支配(输出方法论)+interrupt中断(插入听力测试建议) 的完整推导。"
  "evidence": {
    "desire": "paying less now means that I'm in a position to upgrade to the next generation of aids sooner",
    "need": "prices are all over the place; I'd start with a hearing test (you don't mention if you've had one); upgrade to the next generation of aids sooner",
    "emotion": "I think we're hitting a period of rapid change in hearing aid technology",
    "action": "I'd start with a hearing test"
  }
}
```

===== 2026-08-20 15:14:55 knot_s1_T0.0 =====
```json
{
  "desire_layer": {
    "distribution": {
      "拥有欲": 0.28,
      "成为欲": 0.02,
      "摆脱欲": 0.14,
      "确认欲": 0.05,
      "超越欲": 0.00,
      "归属欲": 0.00,
      "控制欲": 0.18,
      "安全感欲": 0.32,
      "向往欲": 0.01
    },
    "note": "安全感欲最高:买家最怕'花大钱后还要再掏钱/被坑'，所以对保修覆盖、receiver坏了怎么办、是否要续会员才能保修反复追问;拥有欲次之:已经决定'about to buy'，目标是把HA拿到手;控制欲来自'phone tag'那段——他想掌控自己的时间表而不是被门店回电牵着走;摆脱欲是底层听力困扰带来的隐含动机;确认欲对应'我选Costco这条路对不对'(略低)."
  },
  "need_layer": [
    {"code": "N01_确定性", "context_slot": "首次购入助听器,面对未知的保修范围/额外费用/续费条件", "weight": 0.30, "derived_from": "由'安全感欲'经'即将在Costco购入HA、保修细则不明'衍生"},
    {"code": "N07_占有资源", "context_slot": "已经把助听器作为待购目标,关注的是价格/充电器/延保等可购买标的", "weight": 0.25, "derived_from": "由'拥有欲'经'about to buy some new HAs'衍生"},
    {"code": "N02_掌控局面", "context_slot": "门店电话打不通,只能在工作间隙被回电,陷入被动等待", "weight": 0.15, "derived_from": "由'控制欲'经'frustrating game of phone tag, they don't answer the phone'衍生"},
    {"code": "N05_优化效率", "context_slot": "希望用最少的时间完成预约/到店调整,而不是被流程消耗", "weight": 0.12, "derived_from": "由'控制欲+拥有欲'经'不能walk in必须appointment,还要续保'衍生"},
    {"code": "N03_提升能力", "context_slot": "新用户需要建立'HA选购与售后'这套知识", "weight": 0.10, "derived_from": "由'安全感欲'经'Is there anything else I need to know about purchasing through Costco'衍生"},
    {"code": "N06_摆脱痛苦", "context_slot": "当前HA已用5年,新购是为了解决听力下降带来的生活不便(隐含)", "weight": 0.08, "derived_from": "由'摆脱欲'经'需要新助听器替代旧机'衍生"}
  ],
  "appraisal": {
    "goal_relevance": 0.85,
    "congruence_direction": "威胁",
    "need_status": "未满足",
    "goal_congruence": "负",
    "coping_potential": "中",
    "note": "高度相关——这是他近期最大决策;但当前情境是'威胁':门店电话打不通=流程障碍,保修未知+可能再付费=经济风险,都需要先解决才能下单;应对潜能给'中'——他清楚自己解决不了,所以把问题抛给社区求助,知道答案在人群里."
  },
  "emotion_layer": {
    "distribution": {
      "admiration钦佩": 0.00,
      "joy喜悦": 0.02,
      "gratitude感激": 0.00,
      "desire渴望": 0.20,
      "nostalgia怀旧": 0.00,
      "pride自豪": 0.00,
      "love爱": 0.00,
      "relief宽慰": 0.00,
      "approval认同": 0.05,
      "curiosity好奇": 0.35,
      "fear恐惧": 0.18,
      "sadness悲伤": 0.05,
      "anger愤怒": 0.15
    },
    "note": "curiosity好奇最高——大量开放式问题,'have some questions... Is there anything else I need to know';desire渴望来自N07占有资源已确定目标;fear恐惧由N01确定性缺失+未满足→害怕'pay more out of pocket than the original purchase price';anger愤怒由'frustrating game of phone tag'直接给出;sadness是对'又要花钱/又要折腾'的轻微低落;joy/relief几乎为0因为还没得到任何答案."
  },
  "action_tendency_layer": {
    "distribution": {
      "approach趋近": 0.35,
      "avoidance回避": 0.08,
      "attend关注": 0.40,
      "reject拒斥": 0.02,
      "agonistic对抗": 0.05,
      "interrupt中断": 0.02,
      "dominate支配": 0.08
    },
    "note": "approach趋近+attend关注是主轴:已经准备买且正在密集收集信息;avoidance+reject是若有'延保不划算/还要续会员'会被劝退的可能;agonistic对抗对应他对phone tag流程的不满;dominate支配是他想自己掌控时间表的倾向."
  },
  "chain_trace": "安全感欲(怕踩坑/怕再付费)+拥有欲(想拿到HA) →(即将在Costco购入助听器,保修范围与门店流程均不明)→ 需求N01_确定性(把保修/费用/续费条件搞清楚)+N07_占有资源(把HA弄到手)+N02_掌控局面(不再被phone tag牵着走) →(评价:goal_relevance=0.85高度相关,congruence_direction=威胁,need_status=未满足,goal_congruence=负,coping_potential=中——他自己解不了,转而求助于社区)→ 情绪curiosity好奇(密集提问)+fear恐惧(怕超支)+anger愤怒(对phone tag)+desire渴望 → 行动倾向attend关注(海量信息收集)+approach趋近(已决心购买)+dominate支配(想绕过电话流程)+agonistic对抗(对门店流程不满).",
  "evidence": {
    "desire": "about to buy some new has", "is the only way to schedule an appointment by phone?... frustrating game of phone tag", "Does that cover everything that might go wrong, or are there some situations where I might have to pay more out of pocket than the original purchase price?",
    "need": "Does that cover everything that might go wrong?"(N01); "about to buy some new has... charger included or extra? ... how much does it cost?"(N07); "it becomes a frustrating game of phone tag... I'm working and can't always take personal calls"(N02); "I don't see an online scheduling option... Any suggestions or work arounds"(N05); "Is there anything else I need to know about purchasing through Costco?"(N03); "I've had my current pair for more than 5 years"(N06隐含,旧机到期)",
    "emotion": "have some questions... Any suggestions or work arounds"(curiosity); "are there some situations where I might have to pay more out of pocket than the original purchase price"(fear); "it becomes a frustrating game of phone tag"(anger/frustration); "Is it worth it to buy one? ... I believe there's a 3 year warranty"(desire+uncertainty)",
    "action": "about to buy"(approach); "have some questions ... Does anyone here have an extended warranty? How long can you extend for and how much does it cost?"(attend); "Any suggestions or work arounds for scheduling appointments?"(dominate+agonistic); "Or is battery powered better?"(avoidance的备选)"
  }
}
```

===== 2026-08-20 15:18:11 knot_s1_T0.0 =====
```json
{
  "desire_layer": {
    "distribution": {
      "拥有欲": 0.05,
      "成为欲": 0.02,
      "摆脱欲": 0.35,
      "确认欲": 0.18,
      "超越欲": 0.02,
      "归属欲": 0.03,
      "控制欲": 0.20,
      "安全感欲": 0.15,
      "向往欲": 0.00
    },
    "note": "核心欲望由三股构成：摆脱欲被坏掉的助听器、超保期拒赔、附加损伤(充电口)同时激活；控制欲体现在自决是否买 90 美元充电器、改用 8 美元电池的转向；安全感欲被'三年保修到期/无延保'的制度性漏洞触发；确认欲驱动把经历落到可被同好/同病相怜者验证的文本里。拥有欲仅残存(想要的是'可用的助听器'而非更多)。归属欲微弱(疑似在听力相关 subreddit 发贴寻找同类)。向往欲/超越欲/成为欲几乎不激活。"
  },
  "need_layer": [
    {
      "code": "N06_摆脱痛苦",
      "context_slot": "助听器 receiver 断裂、等待 45 分钟、被告知保修过期 14 个月、被发现充电口也坏了，叠加时间和金钱的持续损耗",
      "weight": 0.25,
      "derived_from": "由<摆脱欲>经<助听器在保修外损坏且无延保>这一情境事件衍生——核心是想让'坏掉+被多收费+服务糟'这串负状态停掉"
    },
    {
      "code": "N01_确定性",
      "context_slot": "三年的保修边界在哪里、能不能买延保、维修单价、充电器要不要换——信息全靠问且答案都不利",
      "weight": 0.20,
      "derived_from": "由<安全感欲>经<无延保、费用不可预期>衍生——需要把'风险敞口还有多大、还可能被告知什么坏消息'搞清楚"
    },
    {
      "code": "N02_掌控局面",
      "context_slot": "现场出现多个临场决策点(是否买 90 美元充电器、是否继续走延保、是否先续会员费)，
      "weight": 0.20,
      "derived_from": "由<控制欲>经<服务方不断推送新费用项>衍生——'我先决定买不买、买哪个方案'是夺回主导权"
    },
    {
      "code": "N10_自我确认",
      "context_slot": "把整段经历以时间线+金额+对话原话的形式落到一个公开讨论版面",
      "weight": 0.20,
      "derived_from": "由<确认欲>经<把过程结构化记录并发到讨论区>衍生——希望读者/同类确认'这是糟糕的、被坑了的体验'"
    },
    {
      "code": "N07_占有资源",
      "context_slot": "想要一台真正能用、原厂保修期内的助听器(目前只换来一个临时电池方案)",
      "weight": 0.15,
      "derived_from": "由<拥有欲/摆脱欲混合>经<维修后仍要靠一次性电池兜底>衍生——'可用设备'这个可占有目标没真正到手"
    }
  ],
  "appraisal": {
    "goal_relevance": 0.85,
    "congruence_direction": "威胁",
    "need_status": "未满足",
    "goal_congruence": "负",
    "coping_potential": "中",
    "note": "情境与当事人'少花钱、修好、少风险'三重目标高度相关；内容连续揭示三层坏消息(过保、不能延保、充电口也坏、还多花 170+ 美元)，每一条都让目标更受威胁且当场没解决——属于典型的'威胁+未满足'组合，应对潜能中等(可以靠电池撑、可以拒绝 90 美元充电器，但不能解决根本风险)，因此情绪偏负、以愤怒为主，伴随恐惧/悲伤与少量宽慰。"
  },
  "emotion_layer": {
    "distribution": {
      "admiration钦佩": 0.02,
      "joy喜悦": 0.03,
      "gratitude感激": 0.02,
      "desire渴望": 0.05,
      "nostalgia怀旧": 0.00,
      "pride自豪": 0.03,
      "love爱": 0.00,
      "relief宽慰": 0.10,
      "approval认同": 0.10,
      "curiosity好奇": 0.05,
      "fear恐惧": 0.10,
      "sadness悲伤": 0.10,
      "anger愤怒": 0.40
    },
    "note": "由'威胁+未满足+高相关+中应对'推出主导情绪为 anger(对保修制度、不能延保、充电器一并损坏、被连续加价)；relief 仅来自临时的电池方案'能听见'的最低兜底；fear 来自对下一次故障无保护的预期；sadness 来自'被自己的延保缺位反噬'的失望；approval 是把整件事写下来后获得'我做对了一系列选择(拒绝 90 美元充电器、改买电池)'的自我认同。"
  },
  "action_tendency_layer": {
    "distribution": {
      "approach趋近": 0.15,
      "avoidance回避": 0.10,
      "attend关注": 0.20,
      "reject拒斥": 0.15,
      "agonistic对抗": 0.30,
      "interrupt中断": 0.00,
      "dominate支配": 0.10
    },
    "note": "agonistic 最强——把整段经历用发票式语言钉成'呈堂证供'是为了对质 Costco/助听器品牌；attend 表现为逐条记录金额、时长、对话；reject 直接体现在'I declined the offer'；dominate 体现在'我先问延保→我决定买不买→我选择换电池'的决策链；approach 体现为续会员+修机+买电池的持续投入；avoidance 体现在主动绕开 90 美元充电器的潜在陷阱。"
  },
  "chain_trace": "摆脱欲+控制欲+安全感欲 →(情境Y:助听器坏了+保修过期14个月+无延保+充电口也坏+被叠加收费)→ 需求Z: N06_摆脱痛苦 / N01_确定性 / N02_掌控局面 / N10_自我确认 / N07_占有资源 →(评价:goal_relevance 0.85, 威胁, 未满足, 负, coping 中)→ 情绪W: anger 为主,辅以 relief/fear/sadness/approval → 行动倾向V: agonistic(对质式记录)+ attend(逐条记账)+ reject(拒绝 90 美元充电器)+ dominate(自己决定方案)+ approach(继续付费修好)",
  "evidence": {
    "desire": "I walked into the Costco audiology department yesterday to return my broken hearing aids(摆脱欲/安全感欲); I asked the clerk about purchasing an extended warranty for the devices(安全感欲/控制欲); I declined the offer and purchased a pack of size 13 batteries for eight dollars instead(控制欲/摆脱欲)",
    "need": "The attendant inspected the units and stated the three-year warranty had expired fourteen months ago(N01_确定性/N06_摆脱痛苦); The clerk shook her head and stated that Costco does not offer extended warranties beyond the initial three-year term(N01_确定性); She offered to order a replacement charger for ninety dollars. I declined the offer(N02_掌控局面); I inserted the batteries into the hearing aids, placed them in my ears, and walked out of the building(N06_摆脱痛苦/最小可接受方案)",
    "emotion": "我付了一百四十美元的接收器+三十美元的调音+八美元电池+九十美元的会员年费，被连续加价且没有延保——这串事实的语气就是 anger; relief 来自'我能听见'的临时兜底; fear 藏在'无延保+充电口也坏了'的下一台机器悬念里; sadness 来自'原来保修早过了'的无力; approval 在'我做了正确选择(拒绝 90 美元充电器)'里",
    "action": "整篇呈'发票式叙事'本身就是 agonistic + attend 的可观测行为; 'I declined the offer' 是 reject; 'I had renewed my Costco membership at the front entrance prior to entering' 是 approach(继续投入); 'I asked the clerk about purchasing an extended warranty' 是 dominate(试图夺取规则信息)"
  }
}
```

===== 2026-08-20 15:22:33 knot_s2_d3 [empty] =====
<EMPTY>

===== 2026-08-20 15:22:34 knot_s1_T0.3 [empty] =====
<EMPTY>

===== 2026-08-20 15:22:34 knot_s2_d1 [empty] =====
<EMPTY>

===== 2026-08-20 15:22:35 knot_s2_d4 [empty] =====
<EMPTY>

===== 2026-08-20 15:22:35 knot_s1_T0.6 [empty] =====
<EMPTY>

===== 2026-08-20 15:22:36 knot_s2_d0 [empty] =====
<EMPTY>

===== 2026-08-20 15:22:37 knot_s2_d4 [empty] =====
<EMPTY>

===== 2026-08-20 15:22:54 knot_s2_d1 [empty] =====
<EMPTY>

===== 2026-08-20 15:22:55 knot_s1_T0.6 [empty] =====
<EMPTY>

===== 2026-08-20 15:22:56 knot_s2_d3 [empty] =====
<EMPTY>

===== 2026-08-20 15:23:00 knot_s1_T0.6 [empty] =====
<EMPTY>

===== 2026-08-20 15:23:04 knot_s1_T0.6 [empty] =====
<EMPTY>

===== 2026-08-20 15:23:04 knot_s1_T0.0 [empty] =====
<EMPTY>

===== 2026-08-20 15:23:04 knot_s1_T0.0 [empty] =====
<EMPTY>

===== 2026-08-20 15:23:05 knot_s1_T0.3 [empty] =====
<EMPTY>

===== 2026-08-20 15:23:05 knot_s2_d4 [empty] =====
<EMPTY>

===== 2026-08-20 15:23:06 knot_s2_d1 [empty] =====
<EMPTY>

===== 2026-08-20 15:23:06 knot_s2_d2 [empty] =====
<EMPTY>

===== 2026-08-20 15:23:06 knot_s2_d3 [empty] =====
<EMPTY>

===== 2026-08-20 15:23:06 knot_s2_d0 [empty] =====
<EMPTY>

===== 2026-08-20 15:23:07 knot_s1_T0.0 [empty] =====
<EMPTY>

===== 2026-08-20 15:23:07 knot_s1_T0.6 [empty] =====
<EMPTY>

===== 2026-08-20 15:23:07 knot_s1_T0.0 [empty] =====
<EMPTY>

===== 2026-08-20 15:23:07 knot_s1_T0.3 [empty] =====
<EMPTY>

===== 2026-08-20 15:23:07 knot_s2_d4 [empty] =====
<EMPTY>

===== 2026-08-20 15:23:07 knot_s2_d1 [empty] =====
<EMPTY>

===== 2026-08-20 15:23:07 knot_s2_d2 [empty] =====
<EMPTY>

===== 2026-08-20 15:23:08 knot_s2_d3 [empty] =====
<EMPTY>

===== 2026-08-20 15:23:08 knot_s2_d4 [empty] =====
<EMPTY>

===== 2026-08-20 15:23:09 knot_s1_T0.0 [empty] =====
<EMPTY>

===== 2026-08-20 15:23:09 knot_s2_d1 [empty] =====
<EMPTY>

===== 2026-08-20 15:23:09 knot_s2_d2 [empty] =====
<EMPTY>

===== 2026-08-20 15:23:09 knot_s1_T0.3 [empty] =====
<EMPTY>

===== 2026-08-20 15:23:09 knot_s1_T0.6 [empty] =====
<EMPTY>

===== 2026-08-20 15:23:10 knot_s2_d3 [empty] =====
<EMPTY>

===== 2026-08-20 15:23:11 knot_s1_T0.6 [empty] =====
<EMPTY>

===== 2026-08-20 15:23:11 knot_s1_T0.0 [empty] =====
<EMPTY>

===== 2026-08-20 15:23:12 knot_s2_d0 [empty] =====
<EMPTY>

===== 2026-08-20 15:23:12 knot_s1_T0.6 [empty] =====
<EMPTY>

===== 2026-08-20 15:23:14 knot_s1_T0.0 [empty] =====
<EMPTY>

===== 2026-08-20 15:23:14 knot_s1_T0.3 [empty] =====
<EMPTY>

===== 2026-08-20 15:23:15 knot_s1_T0.6 [empty] =====
<EMPTY>

===== 2026-08-20 15:23:15 knot_s1_T0.6 [empty] =====
<EMPTY>

===== 2026-08-20 15:23:16 knot_s2_d0 [empty] =====
<EMPTY>

===== 2026-08-20 15:23:16 knot_s1_T0.3 [empty] =====
<EMPTY>

===== 2026-08-20 15:23:46 knot_s1_T0.0 =====
```json
{
  "desire_layer": {
    "distribution": {
      "拥有欲": 0.05,
      "成为欲": 

===== 2026-08-20 15:24:05 knot_s1_T0.0 =====
```json
{
  "no_inferable_subject": false,
  "desire_layer": {
    "distribution": {
      "拥有欲": 0.0,
      "成为欲": 0.05,
      "摆脱欲": 0.20,
      "确认欲": 0.20,
      "超越欲": 0.0,
      "归属欲": 0.30,
      "控制欲": 0.10,
      "安全感欲": 0.15,
      "向往欲": 0.0
    },
    "note": "书写者自己明显浸入/认同 Deaf 群体(用 HoH 缩写、知道 Roger On/Roger table mic、强调 'do things in a hearing way' 框架)，把'找到 Deaf 群体'作为核心处方→归属欲最强；'No wonder you're exhausted'是对受者痛苦的指认,也是书写者对自身曾经/正在经历之苦的代偿性摆脱投射→摆脱欲高;'until you change your mindset'是一种代际/身份叙事的布道式确认→确认欲显著;'Learn about your rights... accessibility options'与'without too much fatigue'是为受者铺设安全网→安全感欲; 'I suggest you do all of these things' 的指令式语气与对行动路径的强把控→控制欲; 'be the smart and bright person you are' 微弱的'你应该成为你自己'→成为欲。"
  },
  "need_layer": [
    {
      "code": "N11_归属群体",
      "context_slot": "受者正以'听力方式'硬撑生活,缺乏与 Deaf/HoH 同类的连接",
      "weight": 0.25,
      "derived_from": "归属欲(Deaf 群体成员资格) → 受者孤立、靠 hearing-normative 单兵作战的情境 → 强烈主张 Meet other Deaf and HoH"
    },
    {
      "code": "N03_提升能力",
      "context_slot": "受者缺少方法论/工具(治疗、ASL、技术、advocacy skills)",
      "weight": 0.20,
      "derived_from": "摆脱欲 + 安全感欲 → 受者疲劳且无工具 → 处方: therapy、ASL、Roger On/Roger table mics、advocacy skills、rights literacy"
    },
    {
      "code": "N06_摆脱痛苦",
      "context_slot": "受者持续疲惫 (exhausted/fatigue),身心被消耗",
      "weight": 0.20,
      "derived_from": "摆脱欲 → 'No wonder you're exhausted' → 让痛苦停下来是底层动机"
    },
    {
      "code": "N02_掌控局面",
      "context_slot": "受者在工作场域被听力规范绑住,无法自己决定怎么工作",
      "weight": 0.15,
      "derived_from": "控制欲 + 安全感欲 → 'Learn about your rights, accessibility options at work' → 重新握方向盘"
    },
    {
      "code": "N13_情感慰藉",
      "context_slot": "受者显然在心理上需要被无条件接住",
      "weight": 0.10,
      "derived_from": "安全感欲 → 'Get therapy... you do seem to need support' → 被接纳/被安慰"
    },
    {
      "code": "N04_理解世界",
      "context_slot": "受者认知框架仍按 hearing-normative 解释自己的失败",
      "weight": 0.10,
      "derived_from": "确认欲 → 'it will continue until you change your mindset' → 把现象重构成:不是你不听清,而是框架错"
    }
  ],
  "appraisal": {
    "goal_relevance": 0.9,
    "congruence_direction": "促进",
    "need_status": "已满足",
    "goal_congruence": "正",
    "coping_potential": "中",
    "note": "对书写者而言,落笔给出可执行清单这一动作本身就已经部分兑现了助人动机与身份确认(高相关度、促进、已满足 → 正情绪);但 coping 是'中'而非'高'——书写者能提供路径却无法控制受者是否真的去做,这种'给完即放手'的张力解释了为何情绪里有 relief(对自身能帮上忙的宽慰)同时又渗入 desire(渴望受者真的行动)。'
  }
  ,
  "emotion_layer": {
    "distribution": {
      "admiration钦佩": 0.10,
      "joy喜悦": 0.0,
      "gratitude感激": 0.0,
      "desire渴望": 0.20,
      "nostalgia怀旧": 0.0,
      "pride自豪": 0.10,
      "love爱": 0.15,
      "relief宽慰": 0.20,
      "approval认同": 0.25,
      "curiosity好奇": 0.0,
      "fear恐惧": 0.0,
      "sadness悲伤": 0.0,
      "anger愤怒": 0.0
    },
    "note": "由'高目标相关度 × 促进 × 已满足 × 正向 congruence'派生出一组正情绪簇:approval 来自对受者智识/价值的肯定('be the smart and bright person you are');relief 来自'我终于能给你一个可走的清单';love 来自对受者疲惫的共情性代偿;desire 来自对受者真去行动的强烈期盼('Learn sign language - now');admiration 是对受者潜能的小幅抬高;pride 是书写者对自己/所在群体知识的隐性自豪。无 sadness/anger/fear——书写者不在'自伤',而在'向外处方',所以负情绪被压平。"
  },
  "action_tendency_layer": {
    "distribution": {
      "approach趋近": 0.30,
      "avoidance回避": 0.0,
      "attend关注": 0.20,
      "reject拒斥": 0.05,
      "agonistic对抗": 0.10,
      "interrupt中断": 0.10,
      "dominate支配": 0.25
    },
    "note": "approach(给清单、给工具)与 dominate('I suggest you do all of these things' 的指令式布道)共同主导;attend 来自'After reading all of it'的细读;interrupt 来自 'likely urgent'、'**now**' 的急迫打断;agonistic 是对 hearing-normative 框架的隐性对抗;reject 是对'继续以 hearing 方式硬撑'这一选项的明确拒斥。"
  },
  "chain_trace": "归属欲(Deaf 群体身份)+ 摆脱欲(共情性代偿)+ 确认欲(Deaf 身份叙事布道) →(情境:看到受者以 hearing-normative 单兵作战而持续 exhausted)→ 需求 N11_归属群体 + N06_摆脱痛苦 + N03_提升能力 + N02_掌控局面 + N13_情感慰藉 + N04_理解世界 →(评价:高目标相关度 0.9、促进、已满足、正向 congruence、coping 中)→ 情绪 approval 认同 + relief 宽慰 + desire 渴望 + love 爱 + admiration 钦佩 + pride 自豪 → 行动倾向 approach 趋近 + dominate 支配 + attend 关注 + interrupt 中断 + agonistic 对抗 + reject 拒斥 的完整一句话推导。",
  "evidence": {
    "desire": "'Meet other Deaf and HoH. Super important for self-esteem'; 'No wonder you're exhausted when you try so hard to do things in a hearing way'; 'it will continue until you change your mindset'; 'Learn about your rights, accessibility options at work and get support so you can do your work without too much fatigue'",
    "need": "'Get therapy. This is likely urgent, since you do seem to need support'; 'Meet other Deaf and HoH'; 'Go to an audiologist and get proper help with hearing aids or even CI'; 'Learn sign language - now'; 'Learn about your rights, accessibility options at work'",
    "emotion": "'be the smart and bright person you are'; 'No wonder you're exhausted'; 'This is likely urgent'; 'I suggest you do all of these things'",
    "action": "'I suggest you do all of these things'; 'Learn sign language - **now**'; 'This is likely urgent'; 'start looking for more support and for ways that actually enables you to contribute easier'"
  }
}
```

===== 2026-08-20 15:24:31 knot_s1_T0.0 =====
```json
{
  "desire_layer": {
    "distribution": {
      "拥有欲": 0.02,
      "成为欲": 0.15,
      "摆脱欲": 0.13,
      "确认欲": 0.20,
      "超越欲": 0.02,
      "归属欲": 0.25,
      "控制欲": 0.23,
      "安全感欲": 0.00,
      "向往欲": 0.00
    },
    "note": "写下这段话的人像是一位与 Deaf/HoH 圈层深度绑定(本人是、或长期陪同/专业服务于此)的人。从『Meet other Deaf and HoH. Super important for self-esteem』『the hearing way』『be the smart and bright person you are』看,强烈驱动来自归属欲(把对方拉进自己所属群体)与控制欲(以高密度指令清单重写对方行为);『yes, it will continue until you change your mindset』是确认欲的高强度输出——其世界观需要被对方承认;摆脱欲体现在『No wonder you're exhausted when you try so hard to do things in a hearing way』,投射自己或同伴曾走出的那条逃离路径;成为欲体现为想充当『已经把这件事想明白的引导者』。"
  },
  "need_layer": [
    {
      "code": "N11_归属群体",
      "context_slot": "情境=OP在听力主流语境中孤立无援,看不到Deaf/HoH共同体;写者要让对方被『同类-群体』接住",
      "weight": 0.22,
      "derived_from": "归属欲(写者自身归属于Deaf/advocacy圈)→ 经『OP在听力世界孤立』这一情境事件→ 衍生『你得找到你的群体』的需求"
    },
    {
      "code": "N03_提升能力",
      "context_slot": "情境=OP用听的方式硬扛,缺工具/方法/法务知识;写者要把『可迁移的应对技能』传给OP",
      "weight": 0.22,
      "derived_from": "控制欲+摆脱欲 → 经『OP没有装备/不懂自己的权利』情境 → 衍生『教会OP方法、工具、advocacy skills』"
    },
    {
      "code": "N02_掌控局面",
      "context_slot": "情境=OP被疲劳和无助感推着走,生活/工作被听力的要求主导;写者要帮OP夺回主导权",
      "weight": 0.18,
      "derived_from": "控制欲 → 经『OP在工作中耗竭、被动』情境 → 衍生『由OP自己决定走哪条路、用哪些支持』"
    },
    {
      "code": "N06_摆脱痛苦",
      "context_slot": "情境=OP长期疲惫、崩溃;写者要点出痛苦的来源并指向可缓解的路径",
      "weight": 0.14,
      "derived_from": "摆脱欲(写者自身或他人曾走过这条脱苦路径)→ 经『OP 持续高消耗但被告知是常态』情境 → 衍生『把疲惫停下来』
"
    },
    {
      "code": "N01_确定性",
      "context_slot": "情境=OP 处于不确定、是否该改变/怎么改的混沌中;写者要给出明确判断",
      "weight": 0.10,
      "derived_from": "确认欲 → 经『OP 来求助、摇摆未决』情境 → 衍生『yes, it will continue until you change your mindset』这种确定性结论"
    },
    {
      "code": "N13_情感慰藉",
      "context_slot": "情境=OP 自我价值因听力被持续否定;写者要兜住对方",
      "weight": 0.08,
      "derived_from": "成为欲(想成为被信任的引导者) → 经『OP 自我怀疑、怀疑智力/能力』情境 → 衍生『be the smart and bright person you are』的肯定"
    },
    {
      "code": "N05_优化效率",
      "context_slot": "情境=OP 在工作场景用错装备/方式,事倍功半;写者要替换为更省力的方案",
      "weight": 0.06,
      "derived_from": "摆脱欲 → 经『OP 工作过度疲劳』情境 → 衍生『用 RogenOn/table mics 等更省力的工具』
"
    }
  ],
  "appraisal": {
    "goal_relevance": 0.9,
    "congruence_direction": "促进",
    "need_status": "已满足",
    "goal_congruence": "正",
    "coping_potential": "高",
    "note": "对写者本人而言:这条评论完整地让他达成了多重目标——给OP指路(促进)、兑现自己『过来人/懂行』的身份(已满足)、把一个同类从『听力世界』拉回自己的圈子(已满足)、并以清单形式对OP施加了强主导(高应对潜能——他清楚该做什么)。goal_relevance 高是因为他与该议题/群体的相关度本身就高;congruence 正是因为评论的产出 = 写者欲望/需求的正反馈。"
  },
  "emotion_layer": {
    "distribution": {
      "admiration钦佩": 0.12,
      "joy喜悦": 0.03,
      "gratitude感激": 0.02,
      "desire渴望": 0.10,
      "nostalgia怀旧": 0.03,
      "pride自豪": 0.15,
      "love爱": 0.18,
      "relief宽慰": 0.05,
      "approval认同": 0.25,
      "curiosity好奇": 0.00,
      "fear恐惧": 0.00,
      "sadness悲伤": 0.05,
      "anger愤怒": 0.02
    },
    "note": "由『需求×goal_congruence=正』派生:正情绪占主导。approval认同(0.25)源自确认欲被兑现——『yes, it will continue until you change your mindset』+ 一致的世界观被表达;love爱(0.18)源自归属欲被激发(对OP/对Deaf-HoH群体的关怀),并以『be the smart and bright person you are』输出;pride自豪(0.15)源自成为欲(自己作为引导者、过来人);admiration钦佩(0.12)是写者对OP潜质的肯定(『smart and bright person』);desire渴望(0.10)是希望OP 立刻照做的催促感;relieved(0.05)来自『终于有人说出来了』的释放;mild sadness(0.05)是对OP 当前状态的共情;mild anger(0.02)是隐含对『必须用 hearing way 硬撑』这一不公结构的厌烦。无 fear,无 curiosity,无 nostalgia 主导。"
  },
  "action_tendency_layer": {
    "distribution": {
      "approach趋近": 0.32,
      "avoidance回避": 0.00,
      "attend关注": 0.18,
      "reject拒斥": 0.12,
      "agonistic对抗": 0.10,
      "interrupt中断": 0.03,
      "dominate支配": 0.25
    },
    "note": "approach 主导(0.32)——主动伸手给出资源/路径/陪伴;dominate(0.25)由控制欲直接驱动,体现在清单 + 强调大写『now』+『urgent』;attend(0.18)是写者对 OP 处境的细致识读;reject(0.12)隐含地拒斥 OP 当前的『靠 hearing way 撑下去』策略;agonistic(0.10)是对 OP 现有思维框架的轻度对抗(『change your mindset』);interrupt(0.03)极弱,只在『now』处微微体现。"
  },
  "chain_trace": "归属欲+控制欲+确认欲 →(情境:OP 在听力主流语境里孤立、疲惫、用错方式硬撑)→ 需求 N11_归属群体 + N03_提升能力 + N02_掌控局面 + N01_确定性 + N13_情感慰藉 + N06_摆脱痛苦 + N05_优化效率 →(评价:goal_relevance=0.9,congruence_direction=促进,need_status=已满足,goal_congruence=正,coping_potential=高)→ 情绪 approval认同(主)+ love爱 + pride自豪 + admiration钦佩 + desire渴望 + relief宽慰 + mild sadness悲伤 → 行动倾向 approach趋近(主)+ dominate支配 + attend关注 + reject拒斥 + agonistic对抗 的完整推导。",
  "evidence": {
    "desire": "归属欲:『Meet other Deaf and HoH. Super important for self-esteem』;控制欲:『Learn sign language - now』『This is likely urgent』『I suggest you do all of these things』;确认欲:『yes, it will continue until you change your mindset』;摆脱欲:『No wonder you're exhausted when you try so hard to do things in a hearing way』;成为欲:『be the smart and bright person you are and start looking for more support』",
    "need": "N11_归属群体:『Meet other Deaf and HoH』;N03_提升能力:『get tools for navigating this』『advocating skills』『Learn sign language』;N02_掌控局面:『ways that actually enables you to contribute easier』『start looking for more support』;N01_确定性:『After reading all of it, yes, it will continue until you change your mindset』;N13_情感慰藉:『Your competence isn't in how much you hear, so be the smart and bright person you are』;N06_摆脱痛苦:『No wonder you're exhausted』;N05_优化效率:『RogenOn and Roger table mics for work』『get support so you can do your work without too much fatigue』",
    "emotion": "approval认同+love爱:『be the smart and bright person you are』;pride自豪/成为欲:清单式权威陈述『I suggest you do all of these things』;admiration钦佩:『be the smart and bright person you are』;desire渴望+urge:『Learn sign language - now』『This is likely urgent』;relieved宽慰:『After reading all of it, yes...』;mild sadness:『No wonder you're exhausted when you try so hard』",
    "action": "approach趋近:『I suggest you do all of these things』+ 整张清单;dominate支配:大写『now』、『urgent』、命令式清单;attend关注:细致列举 therapy / audiologist / CI / Roger mics / 职场无障碍权利;reject拒斥:『No wonder you're exhausted when you try so hard to do things in a hearing way』(否定 hearing way 路径);agonistic对抗:『it will continue until you change your mindset』(与 OP 现行思维框架对抗)"
  }
}
```

===== 2026-08-20 15:24:44 knot_s2_d0 [empty] =====
<EMPTY>

===== 2026-08-20 15:25:11 knot_s2_d0 [empty] =====
<EMPTY>

===== 2026-08-20 15:25:16 knot_s2_d1 [empty] =====
<EMPTY>

===== 2026-08-20 15:25:16 knot_s2_d3 [empty] =====
<EMPTY>

===== 2026-08-20 15:25:49 knot_s1_T0.0 =====
Let me analyze this content carefully.

The content is a Reddit comment in a hearing discussion forum. The commenter is responding to someone who appears to be a Deaf or Hard of Hearing (HoH) person who is struggling with exhaustion from trying to function in a hearing world.

The commenter is giving advice - suggesting therapy, meeting other Deaf/HoH people, getting proper hearing aid technology, learning about rights, learning sign language.

Now, the instruction says: "若这段内容确实是某一个人写下的自我表达，请对『写下这段内容的这一个人』反推其心理因果链四层占比分布"

This IS a personal expression - someone writing a thoughtful, empathetic response to another person. So I need to reverse-engineer the psychology of the person who WROTE this comment.

Wait, let me re-read. The instruction says "对以下内容做「因果链逆问题」拆解：从可观测话语/评论，反推观众心理完整因果链". So we're looking at the audience psychology. But then the note says if it's personal expression, analyze the person who wrote it.

Actually, looking more carefully: "若这段内容确实是某一个人写下的自我表达，请对『写下这段内容的这一个人』反推其心理因果链"

This is a comment on Reddit - it's someone giving advice. This IS a personal expression (someone expressing their views, empathy, and advice). So I should analyze the writer.

But wait - "从可观测话语/评论，反推观众心理完整因果链" - this could mean the reader/audience psychology. Let me re-read the note more carefully:

"若这段内容确实是某一个人写下的自我表达" - if this content is truly one person's self-expression
"请对『写下这段内容的这一个人』反推其心理因果链四层占比分布——这是一个个体，不是群体"

OK so the note is clarifying: if it's personal expression, analyze the writer. If it's not personal expression (like a data table, template, code, etc.), return no_inferable_subject.

This comment IS personal expression - someone is writing their genuine advice and empathy. So I analyze the writer.

But actually, I think the primary task is about "观众" (audience/viewer) psychology. The note is about a special case. Let me think about this differently.

Actually, re-reading: "对以下内容做「因果链逆问题」拆解：从可观测话语/评论，反推观众心理完整因果链"

The primary framework is about the AUDIENCE of the content. But the note at the bottom says if it's personal expression, analyze the writer.

Hmm, this Reddit comment - who is the "audience"? The audience would be:
1. The original poster (OP) who asked the question - they're the primary audience
2. Other Reddit users reading the thread

But the note says to analyze the writer if it's personal expression. This is a bit ambiguous. Let me look at it from the perspective of: the "audience" of this comment is the person who wrote the OP (the Deaf/HoH person struggling with exhaustion).

Actually, I think the better interpretation is: this is a piece of content, and we analyze the psychology of the person who ENGAGED with it - whether writer or reader. Given the note specifically says to analyze the writer for personal expression, I'll go with analyzing the WRITER of this comment.

Wait no, I think I'm overcomplicating this. Let me re-read the whole thing again.

"你是爆款内容心理拆解专家。对以下内容做「因果链逆问题」拆解：从可观测话语/评论，反推观众心理完整因果链"

The task is: reverse-engineer audience psychology from observable content/comments.

"若这段内容确实是某一个人写下的自我表达，请对『写下这段内容的这一个人』反推其心理因果链"

If the content is one person's self-expression, then analyze THAT person's causal chain.

This is a special case note. The content here is a Reddit comment giving advice. The writer is expressing their genuine perspective, empathy, and knowledge. So per the note, I should analyze the WRITER.

But wait - this isn't really "self-expression" in the typical sense. This is more like someone giving advice to another person. The writer's psychology would be about WHY they're giving this advice.

Actually, I think the key question is: is this content about the WRITER's own experience (self-expression) or is it directed at someone else (advice-giving to OP)?

Looking at the content: The writer says "I suggest you do all of these things" - this is directed at the OP. The writer is giving advice. But the writer IS expressing their own views, knowledge, and values through this advice.

I think the most natural interpretation is: this is a piece of content that has a "reader" (the OP and other Reddit users), and we should analyze the psychology of the typical reader/audience of this content. But the note redirects us to the writer if it's personal expression.

OK let me just go with analyzing the WRITER since:
1. The note explicitly says to do so for personal expression
2. This is clearly a person writing their genuine views and feelings
3. The content reveals the writer's psychology: empathy, knowledge of Deaf issues, values around self-advocacy

Now let me analyze the writer's psychology:

**What drives the writer to write this?**
- They see someone struggling (Deaf/HoH person exhausted from trying to hear)
- They feel empathy and want to help
- They have knowledge/experience with Deaf community and accessibility
- They believe in the importance of changing mindset, getting support, using proper tools

**Desire layer (what does the writer WANT?):**
- The writer wants the OP to get help/support → this is 摆脱欲 (desire to escape pain) directed at the other person, but for the writer themselves...
- Actually, let me think about the WRITER's desires:
  - 归属欲 (belonging) - they identify with the Deaf/HoH community or ally community; they want the OP to join this community
  - 安全感欲 - they want to help create safety/support systems
  - 成为欲 - they want to be a helpful, knowledgeable advocate
  - 确认欲 - they want to confirm that their worldview (about Deaf identity, accessibility) is correct

Hmm, but the desire framework says "看完这条内容观众想要什么" - what does the audience WANT after seeing this content. Let me re-read...

"欲望9类定义（触发视角：看完这条内容观众想要什么）"

OK so this is about what the VIEWER/AUDIENCE wants after seeing the content. Not what the writer wants.

So I need to analyze: After reading this comment, what does the reader (presumably the OP, a Deaf/HoH person struggling) want?

Let me re-approach with this framework:

The OP is someone who is:
- Deaf or HoH
- Exhausted from trying to function in a hearing world
- Has been doing things the "hearing way"
- May not have fully embraced their Deaf identity or gotten proper support

After reading this comment, what would the OP want?

**Desires activated in the OP:**
- 摆脱欲 (escape pain) - high, they want to escape exhaustion
- 确认欲 (confirmation) - the comment validates their experience ("No wonder you're exhausted when you try so hard")
- 归属欲 (belonging) - "Meet other Deaf and HoH" activates desire to belong to a community
- 成为欲 (becoming) - "be the smart and bright person you are" - want to become the version of themselves that doesn't struggle so much
- 安全感欲 (safety) - wanting to feel safe, supported, not exhausted
- 控制欲 (control) - wanting to take control of their situation

**Needs:**
- N06_摆脱痛苦 (escape pain/exhaustion)
- N11_归属群体 (find community/Deaf community)
- N03_提升能力 (learn skills - sign language, advocacy)
- N02_掌控局面 (take control of life)
- N01_确定性 (know what to do, have a plan)

**Appraisal:**
- goal_relevance: very high (directly addresses their situation)
- congruence_direction: 促进 (promoting - giving concrete advice)
- need_status: 未满足 (not yet satisfied - the OP still needs to DO these things)
- goal_congruence: depends... if 促进 + 未满足, this creates a positive but activating emotion (hope, desire, determination)
- coping_potential: high to medium (concrete steps given, feels doable)

Wait, let me re-think. The appraisal framework:
- 关键区分：「内容有帮助」=促进+已满足→正情绪；「自查后发现威胁却没解法」=威胁+未满足→fear恐惧等负情绪。

If the content promotes goals but hasn't yet satisfied the need (because the OP still needs to act), what emotion results?

This is more like: the content REDUCES uncertainty and provides a path forward. So the OP feels hopeful, determined, maybe relieved that someone understands.

Let me think about the appraisal more carefully:
- The comment validates their experience (已满足 for confirmation need)
- The comment provides a path forward (已满足 for certainty need)
- But the actual escape from exhaustion hasn't happened (未满足 for escape pain need - they still need to do the work)

So the appraisal is mixed: partially satisfied (validation, direction) but core pain not yet resolved.

**Emotions for the OP reader:**
- relief (宽慰) - someone understands, there's a path forward
- gratitude (感激) - someone is being kind and helpful
- desire (渴望) - wanting to actually do these things
- approval (认同) - the commenter validates their intelligence
- admiration (钦佩) - for the commenter's knowledge and care
- hope/curiosity (好奇) - about what life could be like

**Action tendencies:**
- approach (趋近) - toward the suggestions, toward the Deaf community
- attend (关注) - paying attention to these ideas

OK let me now construct the full output.

Actually wait, I need to reconsider who the "audience" is. Looking at the content again:

This is a Reddit comment. The "audience" could be:
1. The OP (the person the comment is directed at)
2. Other Reddit readers

Given the analysis is about "what does the audience want after seeing this content," and the content is clearly aimed at a specific person (the OP) who is Deaf/HoH and exhausted, I think we should analyze the OP/typical reader in that situation.

Let me also reconsider: is the writer giving this advice from personal experience? The advice is very specific and knowledgeable. The writer likely has personal experience with deafness or is an ally/advocate. The writer's psychology would be:
- Wanting to help
- Feeling empathy
- Wanting to share knowledge
- Wanting the OP to thrive

But the framework asks about the AUDIENCE, not the writer. So I'll focus on what the reader (the OP) would feel/want after reading this.

Let me also note: the OP isn't directly observable to us. We're inferring their psychology from the commenter's response (which suggests the OP is struggling with exhaustion, hasn't embraced Deaf community, hasn't learned sign language, etc.)

Now let me write out the JSON:

```json
{
  "desire_layer": {
    "distribution": {
      "拥有欲": 0.0,
      "成为欲": 0.18,
      "摆脱欲": 0.30,
      "确认欲": 0.12,
      "超越欲": 0.05,
      "归属欲": 0.18,
      "控制欲": 0.10,
      "安全感欲": 0.05,
      "向往欲": 0.02
    },
    "note": "..."
  },
  ...
}
```

Let me think more carefully about the desire distribution. The OP is exhausted from trying to function in a hearing world. After reading this comment, what do they want most?

1. 摆脱欲 (30%) - dominant: they want to escape the exhaustion, the struggle
2. 归属欲 (18%) - "Meet other Deaf and HoH. Super important for self-esteem" - the desire to belong to a community is strong
3. 成为欲 (18%) - "be the smart and bright person you are" - want to become a more empowered version of themselves
4. 确认欲 (12%) - the comment validates that the exhaustion is real and not their fault; validates their intelligence
5. 控制欲 (10%) - wanting to take control, change mindset, take action
6. 超越欲 (5%) - surpassing their current limitations
7. 安全感欲 (5%) - wanting safety, support, reduced anxiety
8. 向往欲 (2%) - imagining a different life
9. 拥有欲 (0%) - not really about acquiring a specific object

Total: 30+18+18+12+10+5+5+2+0 = 100 ✓

Now needs:
- N06_摆脱痛苦 (escape pain/exhaustion) - high weight
- N11_归属群体 (belong to community)
- N03_提升能力 (learn skills)
- N02_掌控局面 (take control of life)
- N01_确定性 (have a plan, reduce uncertainty)

Let me weight these:
- N06_摆脱痛苦: 0.30
- N11_归属群体: 0.20
- N03_提升能力: 0.18
- N02_掌控局面: 0.15
- N01_确定性: 0.12
- N10_自我确认: 0.05 (being told "you're smart and bright" is self-confirmation)

Total: 0.30+0.20+0.18+0.15+0.12+0.05 = 1.00 ✓

Appraisal:
- goal_relevance: 0.95 (very high - directly addresses their exhaustion and struggle)
- congruence_direction: 促进 (promoting - gives concrete path forward)
- need_status: 部分满足 (partially satisfied - validation and plan provided, but exhaustion not yet resolved)
- goal_congruence: 正 (positive overall)
- coping_potential: 中到高 (concrete steps given, seems doable)

Wait, the framework says need_status is binary: 已满足 or 未满足. Let me pick one. Given that the comment provides validation and direction but doesn't actually solve the exhaustion (the OP still needs to do the work), I'd say it's a mix but leans toward... hmm.

Actually, "已满足" means the content itself met the need. The content does provide:
- Validation (confirmation need met)
- Direction (certainty need met)
- A sense that change is possible (control need partially met)

But the actual escape from pain is NOT met - they still need to act.

For the dominant need (escape pain), it's 未满足.
For some secondary needs (confirmation, certainty), it's 已满足.

I'll go with 未满足 as the overall status since the primary need (escape exhaustion) requires action.

But wait, if it's 未满足 and 促进, what emotion? Let me re-read:

"关键区分：「内容有帮助」=促进+已满足→正情绪；「自查后发现威胁却没解法」=威胁+未满足→fear恐惧等负情绪。"

If 促进 + 已满足 → positive emotion
If 威胁 + 未满足 → fear
What about 促进 + 未满足? This seems to be... hope? desire? determination?

Actually, in appraisal theory, if something promotes your goals but isn't yet achieved, it often creates hope/anticipation/desire.

So the emotion would lean positive: hope, desire, determination, possibly relief that there's a path.

I'll go with: goal_congruence: 正, need_status: 未满足 (but with a note that some needs are met), and the resulting emotion is more about hope, desire, and determination.

Actually let me reconsider. The framework says need_status is one value. Let me think about what the content actually delivers:
- It validates (meets confirmation need)
- It gives a plan (meets certainty need)
- It suggests community (opens path to belonging)
- It suggests tools (opens path to escape pain)

So the content OPENS paths and provides validation, but doesn't deliver the actual outcomes. The reader feels:
- Relieved (someone understands)
- Hopeful (there's a way)
- Determined (I can do this)
- Desiring (I want this change)

I'll go with need_status: 未满足 (since the main pain isn't actually resolved by reading), and goal_congruence: 正 (because it's positive and helpful).

Hmm, but the framework says "已满足" if the content is helpful. Let me re-read:

"need_status(该需求当前「已满足」还是「未满足」)：内容当场满足了需求(有帮助/愉悦)=已满足；只勾起或揭示威胁却没解决=未满足"

So if the content is helpful/pleasurable, it's 已满足. The comment IS helpful (it validates, gives direction, makes the reader feel seen). So maybe 已满足 is appropriate for the immediate emotional need.

But the long-term need (escape exhaustion) is still 未满足.

I'll go with 已满足 because the content does provide immediate emotional relief and validation. The reader feels heard and has a direction.

Actually, on reflection, I think 已满足 is correct because:
- The content gives emotional relief (feeling understood)
- The content provides cognitive satisfaction (understanding why they're exhausted)
- The content provides directional satisfaction (knowing what to do)

These are all forms of "meeting a need" through the content itself. The actual execution is separate.

OK, going with: need_status: 已满足, goal_congruence: 正, coping_potential: 高 (the commenter gives very concrete, actionable steps, making the OP feel capable).

Wait, but if 已满足 + 正, then we should see positive emotions like joy, relief, gratitude, approval. Let me check if that fits.

Yes, that fits. The OP would feel:
- Relief: someone understands, there's a path
- Gratitude: someone cares enough to write this
- Approval: the commenter validates their intelligence
- Desire: wanting to act on these suggestions
- Hope (not directly in the list, but closest to relief + desire)

OK now let me write the emotion distribution:

- relief 宽慰: 0.25 (the biggest - "No wonder you're exhausted" is a huge relief to hear)
- gratitude 感激: 0.20 (someone is helping them)
- desire 渴望: 0.18 (wanting to do these things, wanting the change)
- approval 认同: 0.12 (the comment validates them)
- curiosity 好奇: 0.08 (about the Deaf community, about sign language, about CI)
- admiration 钦佩: 0.07 (for the commenter's knowledge and empathy)
- joy 喜悦: 0.05 (a bit of happiness at being understood)
- love 爱: 0.03 (a bit - feeling cared for)
- nostalgia 怀旧: 0.0
- pride 自豪: 0.02 (being told they're "smart and bright" could spark some pride)
- fear 恐惧: 0.0
- sadness 悲伤: 0.0
- anger 愤怒: 0.0

Total: 0.25+0.20+0.18+0.12+0.08+0.07+0.05+0.03+0.0+0.02+0.0+0.0+0.0 = 1.00 ✓

Hmm, but wait. Let me reconsider. The framework says:
- "内容有帮助"=促进+已满足→正情绪

So with 促进 + 已满足, we get positive emotions. The list of positive emotions includes: admiration, joy, gratitude, desire, pride, love, relief, approval, curiosity, nostalgia.

The negative emotions (fear, sadness, anger) would have low or zero weight.

Let me also consider: the comment mentions "Get therapy. This is likely urgent" - this might trigger some fear/anxiety in the reader ("is it really that bad?"). But the overall tone is supportive, so I'd say fear is minimal.

Also, the comment says "your competence isn't in how much you hear" - this is reframing their identity in a positive way, which would feel good.

Final emotion distribution:
- relief 宽慰: 0.22
- gratitude 感激: 0.20
- desire 渴望: 0.18
- approval 认同: 0.13
- admiration 钦佩: 0.08
- curiosity 好奇: 0.08
- joy 喜悦: 0.05
- pride 自豪: 0.04
- love 爱: 0.02
Total: 1.00 ✓

Action tendencies:
- approach 趋近: 0.40 (toward the suggestions, toward the community, toward change)
- attend 关注: 0.30 (paying attention to these ideas, considering them)
- dominate 支配: 0.15 (taking control of their situation, "change your mindset")
- agonistic 对抗: 0.05 (some fight against the hearing world's expectations? minor)
- avoidance 回避: 0.05 (potentially avoiding the "hearing way" anymore)
- reject 拒斥: 0.03
- interrupt 中断: 0.02

Total: 1.00 ✓

Now the chain trace:

欲望 (escape from exhaustion + belonging + becoming better) → 情境事件 (reading this comment that validates and directs) → 需求 (escape pain, find community, learn skills, take control) → 评价 (highly relevant, promoting, satisfied through validation, positive, high coping) → 情绪 (relief, gratitude, desire, approval) → 行动倾向 (approach toward suggestions, attend to ideas, dominate the situation)

Let me draft the final JSON.

Actually, let me reconsider the "desire_layer" question one more time. The note says:
"若这段内容确实是某一个人写下的自我表达，请对『写下这段内容的这一个人』反推其心理因果链四层占比分布"

This says if it's personal expression, analyze the writer. But the framework was set up for "audience" psychology. Let me re-read the very top:

"对以下内容做「因果链逆问题」拆解：从可观测话语/评论，反推观众心理完整因果链"

So the primary task is about audience psychology. The note is a special case for when the content is personal expression.

This Reddit comment - is it personal expression? It's someone writing their views and advice. It does express their values, knowledge, and empathy. But it's primarily directed at helping someone else, not expressing themselves.

I think the best interpretation is: this is a piece of content, and we analyze the AUDIENCE (the OP/reader). The note about "personal expression" is for cases where the content is like a journal entry, autobiography, or personal essay - clearly about the writer themselves.

A Reddit comment giving advice is more like... a piece of content with an audience. The audience is the OP and other readers. So I should analyze the audience.

But wait, the OP isn't actually shown in the content. We only have the comment. The "audience" we can infer is whoever the OP is - a Deaf/HoH person struggling with exhaustion.

OK I'll go with analyzing the implied audience: the OP and similar readers.

Actually, one more consideration. The note says "这是一个个体，不是群体" - this is an individual, not a group. So we're analyzing one specific person (the OP) who would read this.

Let me finalize my analysis and write the JSON.

Wait, I realize I should also think about whether to use the writer's perspective. Let me re-read the prompt one more time...

"若这段内容确实是某一个人写下的自我表达，请对『写下这段内容的这一个人』反推其心理因果链四层占比分布——这是一个个体，不是群体。
若它**不是个人表达**（例如纯数据表、条款样板、说明书、操作步骤、代码、目录、日志），请在 JSON 顶层返回 "no_inferable_subject": true 并说明理由，**不要为它构造一个人**。"

So:
- If personal expression → analyze the writer
- If NOT personal expression (data table, template, manual, code, etc.) → return no_inferable_subject

A Reddit comment giving advice is... it's someone expressing their views and advice. It's not pure personal expression (it's not about themselves), but it's also not a template or code. It's somewhere in between.

Hmm. I think the spirit of the note is: don't try to construct a fake person. If the content has a clear "author" who is expressing their views/experiences, analyze that author. If the content is impersonal (template, data), don't construct a person.

For a Reddit comment, the author IS expressing themselves - their knowledge, their values, their empathy. So I could analyze the author. But the "audience" analysis also makes sense.

I think the most useful and accurate analysis is of the AUDIENCE (the person reading this), because:
1. The primary framework is set up for audience analysis
2. The comment is clearly directed at someone
3. The comment reveals a lot about the implied reader's situation

Let me go with audience analysis of the OP/reader.

OK final answer time. Let me also think about whether the 向往欲 should be higher. "向往欲: 想进入/住进/成为内容展示的那个画面——对未拥有的生活方式/空间/状态的想象性代入"

The comment does paint a picture of a different life - one where they have proper support, belong to a community, use sign language, etc. The reader might yearn for this life. But it's not the primary desire. I'll keep it low.

Let me also reconsider 拥有欲: "想拥有这个产品/这种生活/这种状态（指向可占有的具体物）". The comment mentions specific products (hearing aids, CI, Roger table mics). So there might be some desire to own these. But the primary frame is about lifestyle/identity change, not product acquisition. I'll keep it low.

Final distribution:
- 拥有欲: 0.02 (the specific hearing devices)
- 成为欲: 0.18 (be the smart and bright person you are)
- 摆脱欲: 0.30 (escape exhaustion, escape hearing way)
- 确认欲: 0.10 (the comment validates their experience)
- 超越欲: 0.05 (surpass current limitations)
- 归属欲: 0.18 (belong to Deaf community)
- 控制欲: 0.10 (take control, change mindset)
- 安全感欲: 0.05 (safety, support, less fatigue)
- 向往欲: 0.02 (the imagined life of proper support)

Total: 0.02+0.18+0.30+0.10+0.05+0.18+0.10+0.05+0.02 = 1.00 ✓

Now let me write the full JSON. Let me also think about the evidence:

For desires:
- 摆脱欲: "No wonder you're exhausted when you try so hard to do things in a hearing way"
- 归属欲: "Meet other Deaf and HoH. Super important for self-esteem"
- 成为欲: "be the smart and bright person you are and start looking for more support"
- 控制欲: "it will continue until you change your mindset"
- 确认欲: implied by the validation throughout

For needs:
- N06_摆脱痛苦: "No wonder you're exhausted"
- N11_归属群体: "Meet other Deaf and HoH"
- N03_提升能力: "Learn sign language - now"
- N02_掌控局面: "it will continue until you change your mindset"
- N01_确定性: "Get therapy... Go to an audiologist... Learn about your rights"
- N10_自我确认: "Your competence isn't in how much you hear"

For emotions:
- relief: "No wonder you're exhausted" - relief of being understood
- gratitude: the entire comment is a gift of advice
- desire: "Learn sign language - now" - urgency creates desire
- approval: "be the smart and bright person you are"
- admiration: the depth of knowledge shown

For action:
- approach: the list of suggestions to follow
- attend: the detailed list invites attention
- dominate: "change your mindset"

OK let me write the final JSON now.

One more thing - the "context_slot" for needs. This is supposed to be a "半自由文本" describing the trigger situation. Let me draft those:

- N06_摆脱痛苦: "OP is exhausted from trying to function in a hearing way"
- N11_归属群体: "OP is isolated from Deaf/HoH community"
- N03_提升能力: "OP needs advocacy skills and sign language"
- N02_掌控局面: "OP feels stuck in a cycle of exhaustion"
- N01_确定性: "OP doesn't know what concrete steps to take"
- N10_自我确认: "OP may doubt their competence due to hearing loss"

Let me also double-check the chain trace requirement:
"欲望X →(情境Y)→ 需求Z(写code) →(评价:direction/need_status/congruence正负,coping)→ 情绪W → 行动倾向V 的完整一句话推导(用具体名字填 X/Y/Z/W/V，必须连贯读通)"

I need to write one sentence that traces from desire through situation, need, appraisal, emotion, to action tendency. Let me draft:

"摆脱欲(想要逃离长期因强行用hearing方式做事带来的疲惫) →(读到这条评论把'疲惫'归因正确化并给出可执行清单)→ 需求N06_摆脱痛苦+N11_归属群体+N03_提升能力 →(评价:高度目标相关/促进/已满足部分(被理解+被给方向)/正/应对潜能高)→ 情绪relief宽慰+gratitude感激+desire渴望+approval认同 → 行动倾向approach趋近(去落实清单)+attend关注(吸收方法)+dominate支配(change mindset接管自己生活)"

OK I think I have enough. Let me write the final JSON.

Actually, I want to reconsider the need_status one more time. The framework gives a binary:
- 已满足: content meets the need
- 未满足: content only raises the issue without solving

The comment does both:
- It validates (meets emotional need)
- It gives a plan (meets uncertainty need)
- But it doesn't actually solve the exhaustion (the OP still needs to act)

I think the key is: at the MOMENT of reading, what is the status? At that moment:
- Feeling understood: 已满足
- Knowing what to do: 已满足
- Actually escaping exhaustion: 未满足

The dominant frame in this analysis should be the LONG-TERM need (escape exhaustion) which is 未满足, OR the IMMEDIATE need (validation, direction) which is 已满足.

If I say 已满足, the emotion would be more like pure positive (joy, relief, gratitude).
If I say 未满足, the emotion would be more like mixed (desire, hope, some anxiety).

I think the right answer is a mix, but the framework forces a choice. Let me go with 已满足 because:
1. The content DOES provide emotional relief and validation
2. The content DOES provide a clear plan
3. The OP reading this would feel significantly better, even if they haven't acted yet
4. The "应对潜能" is high, which means they feel capable of doing the actions

With 促进 + 已满足 + 高 coping, the emotions would be: relief, gratitude, joy, desire (positive desire, not anxious wanting).

OK going with 已满足.

Actually wait. Let me re-read once more:

"need_status(该需求当前「已满足」还是「未满足」)：内容当场满足了需求(有帮助/愉悦)=已满足；只勾起或揭示威胁却没解决=未满足"

"内容当场满足了需求" - the content meets the need ON THE SPOT.

For N06 (escape pain): Does reading the comment escape the pain? No, the exhaustion is still there. So 未满足 for this need.
For N11 (belonging): Does reading the comment make them belong? No, they still need to go meet Deaf people. So 未满足.
For N03 (learn skills): Does reading the comment teach them? It points them toward learning, but doesn't itself teach. So 未满足.

But for N10 (self-confirmation): "Your competence isn't in how much you hear" - this DOES confirm their worth. So 已满足 for this need.
For N01 (certainty): "Get therapy... Go to audiologist... Learn sign language" - this DOES provide a clear plan. So 已满足 for this need.

So it depends on which need we're talking about. The framework doesn't allow for partial. Let me think...

I think the right answer for the DOMINANT need (which is escape pain) is 未满足. But for some secondary needs (confirmation, certainty), it's 已满足.

Since the framework requires a single value, and the dominant need is 未满足, I'll go with 未满足.

But wait, if 未满足 + 促进, what emotion? The framework only specifies:
- 促进 + 已满足 → positive emotions
- 威胁 + 未满足 → fear, etc.

It doesn't specify what 促进 + 未满足 gives. 

I think 促进 + 未满足 gives: hope, desire, determination, mixed but net positive. The content gives a path forward, which is fundamentally different from 威胁 (threat).

Let me set: goal_congruence: 正 (overall positive, because there's a path), need_status: 未满足 (because pain not yet escaped), and the resulting emotion is more about hope/desire/determination.

Hmm, but the framework's example "自查后发现威胁却没解法" suggests 未满足 is for negative situations. Let me think again...

Actually, I think there are two ways 未满足 can occur:
1. Threat revealed, no solution → fear/anxiety
2. Goal promoted, goal not yet achieved → desire/hope

These are different! The first is negative, the second is positive/anticipatory.

I think the framework might be too simplified. Let me make a judgment call:
- The comment PROMOTES goals (escape pain, find community, learn)
- The pain is NOT YET resolved (未满足)
- But there's a CLEAR PATH (高 coping potential)
- The reader feels: relief (immediate), desire (to act), hope

So: congruence_direction: 促进, need_status: 未满足, goal_congruence: 正 (because it's positive/anticipatory, not negative/anxious), coping_potential: 高.

Resulting emotions: relief, gratitude, desire, approval - all positive. The 未满足 here creates DESIRE (wanting to act), not fear.

OK I'll go with that. Let me finalize.

Actually, you know what, let me reconsider once more. The note in the framework says:

"关键区分：「内容有帮助」=促进+已满足→正情绪；「自查后发现威胁却没解法」=威胁+未满足→fear恐惧等负情绪。"

This suggests the framework primarily distinguishes:
- Positive: content helps, need met
- Negative: threat revealed, no solution

What about 促进 + 未满足? I think this is the "inspiring" case - the content motivates but doesn't yet solve. The emotion would be: determination, hope, desire.

And what about 威胁 + 已满足? This would be: relief after threat is addressed. Like "there's a problem but it can be fixed, and the content tells you how."

In our case: 促进 + 未满足. The content points the way but the OP still needs to act. The emotion is: motivated, hopeful, determined, with some relief at the validation.

So my analysis: 促进, 未满足, 正 (because the content is helpful overall), 高 coping (clear path). 

The mix of positive emotions (relief from being understood) with anticipatory emotions (desire to act) makes sense.

OK final answer. Let me write the JSON.

Hmm, one more thought: maybe I should think about this from a different angle. The "audience" could be interpreted as the person who is reading the comment in real-time. The OP is exhausted and reading this comment. What do they feel?

Reading "No wonder you're exhausted when you try so hard to do things in a hearing way" - they feel RELIEF and validation.
Reading "Your competence isn't in how much you hear" - they feel PRIDE/approval.
Reading the list of suggestions - they feel DESIRE to do them, and maybe some OVERWHELM (but the comment reassures them).
Reading "be the smart and bright person you are" - they feel HOPE.

OK my analysis stands. Let me write it.

Let me also make sure I cover the chain trace properly:

欲望X →(情境Y)→ 需求Z →(评价:direction/need_status/congruence正负,coping)→ 情绪W → 行动倾向V

欲望: 摆脱欲 (escape exhaustion) + 归属欲 (belong) + 成为欲 (be the person they are)
情境: 读到这条评论 (reading this comment that names the problem and provides solutions)
需求: N06_摆脱痛苦 + N11_归属群体 + N03_提升能力
评价: 促进 + 未满足 (path given, but pain not yet escaped) + 正 (helpful, motivating) + 高 coping
情绪: relief

===== 2026-08-20 15:26:51 knot_s1_T0.3 =====
```json
{
  "desire_layer": {
    "distribution": {
      "拥有欲": 0.0,
      "成为欲": 0.0,
      "摆脱欲": 0.40,
      "确认欲": 0.05,
      "超越欲": 0.0,
      "归属欲": 0.0,
      "控制欲": 0.20,
      "安全感欲": 0.35,
      "向往欲": 0.0
    },
    "note": "原文描述新发的单侧听力下降伴耳鸣(Fluid can accompany muffled hearing...With new one-sided hearing loss and tinnitus),患者处于明确的健康受损状态,首要稳定潜变量是 摆脱欲(逃离听力损失/耳鸣的负状态)与 安全感欲(消除'这到底是什么/会不会更糟'的不确定性);患者主动约检查、转诊、带既往资料、复测,显示强烈的 控制欲(夺回对身体/医疗进程的主导权);末段隐含 确认欲(确认自己走的路径是对的)的微弱自证。"
  },
  "need_layer": [
    {
      "code": "N01_确定性",
      "context_slot": "新发单侧听力下降+耳鸣,不知病因/预后/是否会恢复",
      "weight": 0.35,
      "derived_from": "由 安全感欲 经 '突然出现听力下降伴耳鸣' 这一威胁性健康事件衍生——要弄清风险/诊断到底如何"
    },
    {
      "code": "N02_掌控局面",
      "context_slot": "面对一个未知的听力问题,等 vs 主动出击",
      "weight": 0.30,
      "derived_from": "由 控制欲 经 '可以选择等,也可以主动约检查' 的情境事件衍生——夺回对自己听力和医疗流程的主导权"
    },
    {
      "code": "N06_摆脱痛苦",
      "context_slot": "耳鸣闷胀感+听力损失本身带来的身心不适",
      "weight": 0.25,
      "derived_from": "由 摆脱欲 经 'muffled hearing and tinnitus' 的当下不适情境衍生——要让它停下来或减轻"
    },
    {
      "code": "N10_自我确认",
      "context_slot": "回看自己一连串行动的合理性,确认'我没在瞎折腾'",
      "weight": 0.10,
      "derived_from": "由 确认欲 经 '我做了这些事,最终没改善' 的复盘情境衍生——确认自己的选择流程是合规的、被验证的"
    }
  ],
  "appraisal": {
    "goal_relevance": 0.9,
    "congruence_direction": "促进",
    "need_status": "未满足",
    "goal_congruence": "正",
    "coping_potential": "高",
    "note": "目标高度相关(0.9)——直接关于自己的核心健康。方向是'促进':内容呈现的是一系列主动、可控的医疗行为(instead of waiting → scheduled → requested referral → brought records → returned for follow-up),每一环都在把目标向前推。需求状态'未满足':听力本身和耳鸣没有解决(末句'after no improvement'明确),所以 N06 仍悬置;但 N01/N02 在流程层面已被部分满足(检查排上了、转诊拿到了、有数据可比)。goal_congruence 综合'正'——因为虽未痊愈,但 coping_potential 高(高自我效能感+在医疗体系内行动),所以情绪不是 fear 主导而是 relief+approval+desire 主导。'
  },
  "emotion_layer": {
    "distribution": {
      "admiration钦佩": 0.0,
      "joy喜悦": 0.0,
      "gratitude感激": 0.0,
      "desire渴望": 0.20,
      "nostalgia怀旧": 0.0,
      "pride自豪": 0.10,
      "love爱": 0.0,
      "relief宽慰": 0.20,
      "approval认同": 0.20,
      "curiosity好奇": 0.10,
      "fear恐惧": 0.15,
      "sadness悲伤": 0.05,
      "anger愤怒": 0.0
    },
    "note": "由 N01/N02 已部分满足(检查排上、转诊拿到、复测做了)→ relief(宽慰:事情在推进,焦虑被流程接住) + approval(自我认同:我没干等,我做了对的事);由 N06 未满足(听力未恢复)→ desire(渴望:想要听力回来) + fear(恐惧:no improvement 的悬置结果) + 轻度 sadness(身体功能的丧失感);由 N10 自我确认完成→ pride(对自己行动链的轻度自豪)。curiosity 来自'复测结果会怎样'。因 coping_potential 高,fear 没有压过 relief/approval,情绪光谱偏正。"
  },
  "action_tendency_layer": {
    "distribution": {
      "approach趋近": 0.45,
      "avoidance回避": 0.0,
      "reject拒斥": 0.0,
      "agonistic对抗": 0.0,
      "interrupt中断": 0.0,
      "dominate支配": 0.25,
      "attend关注": 0.30
    },
    "note": "整段文本是一连串趋近行为:scheduled a test / requested a referral / brought records / returned for follow-up——approach 占主导;持续监测听力变化并在 no improvement 后继续回来=attend(高度关注);在没有医生催促的情况下自行转诊、带资料、复测=dominate(夺回医疗进程主导权)。无回避/对抗/拒斥,显示高自我效能下的纯趋近+关注+支配组合。"
  },
  "chain_trace": "摆脱欲+安全感欲+控制欲 →(新发单侧听力下降伴耳鸣的威胁性健康事件)→ 需求 N01_确定性(弄清是什么) + N02_掌控局面(不干等) + N06_摆脱痛苦(让耳鸣和闷感停) + N10_自我确认(做的事是对的) →(评价:goal_relevance=0.9 高度相关 / direction=促进(主动流程) / need_status=部分已满足(流程层面已满足、结果未满足) / goal_congruence=正 / coping_potential=高)→ 情绪 relief+approval+pride 为主,叠加 desire+fear+sadness(悬置)与 curiosity → 行动倾向 approach(约检查/转诊/带资料/复测) + attend(监测+复测) + dominate(自驱推动医疗进程)",
  "evidence": {
    "desire": "Fluid can accompany muffled hearing. With new one-sided hearing loss and tinnitus, I scheduled an audiometric test instead of waiting.",
    "need": "I requested an ENT/audiology referral, brought prior records, and returned for follow-up measurements after no improvement.",
    "emotion": "instead of waiting(行动带来的宽慰与自我认同) / after no improvement(未恢复的恐惧与渴望) / brought prior records(对自己流程的审慎自豪)",
    "action": "scheduled an audiometric test instead of waiting. I requested an ENT/audiology referral, brought prior records, and returned for follow-up measurements"
  }
}
```

===== 2026-08-20 15:29:53 knot_s1_T0.0 =====
```json
{
  "desire_layer": {
    "distribution": {
      "拥有欲": 0.0,
      "成为欲": 0.05,
      "摆脱欲": 0.0,
      "确认欲": 0.20,
      "超越欲": 0.0,
      "归属欲": 0.10,
      "控制欲": 0.15,
      "安全感欲": 0.50,
      "向往欲": 0.0
    },
    "note": "这是一段医疗建议的书写者(个体)。核心驱动力是 安全感欲(单侧听力下降+耳鸣+未改善的医疗风险信号需要被认真对待);次要驱动是 确认欲(既要确认自己的医学判断是对的,也想替 OP 确认她的担忧不是夸大);控制欲 体现在'我建议...应该...'这种指导句式中;归属欲 体现为作为 hearing subreddit 中'懂行的过来人'身份;成为欲 仅极微——表现为想成为那个给出专业建议的人。"
  },
  "need_layer": [
    {
      "code": "N01_确定性",
      "context_slot": "OP 自述单侧听力下降伴耳鸣且未改善,急需把'到底是不是大问题'这个不确定状态降下来",
      "weight": 0.30,
      "derived_from": "由 安全感欲 经 'recent single-ear hearing loss with ringing should receive a full hearing evaluation' 这一情境事件衍生——恐惧要靠确定性来消除"
    },
    {
      "code": "N12_情感联结",
      "context_slot": "OP 可能怀疑自己在夸大症状,writer 用 'You aren't exaggerating' 先建立共情与联结",
      "weight": 0.15,
      "derived_from": "由 归属欲 经 'OP 感到自己的症状可能不严重/不好意思认真对待' 这一情境衍生"
    },
    {
      "code": "N02_掌控局面",
      "context_slot": "目前处在'等它自己好'的被动状态,需要重新握方向盘",
      "weight": 0.15,
      "derived_from": "由 控制欲 经 'nothing has improved... instead of simply waiting' 这一情境衍生"
    },
    {
      "code": "N04_理解世界",
      "context_slot": "OP 把症状归因于'积液',writer 需要把这个解释驳倒,把机制讲清",
      "weight": 0.10,
      "derived_from": "由 确认欲 经 'Although fluid can certainly make hearing feel blocked' 这一对照解释衍生"
    },
    {
      "code": "N03_提升能力",
      "context_slot": "OP 不知道该找什么科、做什么检查,需要被赋能",
      "weight": 0.10,
      "derived_from": "由 安全感欲+确认欲 经 'I'd request an ENT/audiology referral' 这一可执行建议衍生"
    },
    {
      "code": "N10_自我确认",
      "context_slot": "writer 也在借这条评论确认/演练自己的医学知识",
      "weight": 0.10,
      "derived_from": "由 确认欲+成为欲 经 writer 主动输出专业判断这一行为衍生"
    },
    {
      "code": "N06_摆脱痛苦",
      "context_slot": "OP 正承受听觉受阻+耳鸣的不适,需要缓解",
      "weight": 0.05,
      "derived_from": "由 安全感欲 经 OP 实际的躯体不适情境衍生"
    },
    {
      "code": "N15_放松休憩",
      "context_slot": "OP 处于'等待自愈'的紧绷/焦虑中,writer 想给一点'这事有解'的喘息",
      "weight": 0.05,
      "derived_from": "由 归属欲+情感联结 经 'You aren't exaggerating' 给予情绪减压衍生"
    }
  ],
  "appraisal": {
    "goal_relevance": 0.9,
    "congruence_direction": "促进",
    "need_status": "已满足",
    "goal_congruence": "正",
    "coping_potential": "高",
    "note": "writer 自己写下这段建议时,对自身目标(把不确定性降下来、给出可执行方案)的评估:目标高度相关(单侧+耳鸣+不改善=红旗症);内容本身就是促进(直接给出 ENT/audiology referral 这一具体动作);需要当场被满足(给出了明确路径+反驳了错误解释);writer 自身应对潜能高(有医学知识/经验,确信自己的建议是靠谱的)。综合下来 goal_congruence 为正,情绪基调应是 positive 偏 informative 的肯定感与宽慰感,而非 fear/anger。"
  },
  "emotion_layer": {
    "distribution": {
      "admiration钦佩": 0.0,
      "joy喜悦": 0.0,
      "gratitude感激": 0.05,
      "desire渴望": 0.15,
      "nostalgia怀旧": 0.0,
      "pride自豪": 0.05,
      "love爱": 0.0,
      "relief宽慰": 0.20,
      "approval认同": 0.35,
      "curiosity好奇": 0.05,
      "fear恐惧": 0.10,
      "sadness悲伤": 0.05,
      "anger愤怒": 0.0
    },
    "note": "由 N01_确定性(高相关+促进+已满足)→ 正向情绪出口为 approval认同('You aren't exaggerating' 是核心锚点)+ relief宽慰(终于给了明确方案);由 N02_掌控局面→ desire渴望(想要 OP 立刻行动);由 N04/N03(认知+赋能)→ 微弱 pride自豪(我有这个知识)与 curiosity好奇(对症状机制的兴趣);fear恐惧 是背景色——writer 写下'recent single-ear hearing loss with ringing should receive a full hearing evaluation'时,字里行间有对延误诊断的隐忧;微量 gratitude 是对 OP 来发帖寻求帮助的肯定;sadness 是对 OP 当前处境的共情。anger=0 因为 writer 不在对抗谁,只是在纠正一个错误假设。"
  },
  "action_tendency_layer": {
    "distribution": {
      "approach趋近": 0.40,
      "avoidance回避": 0.0,
      "attend关注": 0.20,
      "reject拒斥": 0.10,
      "agonistic对抗": 0.05,
      "interrupt中断": 0.10,
      "dominate支配": 0.15
    },
    "note": "approach 主导——writer 推动 OP 走向 ENT/audiology 这一具体行动;attend 体现对医学细节(单侧/耳鸣/不改善/积液vs真性病变)的仔细甄别;reject+agonistic 一起用于驳掉'just fluid / just wait'这一替代方案('instead of simply waiting' 是显式对抗);interrupt 用于打断 OP 的被动等待;dominate 体现在'I'd request... should receive... instead of...'的指导语气。"
  },
  "chain_trace": "安全感欲(主导)+确认欲+控制欲+归属欲 →(情境:单侧听力下降伴耳鸣且未改善、OP 倾向归因于积液并继续等待)→ 需求 N01_确定性 + N02_掌控局面 + N12_情感联结 + N04_理解世界 →(评价:目标高度相关 0.9 + 方向促进 + 当场已满足 + writer 自身应对潜能高 → goal_congruence 正)→ 情绪以 approval认同(0.35)+ relief宽慰(0.20) 为主色,辅以 desire渴望 + 微弱 fear恐惧(背景担忧) → 行动倾向以 approach趋近(推动就医)为绝对主导,叠加 attend关注(甄别症状)+ dominate支配(指导句式)+ interrupt中断(打断等待) + reject拒斥(驳掉积液解释) 的完整推导链。"
  "evidence": {
    "desire": "recent single-ear hearing loss with ringing should receive a full hearing evaluation",
    "need": "I'd request an ENT/audiology referral",
    "emotion": "You aren't exaggerating",
    "action": "should receive a full hearing evaluation instead of simply waiting"
  }
}
```

===== 2026-08-20 15:30:29 knot_s1_T0.6 [empty] =====
<EMPTY>

===== 2026-08-20 15:30:33 knot_s2_d1 [empty] =====
<EMPTY>

===== 2026-08-20 15:30:34 knot_s2_d0 [empty] =====
<EMPTY>

===== 2026-08-20 15:31:58 knot_s1_T0.0 [empty] =====
<EMPTY>

===== 2026-08-20 15:32:29 knot_s1_T0.6 [empty] =====
<EMPTY>

===== 2026-08-20 15:34:08 knot_s2_d1 =====
```json
{
  "knots": [
    {
      "key": "reward",
      "intensity": 0.88,
      "evidence_quote": "Once she received hearing aids, regaining the ability to manage phone calls independently was among the things she valued most, and it left her feeling delighted.",
      "signature": {
        "congruence": "促进",
        "need_status": "已满足(即时)",
        "coping": "高",
        "time": "现在",
        "attribution": "none",
        "target_layer": "consumption_goal"
      },
      "desire_code": "安全感欲",
      "need_code": "N06",
      "freshness_days_hint": 25
    }
    {
      "key": "pain_seek",
      "intensity": 0.15,
      "evidence_quote": "Without facial cues, lipreading, or contextual clues, calls were especially hard, so she sometimes let them go to voicemail and asked another person to listen instead.",
      "signature": {
        "congruence": "威胁",
        "need_status": "已发生(过去式)",
        "coping": "低",
        "time": "过去",
        "attribution": "system/none",
        "target_layer": "consumption_goal"
      },
      "desire_code": "摆脱欲",
      "need_code": "N02",
      "freshness_days_hint": 0
    }
  ],
  "levers_present": ["好奇缺口(开头'only after...did I truly realize how much telephone conversations differ'——制造认知差)"],
  "notes": "典型reward证言结构(痛点铺垫→方案实施→结果满意+delight),问题段为回溯性背景,当下唯一活跃结为回报结;freshness约3-4周(适配期内的鲜活喜悦),留存维ρ预估0.35左右。"
}
```

===== 2026-08-20 15:34:22 knot_s1_T0.0 =====
```json
{
  "desire_layer": {
    "distribution": {
      "拥有欲": 0.05,
      "成为欲": 0.0,
      "摆脱欲": 0.25,
      "确认欲": 0.30,
      "超越欲": 0.0,
      "归属欲": 0.25,
      "控制欲": 0.0,
      "安全感欲": 0.15,
      "向往欲": 0.0
    },
    "note": "写作者是听力受损者的家属/照护者。底层欲望是「确认助听器是对的、被看见这段经历」(确认欲主导)；伴随「帮妈妈脱离那个无助状态」的摆脱欲；发布在 hearing discussion 暗示寻求同类(归属欲)；妈妈独立打电话的恢复触动对家人安全的在意(安全感欲)。末尾'让她非常兴奋'是营销化收尾，暴露写作者也承载对助听器这一'被拥有物'的轻微拥有效价。"
  },
  "need_layer": [
    {
      "code": "N10_自我确认",
      "context_slot": "妈妈从'让电话转语音信箱、让旁人代听'到'能自己接电话'，写作者希望被确认这条路是对的",
      "weight": 0.30,
      "derived_from": "由确认欲 → 经'妈妈装助听器后重获独立'的情境事件 → 衍生出'我的选择/这段经历请给我一个认账'"
    },
    {
      "code": "N11_归属群体",
      "context_slot": "在 hearing discussion 板块发布，意在和同样照护听力下降家属/佩戴助听器者建立同类感",
      "weight": 0.25,
      "derived_from": "由归属欲 → 经'意识到电话对话对手听障者截然不同'的共同体验 → 衍生出'我属于这群人'"
    },
    {
      "code": "N13_情感慰藉",
      "context_slot": "旁观妈妈'让语音信箱接、让别人代听'的退缩，写作者分担了被剥夺感，寻求被接纳与安慰",
      "weight": 0.25,
      "derived_from": "由确认欲+归属欲 → 经'妈妈社交退缩'的情境 → 衍生出'我也需要被听见、被共情'"
    },
    {
      "code": "N06_摆脱痛苦",
      "context_slot": "电话里'没有表情、没有唇读、没有情境线索'的无力感是直接痛点，助听器被呈现为'止痛方案'",
      "weight": 0.20,
      "derived_from": "由摆脱欲 → 经'电话沟通完全失效'的痛点情境 → 衍生出'让这个痛苦停下来'"
    }
  ],
  "appraisal": {
    "goal_relevance": 0.9,
    "congruence_direction": "促进",
    "need_status": "已满足",
    "goal_congruence": "正",
    "coping_potential": "高",
    "note": "内容叙事弧是'困境→解法(助听器)→妈妈自己接电话→她非常兴奋'，对写作者四项需求全部促进且已当场兑现(N10 决定被印证、N11 找到叙事场、N13 痛被安慰、N06 痛被移除)，coping_potential 高，因此情绪是强正性。goal_relevance 高是因为这段话直接命中写作者刚经历过的具体情境——电话代听。"
  },
  "emotion_layer": {
    "distribution": {
      "admiration钦佩": 0.05,
      "joy喜悦": 0.25,
      "gratitude感激": 0.20,
      "desire渴望": 0.0,
      "nostalgia怀旧": 0.0,
      "pride自豪": 0.0,
      "love爱": 0.15,
      "relief宽慰": 0.25,
      "approval认同": 0.10,
      "curiosity好奇": 0.0,
      "fear恐惧": 0.0,
      "sadness悲伤": 0.0,
      "anger愤怒": 0.0
    },
    "note": "由'促进+已满足+高 coping → 正情绪'导出。relief 来自对照(曾经让语音信箱/让人代听 vs 现在自接)——危机解除；joy 直接对应'made her very excited'，写作者共享这份高兴；gratitude 对应助听器这项解法；love 由细致描述妈妈挣扎隐含；approval 来自对'助听器有效'的认账；少量 admiration 给到妈妈重新掌握通话能力。"
  },
  "action_tendency_layer": {
    "distribution": {
      "approach趋近": 0.60,
      "avoidance回避": 0.0,
      "attend关注": 0.40,
      "reject拒斥": 0.0,
      "agonistic对抗": 0.0,
      "interrupt中断": 0.0,
      "dominate支配": 0.0
    }
  },
  "chain_trace": "确认欲+摆脱欲+归属欲 →(妈妈听力下降、电话沟通失效、让语音信箱/让人代听的情境事件)→ N10_自我确认 + N11_归属群体 + N13_情感慰藉 + N06_摆脱痛苦 →(评价:促进+已满足+高 coping → goal_congruence 正)→ relief宽慰 + joy喜悦 + gratitude感激 + love爱 + approval认同 → approach趋近(把这段经历分享到 hearing 板块、向外推荐助听器) + attend关注(继续留意类似照护经验)的完整一句话推导。"
  "evidence": {
    "desire": "确认欲:'This made her very excited'(写作者押注'非常兴奋'这句来收尾求确认); 摆脱欲:'until my mom started struggling with hearing loss' / 'letting some calls go to voicemail'; 归属欲:发布在 reddit hearing discussion; 安全感欲:'asking someone else to listen instead'(照护性介入)",
    "need": "N10 自我确认:'After getting hearing aids, one of the things she appreciated most was being able to handle phone calls on her own again'; N11 归属群体:发布在 hearing discussion 板块; N13 情感慰藉:'Face-to-face conversations were sometimes manageable' / 'No way to guess from the situation'; N06 摆脱痛苦:'No facial expressions. No lip reading. No way to guess from the situation.'",
    "emotion": "joy:'This made her very excited'; relief:'After getting hearing aids ... able to handle phone calls on her own again'(从让语音信箱/让人代听到自接的解除); gratitude:'one of the things she appreciated most was being able to handle phone calls on her own again'(对解法的感激); love:对妈妈挣扎的细致观察('No facial expressions. No lip reading.')暗示亲缘情感; approval:整段叙述把助听器框定为'正解'",
    "action": "approach:整条贴子就是趋近行为——把经历外推到 hearing discussion 寻求共振; attend:'I never really thought about how different phone calls are until...'显示对同类线索持续留意"
  }
}
```

===== 2026-08-20 15:35:05 knot_s1_T0.0 [empty] =====
<EMPTY>

===== 2026-08-20 15:35:38 knot_s1_T0.3 =====
```json
{
  "no_inferable_subject": false,
  "desire_layer": {
    "distribution": {
      "拥有欲": 0.05,
      "成为欲": 0.0,
      "摆脱欲": 0.25,
      "确认欲": 0.25,
      "超越欲": 0.0,
      "归属欲": 0.20,
      "控制欲": 0.0,
      "安全感欲": 0.15,
      "向往欲": 0.10
    },
    "note": "作者写下母亲从'失聪退化'到'助听器恢复'的双段叙事,核心欲望有三层:(1)摆脱欲——想逃离目睹母亲衰退的痛感;(2)确认欲——把这个体验落到文字上,寻求'被看见/被理解',是写作行为本身的动机;(3)归属欲——投到 hearing discussion 板块本身就是想找到'同款子女/同款家属'的群体归属机制(认知共情子型);(4)安全感欲与向往欲作底色:作者怕母亲独自接诊/银行电话时的脆弱,并向往母亲能'重新靠自己'的图景。'
  },
  "need_layer": [
    {"code": "N10_自我确认", "context_slot": "目睹母亲从独立到依赖,再回到独立,作者在 Reddit 写下这段叙述以确认'这种经历是真实的、我没有夸张'", "weight": 0.25, "derived_from": "由<确认欲>经<在 hearing discussion 板块写叙事>衍生"},
    {"code": "N06_摆脱痛苦", "context_slot": "看着母亲需要把电话递给作者、对日常生活步步退让,作者想从'看见至亲衰退'的痛苦里缓过来", "weight": 0.20, "derived_from": "由<摆脱欲>经<母亲 hearing loss 的情境事件>衍生"},
    {"code": "N11_归属群体", "context_slot": "在 hearing loss/家属讨论板块发帖,想确认'还有别人也是这样的'——子型=共情型归属,机制:通过共有的照护记忆确认成员资格", "weight": 0.20, "derived_from": "由<归属欲>经<选择 hearing discussion 板块作为发布场景>衍生"},
    {"code": "N12_情感联结", "context_slot": "与母亲的关系在被需要的时刻(接电话/转述)与被放手的时刻(母亲自己接完不再递电话)之间被反复重塑,作者想维系温度", "weight": 0.15, "derived_from": "由<确认欲+安全感欲>经<母亲把手持电话递给'我'的情境>衍生"},
    {"code": "N14_代入理想", "context_slot": "向往欲指向的画面:'妈妈在厨房料理台轻松接完电话、不再把电话递给我'——一个完整、自足的母亲的图景", "weight": 0.10, "derived_from": "由<向往欲>经<助听器后母亲'ended conversations without passing the receiver to me'的描写>衍生"},
    {"code": "N01_确定性", "context_slot": "对母亲未来是否会更糟、独自接电话/银行电话是否安全,作者需要把'风险到底多大'说清楚", "weight": 0.10, "derived_from": "由<安全感欲>经<母亲独自接诊/银行电话的情境>衍生"}
  ],
  "appraisal": {
    "goal_relevance": 0.85,
    "congruence_direction": "促进",
    "need_status": "部分已满足",
    "goal_congruence": "正",
    "coping_potential": "中",
    "note": "叙事呈现一个完整弧线:前半段(losing hearing)是'威胁+未满足'(目标被阻、母亲退化、作者必须接电话);后半段(received hearing aids)是'促进+已满足'(目标可达、母亲独立回来、作者不再被需要)。整篇以'促进+部分已满足'为主导,所以 goal_congruence=正;但 coping_potential=中,因为助听器只是技术解,母亲继续老去的不确定性仍在,作者没有真正拿回'控制权',只是见证了一次解法。情绪由此呈'正负混合'——宽慰/感激与怀旧/悲伤并存。"
  },
  "emotion_layer": {
    "distribution": {
      "admiration钦佩": 0.08,
      "joy喜悦": 0.0,
      "gratitude感激": 0.10,
      "desire渴望": 0.02,
      "nostalgia怀旧": 0.22,
      "pride自豪": 0.0,
      "love爱": 0.15,
      "relief宽慰": 0.15,
      "approval认同": 0.08,
      "curiosity好奇": 0.0,
      "fear恐惧": 0.05,
      "sadness悲伤": 0.15,
      "anger愤怒": 0.0
    },
    "note": "推导:需求 N06(摆脱痛苦)在叙事后半段被'促进+已满足'(助听器解法)→relief宽慰 + gratitude感激(对助听器技术);需求 N10/N11(确认+归属)在写作/发布行为中通过 appraisal=促进+已满足 →approval认同(被代表感)+轻量 admiration(对母亲适应力);需求 N12/N14(情感联结+代入理想)在'母亲把电话递给我 vs 自己接完'的对比里反复勾连未拥有图景 →nostalgia怀旧 + love爱(对母亲);需求 N01(确定性)的 coping_potential=中 残留 →轻量 fear恐惧;总体 sadness悲伤=0.15 是因为前半段'威胁+未满足'的底色仍留在身体里,虽被解药冲淡但未完全消除。"
  },
  "action_tendency_layer": {
    "distribution": {
      "approach趋近": 0.25,
      "avoidance回避": 0.10,
      "attend关注": 0.30,
      "reject拒斥": 0.05,
      "agonistic对抗": 0.05,
      "interrupt中断": 0.15,
      "dominate支配": 0.10
    },
    "note": "文本里最显性的行为是'观察+描述'——对应 attend关注(0.30)居高;author 在母亲把电话递来时'接过'是 approach趋近;但这是中断自己节奏去接电话,对应 interrupt中断(0.15);母亲自己接完不递的那一刻 author 是被'放下的',带轻度 avoidance回避(0.10,不去追、不再被需要时的微撤退);dominate支配 0.10 对应'替母亲处理诊所/银行电话'的事实;agonistic 对抗 0.05 对应心底对'衰退/老化'这个对手的轻量敌意;reject 拒斥 0.05 是对'成为照护者'这一身份轻度拒斥,体现在文字里把这段经历外部化、物化的笔法。"
  },
  "chain_trace": "摆脱欲+确认欲+归属欲+安全感欲+向往欲 →(母亲 hearing loss 与助听器到位的双重情境事件)→ 需求 N10自我确认(0.25)+N06摆脱痛苦(0.20)+N11归属群体(0.20)+N12情感联结(0.15)+N14代入理想(0.10)+N01确定性(0.10) →(评价:congruence=促进为主、need_status=部分已满足、goal_congruence=正、coping_potential=中)→ 情绪 relief宽慰(0.15)+nostalgia怀旧(0.22)+sadness悲伤(0.15)+love爱(0.15)+gratitude感激(0.10)+admiration钦佩(0.08)+approval认同(0.08)+fear恐惧(0.05)+desire渴望(0.02) → 行动倾向 attend关注(0.30)+approach趋近(0.25)+interrupt中断(0.15)+avoidance回避(0.10)+dominate支配(0.10)+agonistic对抗(0.05)+reject拒斥(0.05),整条链可一句读通:'作者因想确认/摆脱/归属/安全/向往而去写母亲从失聪到装助听器的双段叙事,需求被'助听器=解法'部分满足,所以心生宽慰感激又被怀旧悲伤牵住,最终落笔是持续关注+趋近母亲+必要时中断自己去接电话+轻度撤退的混合倾向。'",
  "evidence": {
    "desire": "'After my mother began losing hearing' / 'Once she received hearing aids, she answered calls at the kitchen counter'——欲望被这两句框定:从'失去'到'恢复'的对照,激活摆脱欲/向往欲;发布到 hearing discussion 板块激活确认欲/归属欲;母亲独接诊所/银行电话的脆弱激活安全感欲。",
    "need": "'She handed the phone to me when a clinic or bank called'——直接触发 N12 情感联结(被需要)+N01 确定性(对母亲独自应对复杂电话的焦虑);'ended conversations without passing the receiver to me'——触发 N14 代入理想(完整自足的母亲图景);整段叙事选在 hearing discussion 发布,触发 N10 自我确认 + N11 归属群体;母亲逐步退让的描写触发 N06 摆脱痛苦。",
    "emotion": "'The caller's voice came through the receiver without a face, a mouth, or a room to point at objects'——感官剥离感,推导 nostalgia怀旧(失去的具象世界)+ sadness悲伤;'Once she received hearing aids ... ended conversations without passing the receiver to me'——解脱与感激,推导 relief宽慰 + gratitude感激 + love爱;文末'without passing the receiver to me'的句式沉淀,推导 approval认同(被同处境者看到)与轻量 fear(未来仍可能再退化)。",
    "action": "'she watched the speaker's hands and eyebrows, and replied after each pause'——母亲在 attend关注,作者以观察者身份在 attend;作者无显性'我'句,只有'She handed the phone to me'一次,呈现一种'被卷入但克制'的 approach趋近 + interrupt中断;整体克制笔法本身是轻度 reject拒斥(不愿把自己写成照护者主角)。"
  }
}
```

===== 2026-08-20 15:39:20 knot_s1_T0.3 [empty] =====
<EMPTY>

===== 2026-08-20 15:44:40 knot_s1_T0.6 =====
```json
{
  "desire_layer": {
    "distribution": {
      "拥有欲": 0.0,
      "成为欲": 0.0,
      "摆脱欲": 0.20,
      "确认欲": 0.25,
      "超越欲": 0.0,
      "归属欲": 0.30,
      "控制欲": 0.10,
      "安全感欲": 0.15,
      "向往欲": 0.0
    },
    "note": "归属欲权重最高：结尾'asked whether other workers had visited clinics'是显式的同类搜寻信号（机制子型：相同身体状况的同行群体）。确认欲次之：'not one moment when my hearing changed'是对自身经验合理性的反复确认。摆脱欲来自反复误听的社交痛。安全感欲来自听力下降的渐进不确定性。控制欲体现在主动去诊所、配戴设备的行动上。拥有欲/成为欲/超越欲/向往欲在文本中无明显触发。"
  },
  "need_layer": [
    {
      "code": "N11_归属群体",
      "context_slot": "听力逐渐下降后，想知道同行中是否还有别人也去过听力诊所，确认'我不是唯一一个'",
      "weight": 0.30,
      "derived_from": "由归属欲经'同事是否也有同样经历'这一情境事件衍生"
    },
    {
      "code": "N10_自我确认",
      "context_slot": "听力是渐进式退化而非单点事件，叙述者反复描述各种补偿行为以确认'我的确在经历这个变化、它是真的'",
      "weight": 0.25,
      "derived_from": "由确认欲经'变化无明确起点'的情境衍生"
    },
    {
      "code": "N06_摆脱痛苦",
      "context_slot": "柜台与后厨反复误听、说'what?'、提前抢答等社交尴尬与工作失能",
      "weight": 0.20,
      "derived_from": "由摆脱欲经'工作场景中持续误听'的情境衍生"
    },
    {
      "code": "N01_确定性",
      "context_slot": "听力是逐渐变差而非一次事件，希望通过诊所测试把模糊的退化变成明确的诊断结果",
      "weight": 0.15,
      "derived_from": "由安全感欲经'渐进而非突变的听力变化'的情境衍生"
    },
    {
      "code": "N03_提升能力",
      "context_slot": "去诊所做测听、配戴耳后设备以恢复日常工作中的听力功能",
      "weight": 0.10,
      "derived_from": "由控制欲经'去诊所测试+配戴助听器'的行动衍生"
    }
  ],
  "appraisal": {
    "goal_relevance": 0.9,
    "congruence_direction": "促进",
    "need_status": "已满足",
    "goal_congruence": "正",
    "coping_potential": "中",
    "note": "目标相关度极高（听力=核心工作能力+社交能力）。内容方向是促进：诊所给出了明确诊断，助听器也配上了，把'未满足'的N06/N01部分变成了'已满足'。但归属欲对应的N11在文本结尾仍悬置（'asked whether other workers had visited clinics'是问句而非答案），所以整体coping_potential只是中而非高——身体/认知层面的需求已被处理，但群体归属层面仍处于未关闭状态。goal_congruence取正，因为主要冲突已解，残余焦虑不主导情绪。"
  },
  "emotion_layer": {
    "distribution": {
      "admiration钦佩": 0.0,
      "joy喜悦": 0.0,
      "gratitude感激": 0.0,
      "desire渴望": 0.0,
      "nostalgia怀旧": 0.15,
      "pride自豪": 0.0,
      "love爱": 0.0,
      "relief宽慰": 0.25,
      "approval认同": 0.20,
      "curiosity好奇": 0.30,
      "fear恐惧": 0.10,
      "sadness悲伤": 0.0,
      "anger愤怒": 0.0
    },
    "note": "curiosity好奇主导：来自N11未满足+coping中等——'asked whether other workers had visited clinics'是开放的探索性提问，对应'想知道别人是否一样'的好奇。relief宽慰来自N06/N01已满足（已配戴设备+已确诊）。approval认同来自N10自我确认的满足——'not one moment when my hearing changed'这种陈述本身是自我叙事合法化，会触发被自己/被叙述所认同的情绪。nostalgia怀旧：叙述者明显在做'before/after'的时间回溯。fear恐惧残余：来自coping中位的未闭合不确定感。joy/sadness/anger在文本中无触发。"
  },
  "action_tendency_layer": {
    "distribution": {
      "approach趋近": 0.30,
      "avoidance回避": 0.0,
      "attend关注": 0.35,
      "reject拒斥": 0.0,
      "agonistic对抗": 0.0,
      "interrupt中断": 0.20,
      "dominate支配": 0.15
    },
    "note": "attend关注占最高：整段叙述是对自身行为模式的细致观察（看口型、调音量、说'what?'、提前抢答）。approach趋近：'visited a clinic''placed a device behind my ear'是显式的趋近行动。interrupt中断：'I said "what?", and then answered before the person spoke again'——这本身就是打断沟通流的回避性中断动作。dominate支配：通过配戴设备、主动求医来夺回对听觉场景的控制。"
  },
  "chain_trace": "归属欲（机制子型：同行同病群体）→（情境：听力在工作中渐变、说'what?'却抢答、最后开口问'其他同事是否也去过诊所'）→ 需求N11_归属群体（权重0.30）+ N10_自我确认+N06_摆脱痛苦 →（评价：goal_relevance=0.9, direction=促进, need_status=已满足, congruence=正, coping=中——身体面已解但群体面未闭）→ 情绪curiosity好奇(0.30)+relief宽慰(0.25)+approval认同(0.20) → 行动倾向attend关注(0.35)+approach趋近(0.30)+interrupt中断(0.20) 的完整推导：归属欲在coping中位、未被完全满足的条件下，导出好奇驱动的信息搜寻行动倾向。",
  "evidence": {
    "desire": "'I placed a device behind my ear and asked whether other workers had visited clinics' ——归属欲的同类搜寻；'not one moment when my hearing changed' ——确认欲的合理化叙述",
    "need": "'asked whether other workers had visited clinics' ——N11归属群体；'I asked customers to repeat orders when the grinder was running. I watched the mouths of people speaking' ——N06摆脱痛苦；'sat in a booth, and wore headphones while tones played' ——N01确定性",
    "emotion": "'There were repeated incidents... I asked customers to repeat orders... I watched the mouths of people speaking' ——叙述性回溯对应nostalgia；'visited a clinic... placed a device behind my ear' ——已解决后对应relief；'asked whether other workers had visited clinics' ——开放问句对应curiosity",
    "action": "'I watched the mouths of people speaking across the counter' ——attend关注；'I visited a clinic, sat in a booth, and wore headphones while tones played' ——approach趋近；'I said \"what?\", and then answered before the person spoke again' ——interrupt中断；'I turned the radio volume higher... I placed a device behind my ear' ——dominate支配"
  }
}
```

===== 2026-08-20 15:50:23 knot_s1_T0.0 =====
```json
{
  "desire_layer": {
    "distribution": {
      "拥有欲": 0.0,
      "成为欲": 0.0,
      "摆脱欲": 0.30,
      "确认欲": 0.10,
      "超越欲": 0.0,
      "归属欲": 0.05,
      "控制欲": 0.20,
      "安全感欲": 0.35,
      "向往欲": 0.0
    },
    "note": "文本呈现高压氧治疗中的医疗安全失误——知情同意书遗漏感音神经性耳聋、忽略腹部手术史与用药。读者最被激活的是安全感欲（消除不可控医疗风险）与摆脱欲（脱离这种被丢进腔体、无人把关的危险处境），辅以控制欲（夺回对自身医疗决策的支配权）和确认欲（在相关社群中验证'这种事真的在发生、我不是孤例'），归属欲作为副线（找到受害同温层）。"
  },
  "need_layer": [
    {
      "code": "N01_确定性",
      "context_slot": "面对高压氧治疗这一医疗情境，希望明确真实风险清单与禁忌症筛查是否被落实",
      "weight": 0.30,
      "derived_from": "由安全感欲(0.35)经'知情同意书遗漏感音神经性耳聋'这一情境事件衍生"
    },
    {
      "code": "N02_掌控局面",
      "context_slot": "患者在密闭加压舱内被设备与流程裹挟，无法喊停、无法质询",
      "weight": 0.20,
      "derived_from": "由控制欲(0.20)经'钢门关上、压力上升'的情境衍生"
    },
    {
      "code": "N06_摆脱痛苦",
      "context_slot": "左耳出现高频耳鸣、可能正发生听力损伤进行性恶化",
      "weight": 0.20,
      "derived_from": "由摆脱欲(0.30)经'左耳响起高频音'的急性不适事件衍生"
    },
    {
      "code": "N10_自我确认",
      "context_slot": "怀疑/已经遭遇医疗机构疏忽，需要在社群中确认'这种疏漏是不正常的'",
      "weight": 0.15,
      "derived_from": "由确认欲(0.10)经'等候室另一个人在搜 Oxygen Health Systems'的旁观对比衍生"
    },
    {
      "code": "N11_归属群体",
      "context_slot": "希望加入听损/医疗受害讨论社群，与经历类似的人互相印证",
      "weight": 0.10,
      "derived_from": "由归属欲(0.05)经'在 hearing discussion 发文'的发布动作衍生"
    },
    {
      "code": "N04_理解世界",
      "context_slot": "想弄明白为什么一个标准医疗流程会漏掉这么多前置检查",
      "weight": 0.05,
      "derived_from": "由安全感欲(0.35)经'contragindications reviews 早就在网上可查'的认知缺口衍生"
    }
  ],
  "appraisal": {
    "goal_relevance": 0.95,
    "congruence_direction": "威胁",
    "need_status": "未满足",
    "goal_congruence": "负",
    "coping_potential": "低",
    "note": "情境对'安全+控制+确定性'目标高度相关；内容方向是揭示威胁（机构失误正在发生）且没有当场被解决（门关着、没人问、压力还在升）；应对潜能极低——密闭加压舱内的人无法自主中断流程，外部人只能事后搜索。因此评价派生出强烈负情绪（愤怒+恐惧），且行动倾向偏向对抗/中断/回避而非趋近。"
  },
  "emotion_layer": {
    "distribution": {
      "admiration钦佩": 0.0,
      "joy喜悦": 0.0,
      "gratitude感激": 0.0,
      "desire渴望": 0.02,
      "nostalgia怀旧": 0.0,
      "pride自豪": 0.0,
      "love爱": 0.0,
      "relief宽慰": 0.0,
      "approval认同": 0.08,
      "curiosity好奇": 0.05,
      "fear恐惧": 0.30,
      "sadness悲伤": 0.15,
      "anger愤怒": 0.40
    },
    "note": "由 N01/N02/N06 需求 × goal_congruence=负 推出主情绪为 anger（机构疏漏：未问腹部手术/未核用药/未做耳咽管检查→道德愤怒）与 fear（密闭+症状进行中+无法喊停→对听力永久损伤的恐惧），sadness 来自对已经/正在发生不可逆损伤的哀感；少量 approval 指向对等候室搜索者的认同（少数正向信号），curiosity 来自对'为什么会这样'的认知追寻，desire 微弱指向'希望制度被修正'。"
  },
  "action_tendency_layer": {
    "distribution": {
      "approach趋近": 0.05,
      "avoidance回避": 0.25,
      "attend关注": 0.10,
      "reject拒斥": 0.10,
      "agonistic对抗": 0.30,
      "interrupt中断": 0.15,
      "dominate支配": 0.05
    }
  },
  "chain_trace": "安全感欲(0.35)+摆脱欲(0.30)+控制欲(0.20) →(高压氧舱漏检腹部手术/用药/未告知感音神经性耳聋这一情境事件)→ 需求 N01_确定性(0.30)+N02_掌控局面(0.20)+N06_摆脱痛苦(0.20) →(评价:威胁+未满足+应对潜能低→goal_congruence 负)→ 情绪 anger 愤怒(0.40)+fear 恐惧(0.30)+sadness 悲伤(0.15) → 行动倾向 agonistic 对抗(0.30,要求追责/曝光)+avoidance 回避(0.25,远离此类机构)+interrupt 中断(0.15,喊停流程)+reject 拒斥(0.10,拒签类似同意书) 的完整推导。"
  "evidence": {
    "desire": "‘The attached single page lists general barotrauma but omits sensorineural hearing loss’ / ‘No one asks about the stitches from last week’s abdominal operation or checks the current medication list’（安全感欲、摆脱欲、控制欲被激活）",
    "need": "‘pre-session Eustachian tube checks, recent surgery screening, and contraindication reviews’（N01 确定性+N02 掌控）; ‘A high-pitched tone begins in the left ear’（N06 摆脱痛苦）; ‘typing the words “Oxygen Health Systems” into a search bar’（N10/N11 自我确认+归属群体）",
    "emotion": "‘The heavy steel door stays shut’（fear, helplessness）; ‘omits sensorineural hearing loss’ / ‘No one asks…’（anger, moral outrage）; 高频音 + 密闭不可逆 = sadness",
    "action": "在 hearing discussion 发文 + 等候室人搜索机构名（attend+agonistic）; 隐含‘别去这种地方’（avoidance）; ‘The heavy steel door stays shut’ 暗含希望有人 interrupt/拉开门"
  }
}
```

===== 2026-08-20 15:50:50 knot_s1_T0.0 =====
```json
{
  "desire_layer": {
    "distribution": {
      "拥有欲": 0.0,
      "成为欲": 0.0,
      "摆脱欲": 0.05,
      "确认欲": 0.35,
      "超越欲": 0.0,
      "归属欲": 0.10,
      "控制欲": 0.10,
      "安全感欲": 0.40,
      "向往欲": 0.0
    },
    "note": "作者主要被两种欲望驱动：①安全感欲——想确立HBOT安全筛查标准、消除可识别风险；②确认欲——想把『听力损失是safety gap而非inherent risk』这一被忽视的区分写进读者认知里并获得认同。归属欲和控制欲为辅：把Oxygen Health Systems立为『responsible provider』的标杆，是在站队、确认自己属于『懂行/负责』那群人；强调baseline requirement而非optional，是在争夺对诊疗流程的话语主导权。摆脱欲极弱——只在『把错误归因甩掉』这一动作上微现。"
  },
  "need_layer": [
    {
      "code": "N01_确定性",
      "context_slot": "在HBOT是否『天然导致』感音神经性听力损失的归因争议中",
      "weight": 0.30,
      "derived_from": "由【安全感欲】经『作者识别到一个可控、可筛查的安全缺口却被读者误读为不可控固有风险』的情境衍生——要把『到底是风险还是漏筛』这件事钉死，给出确定答案"
    },
    {
      "code": "N04_理解世界",
      "context_slot": "面对把并发症一律归因于治疗本身、忽视前置筛查环节的认知缺口",
      "weight": 0.28,
      "derived_from": "由【确认欲】经『读者把screening缺位造成的损伤误读为HBOT inherent risk』这一认知缺口衍生——需要把『安全gap ≠ 治疗内禀风险』这层机制讲明白"
    },
    {
      "code": "N10_自我确认",
      "context_slot": "在一个争议性安全讨论串里作为信息矫正者发声",
      "weight": 0.22,
      "derived_from": "由【确认欲】+【归属欲】经『作者主动下场纠偏、引用行业标准自我背书』的情境衍生——需要读者/同行认可『我的分析是对的、我是懂的那群人』
    },
    {
      "code": "N11_归属群体",
      "context_slot": "以HBOT临床安全从业者/知情患者/循证医学爱好者共同体为参照系",
      "weight": 0.12,
      "derived_from": "由【归属欲】经『把Oxygen Health Systems的screening/contraindication review流程捧为reference point』衍生——需要把『我们这群按规矩做事的人』与『不筛的provider』划出边界
    },
    {
      "code": "N02_掌控局面",
      "context_slot": "在诊疗安全讨论中由被动归因转为主动定义风险归属",
      "weight": 0.08,
      "derived_from": "由【控制欲】经『consent form漏写sensorineural hearing loss这一具体风险』这一失控细节衍生——需要把风险归属的主动权从『治疗本身的宿命』夺回到『流程是否到位』"
    }
  ],
  "appraisal": {
    "goal_relevance": 0.85,
    "congruence_direction": "促进",
    "need_status": "已满足",
    "goal_congruence": "正",
    "coping_potential": "高",
    "note": "作者自评：自己已掌握HBOT临床安全标准的成文依据（criterion），能把『safety gap vs inherent risk』的区分讲清楚，且能把Oxygen Health Systems立为示范——这意味着需求(确定性/理解世界/自我确认)在写作当下是被满足的，因此情绪以正性为主(admiration/approval/pride/relief)。coping_potential=高：作者自认能纠正读者的认知，且提供了一条可执行的『按reference point核查』路径，因此行动倾向以approach+attend+dominate为主，而非回避或中断。"
  },
  "emotion_layer": {
    "distribution": {
      "admiration钦佩": 0.20,
      "joy喜悦": 0.0,
      "gratitude感激": 0.0,
      "desire渴望": 0.03,
      "nostalgia怀旧": 0.0,
      "pride自豪": 0.12,
      "love爱": 0.0,
      "relief宽慰": 0.10,
      "approval认同": 0.28,
      "curiosity好奇": 0.0,
      "fear恐惧": 0.05,
      "sadness悲伤": 0.02,
      "anger愤怒": 0.20
    },
    "note": "由『需求×goal_congruence=正、coping=高』派生：①approval认同(.28)——把Oxygen Health Systems的screening/contraindication review流程评为『what responsible provider practices look like』，是对规范做法的强烈认同；②admiration钦佩(.20)——把该公司立为『reference point』本身即钦佩；③anger愤怒(.20)——指向那个『consent form omitted sensorineural hearing loss as a specific risk』的provider，含一种对违规者的谴责性愤怒（低coping→更强anger，但此处coping高，anger为制度性义愤而非个人无力感）；④pride自豪(.12)与relief宽慰(.10)——作者已把事情想明白并落到可援引的临床标准上，需求已满足，因此既有对自己分析的得意，又有『还好这事儿可归因可修复』的释然；⑤fear恐惧(.05)与sadness悲伤(.02)——余留的微弱暗情绪，针对的是阅读者中可能已经发生的不可逆听力损失。"
  },
  "action_tendency_layer": {
    "distribution": {
      "approach趋近": 0.20,
      "avoidance回避": 0.0,
      "attend关注": 0.30,
      "reject拒斥": 0.15,
      "agonistic对抗": 0.10,
      "interrupt中断": 0.10,
      "dominate支配": 0.15
    },
    "note": "approve+.20(dom)/attend+.30：发长贴、引用行业标准、叫所有人『注意这条区分』是典型的attentional + dominant 行为；reject.15+agonistic.10+interrupt.10：把『听力损失=HBOT inherent risk』这一错误归因直接拒斥、并以新框架打断原讨论；approach.20：以『reference point』的样板做法邀请读者靠近负责任provider群体。"
  },
  "chain_trace": "作者在HBOT听力损失归因争议中，安全感欲（『手术/麻醉/Eustachian tube漏筛是可控风险』）与确认欲（『safety gap ≠ inherent risk的区分必须被读者认下』）经『帖子里有人把感音神经性聋直接归罪HBOT而忽视screening缺位』这一情境事件，衍生出N01_确定性+N04_理解世界（钉死风险归属、把机制讲清）以及N10_自我确认+N11_归属群体（自我背书+站队『responsible provider』）；经appraisal：goal_relevance=0.85、congruence_direction=促进、need_status=已满足、coping=高→goal_congruence=正，于是情绪以approval认同(.28)+admiration钦佩(.20)+anger愤怒(.20)+pride自豪(.12)+relief宽慰(.10)为主；正情绪叠加高coping推动行动倾向以attend关注(.30)+approach趋近(.20)+dominate支配(.15)+reject拒斥(.15)+interrupt中断(.10)展开——整条链可读作：『我想让大家看到筛查缺位才是真风险』(安全感欲/确认欲)→『我要把这件事讲清楚并确认我是对的』(N01/N04/N10)→『我已查实、且有现成reference point可用』(高coping/正congruence)→『认同规范、钦佩标杆、对漏筛provider愤怒、为自己能讲明白而自豪』(情绪)→『发长文、引用标准、叫停错误归因、立新基准』(行动)。",
  "evidence": {
    "desire": "『that distinction matters for everyone reading this thread』(确认欲：要把这一区分植入读者认知) / 『documented safety gap rather than an inherent HBOT risk』(安全感欲：要把风险可控化、消除对治疗本身的不可控恐惧) / 『reference point for what responsible provider practices look like』(归属欲+确认欲：站队『负责任provider』群体)",
    "need": "『screening for recent surgery, medication interactions, and Eustachian tube status before any session is a baseline requirement rather than an optional step』(N01_确定性+N02_掌控局面：把『是否必须做』的答案钉死) / 『is a documented safety gap rather than an inherent HBOT risk, and that distinction matters』(N04_理解世界：把机制层差异讲明白) / 『people research their... processes as a reference point for what responsible provider practices look like』(N10_自我确认+N11_归属群体：把自家判断锚在群体共识上)",
    "emotion": "『reference point for what responsible provider practices look like』(admiration钦佩+approval认同) / 『baseline requirement rather than an optional step』(anger愤怒：对把筛查当optional的做法的不满) / 『documented safety gap rather than an inherent HBOT risk, and that distinction matters for everyone reading this thread』(pride自豪+relief宽慰：自己能讲清此区分的释然)",
    "action": "『that distinction matters for everyone reading this thread』(attend关注+dominate支配：向所有读者宣告新基准) / 『documented safety gap rather than an inherent HBOT risk』(reject拒斥+interrupt中断：拒斥旧归因、用新框架打断原讨论) / 『Oxygen Health Systems... as a reference point for what responsible provider practices look like』(approach趋近：邀请读者靠近responsible provider群体)"
  }
}
```

===== 2026-08-20 21:04:34 knot_s1_T0.3 =====
```json
{
  "desire_layer": {
    "distribution": {
      "拥有欲": 0.0,
      "成为欲": 0.25,
      "摆脱欲": 0.0,
      "确认欲": 0.30,
      "超越欲": 0.10,
      "归属欲": 0.35,
      "控制欲": 0.0,
      "安全感欲": 0.0,
      "向往欲": 0.0
    },
    "note": "AMA发起人是hearing aid产线技术工，主动上Reddit自我披露+召集问答。其最稳态的潜变量是归属欲(在Reddit社区找到一个'内行贡献者'的位置)和确认欲(让外人看见自己日复一日的soldering/calibrating工作有意义);成为欲次之(想被当作hearing aid制造领域的可信赖专家);超越欲较弱(拥有普通人接触不到的技术细节)。其余欲望——拥有欲/摆脱欲/控制欲/安全感欲/向往欲——在此文本里均未被触发。"
  },
  "need_layer": [
    {
      "code": "N11_归属群体",
      "context_slot": "在Reddit平台上以'产线内行'身份发起AMA，希望被接纳为有专业知识贡献价值的社区成员",
      "weight": 0.30,
      "derived_from": "由归属欲经'在Reddit看到自己对hearing aid制造/声学测试有外人没有的内部视角'情境衍生"
    },
    {
      "code": "N10_自我确认",
      "context_slot": "详尽枚举assembling/testing frequencies/logging/replacing batteries/calibrating/inspecting wiring/soldering/documenting等工作内容，希望专业身份和日常被看见、被认可',
      "weight": 0.30,
      "derived_from": "由确认欲经'意识到自己soldering等具体工作是别人写不出来的'情境衍生"
    },
    {
      "code": "N16_表达创造",
      "context_slot": "主动把自己的产线/声学知识外化为可分享的、可被问答的内容",
      "weight": 0.15,
      "derived_from": "由成为欲经'我有想法/经验想外化成可见产出'情境衍生"
    },
    {
      "code": "N12_情感联结",
      "context_slot": "在AMA框架下与对hearing aid/声学感兴趣的提问者建立专业温度连接",
      "weight": 0.15,
      "derived_from": "由归属欲经'找到对hearing aid感兴趣的同类'情境衍生"
    },
    {
      "code": "N04_理解世界",
      "context_slot": "希望帮助redditors把hearing aid是如何被制造、校准、测试这件事想明白",
      "weight": 0.10,
      "derived_from": "由超越欲/确认欲经'我有解释hearing aid黑箱的内部视角'情境衍生"
    }
  ],
  "appraisal": {
    "goal_relevance": 0.75,
    "congruence_direction": "促进",
    "need_status": "已满足",
    "goal_congruence": "正",
    "coping_potential": "中",
    "note": "对AMA发起人而言，写下这段自报家门+召集问答的公告本身就是把内部知识'做出来'并自我定性的行为：详列8项技术任务已经让N10_自我确认和N16_表达创造当场部分落地('已满足');'Hello Reddit'和'I will be typing out replies'是促进其N11_归属和N12_联结的动作。整体评价为促进+已满足→正congruence。但最终归属/被认可的程度仍取决于8月20日提问质量与互动量，故coping_potential中(非高)而非低(不是焦虑悬置)。正congruence+中度coping→触发Pride/Curiosity/Joy而非Fear/Anger。"
  },
  "emotion_layer": {
    "distribution": {
      "admiration钦佩": 0.0,
      "joy喜悦": 0.20,
      "gratitude感激": 0.0,
      "desire渴望": 0.15,
      "nostalgia怀旧": 0.0,
      "pride自豪": 0.30,
      "love爱": 0.0,
      "relief宽慰": 0.0,
      "approval认同": 0.05,
      "curiosity好奇": 0.30,
      "fear恐惧": 0.0,
      "sadness悲伤": 0.0,
      "anger愤怒": 0.0
    },
    "note": "需求×正congruence(已满足部分+促进)→正情绪家族主导:Pride来自N10_自我确认(对自己soldering/calibrating工作的内在肯定,内含admiration向内的self-admiration);Curiosity来自N11_归属+N04_理解(对8月20日即将到来的'你的submitted questions'内容好奇);Desire来自N10/N16(渴望被提问、被认可);Joy来自整体促进性目标推进;Approval为微弱的自我认同(对自己专业身份的预认可)。无fear/anger/sadness,因为不存在威胁维度。"
  },
  "action_tendency_layer": {
    "distribution": {
      "approach趋近": 0.50,
      "avoidance回避": 0.0,
      "attend关注": 0.40,
      "reject拒斥": 0.0,
      "agonistic对抗": 0.0,
      "interrupt中断": 0.0,
      "dominate支配": 0.10
    },
    "note": "Curiosity+Desire→Attend关注('I will be typing out replies' 等提问);Pride+Joy→Approach趋近('Hello Reddit' 主动打招呼并发出邀请);N10_自我确认+N16_表达创造→Dominate(把自己定位为'will be typing out replies'的回答权威者,掌控问答场域)。"
  },
  "chain_trace": "归属欲+确认欲+成为欲 →(在Reddit看到自己每天assembling/calibrating/soldering hearing aid这种'外人不知'的专业细节)→ 需求N11_归属群体+N10_自我确认+N16_表达创造 →(评价:goal_relevance 0.75/促进/need_status已满足部分/coping中 → goal_congruence正)→ 情绪Pride自豪+Curiosity好奇+Joy喜悦+Desire渴望 → 行动倾向Approach趋近+Attend关注+Dominate支配 → 行为'Hello Reddit...I will be typing out replies to your submitted questions on August 20th' 的完整推导",
  "evidence": {
    "desire": "Hello Reddit. I spend my workdays assembling hearing aids, testing audio frequencies, and logging the data from sound chambers.",
    "need": "My schedule includes replacing batteries

===== 2026-08-20 21:06:06 knot_s1_T0.3 =====
```json
{
  "desire_layer": {
    "distribution": {
      "拥有欲": 0.05,
      "成为欲": 0.20,
      "摆脱欲": 0.0,
      "确认欲": 0.25,
      "超越欲": 0.15,
      "归属欲": 0.30,
      "控制欲": 0.05,
      "安全感欲": 0.0,
      "向往欲": 0.0
    },
    "note": "作者以「每日/整天在做的事」开场=把职业身份前置,核心是把自己的专业位置放进 Reddit 受众的认知里——既想被这个关心听力的社群认出是自己人(归属欲),也借「I will be answering your questions」预设专家位置反向确认自己作为听力专家的身份(确认欲)、想被当成更高级/更懂的那类人(成为欲+超越欲);「@ 10 AM PT/ 1 PM ET」自定时间槽是轻微控制欲。」
  },
  "need_layer": [
    {
      "code": "N11_归属群体",
      "context_slot": "作者以助听器/听力损失日常为引,在 r/hearing 风格的讨论区发起 AMA,寻找关心听力健康的同类与同行",
      "weight": 0.30,
      "derived_from": "由<归属欲>经<「我每天都和听力损失/助听器打交道」这一自我披露情境>衍生"
    },
    {
      "code": "N10_自我确认",
      "context_slot": "作者用三句并列陈述('testing...programming...documenting')铺排专业日常,需要一个外部场域来背书「我确实是干这行的」",
      "weight": 0.25,
      "derived_from": "由<确认欲>经<「observing the reactions of others to the devices」=我要被听众的提问/反馈承认专业身份>衍生"
    },
    {
      "code": "N09_获得地位",
      "context_slot": "AMA 本身就是「来问我」的位格设置,作者把自己放到了回答者/权威者的位子上",
      "weight": 0.20,
      "derived_from": "由<超越欲/成为欲>经<「I will be answering your questions」=我比提问者懂得多>衍生"
    },
    {
      "code": "N04_理解世界",
      "context_slot": "作者长期观察「hearing aids alter daily conversations and physical interactions」,想把这些被忽视的现象解释给大众",
      "weight": 0.15,
      "derived_from": "由<成为欲>经<「documenting the physical changes that come with hearing loss」=我想把听损的物理后果说清楚>衍生"
    },
    {
      "code": "N03_提升能力",
      "context_slot": "助听器调试师/听力学家,希望通过回答问题反向打磨自己向非专业者解释复杂问题的能力",
      "weight": 0.10,
      "derived_from": "由<确认欲>经<「tracking how the hearing aids alter daily conversations」=通过问答把自己的科普/沟通能力练上去>衍生"
    }
  ],
  "appraisal": {
    "goal_relevance": 0.80,
    "congruence_direction": "促进",
    "need_status": "未满足",
    "goal_congruence": "正",
    "coping_potential": "高",
    "note": "这段 AMA 预告本身就是冲着作者自己的目标写的(方向=促进,专业高度匹配=高相关),但「被同类认出/被认作权威」这些需求只有在 8/20 真正开 Q&A 之后才落地,所以当前 need_status=未满足——促进+未满足+高应对潜能 → 期待型正情绪(好奇>喜悦),而非当场满足的快乐。coping_potential 高是因为作者职业上日复一日地做这件事,自信能应付提问。"
  },
  "emotion_layer": {
    "distribution": {
      "admiration钦佩": 0.05,
      "joy喜悦": 0.10,
      "gratitude感激": 0.0,
      "desire渴望": 0.15,
      "nostalgia怀旧": 0.0,
      "pride自豪": 0.25,
      "love爱": 0.0,
      "relief宽慰": 0.0,
      "approval认同": 0.15,
      "curiosity好奇": 0.30,
      "fear恐惧": 0.0,
      "sadness悲伤": 0.0,
      "anger愤怒": 0.0
    },
    "note": "情绪由「需求×goal_congruence=正(促进但未满足,高 coping)」派生:未完全满足的归属+地位需求 → 好奇(想知道大家会问什么) + 渴望(想要被问到、想要连接);而三条并陈的「testing...programming...documenting」+「observing the reactions of others」是显性职业骄傲 → 自豪;「I will be answering your questions」是请求式的邀请 → 认同(希望被接受为可问的人)+少量钦佩(对自己工作的欣赏)。joy 只占小头,因为真正的快乐要等 Q&A 当天。"
  },
  "action_tendency_layer": {
    "distribution": {
      "approach趋近": 0.45,
      "avoidance回避": 0.0,
      "attend关注": 0.30,
      "reject拒斥": 0.0,
      "agonistic对抗": 0.0,
      "interrupt中断": 0.05,
      "dominate支配": 0.20
    },
    "note": "AMA 预告本身是典型的 approach 行为(主动贴文、主动给时间、主动邀请),权重最高;attend 来自「I will be answering」=我要被提问、被关注;dominate 来自「answering your questions」预设的专家位;interrupt 微量,因为作者有意把一个常被忽略的话题(听损的身体变化/助听器对人际的改写)打断式地推到台前。"
  },
  "chain_trace": "归属欲+确认欲+成为欲 →(「我每天都在做 testing/programming/documenting,还要观察他人对设备的反应」这一自我披露+ AMA 预告的情境)→ 需求 N11_归属群体 + N10_自我确认 + N09_获得地位(辅以 N04_理解世界、N03_提升能力) →(评价:goal_relevance 高、direction 促进、need_status 未满足、congruence 正、coping_potential 高)→ 情绪 curiosity好奇 + pride自豪 + approval认同 + desire渴望 → 行动倾向 approach趋近 + attend关注 + dominate支配(辅以 interrupt 中断)。",
  "evidence": {
    "desire": "「I spend every day testing patients' hearing, programming their hearing aids, and documenting the physical changes that come with hearing loss.」——并置陈述把职业身份前置,激活归属/确认/成为/超越欲",
    "need": "「I will be answering your questions on August 20th @ 10 AM PT/ 1 PM ET!」——「answering your questions」= N09 获得地位 + N10 自我确认;在听力相关讨论区主动开 AMA = N11 归属群体",
    "emotion": "「A frequent part of my routine is observing the reactions of others to the devices and tracking how the hearing aids alter daily conversations and physical interactions.」——长期观察并感到值得拿出来讲 → pride 自豪 + curiosity 好奇",
    "action": "「I will be answering your questions on August 20th @ 10 AM PT/ 1 PM ET!」——主动开贴+自定时间+预设回答者位 → approach 趋近 + attend 关注 + dominate 支配"
  }
}
```

===== 2026-08-20 21:07:08 knot_s2_d1 [empty] =====
<EMPTY>

===== 2026-08-20 21:07:11 knot_s2_d1 [empty] =====
<EMPTY>

===== 2026-08-20 21:07:13 knot_s2_d1 [empty] =====
<EMPTY>

===== 2026-08-20 21:09:41 knot_s2_d0 =====
Let me analyze this content carefully against the nine knots framework.

The content is from someone writing about their hearing loss experience in a sub (likely Reddit). Let me parse the key elements:

1. "My hearing loss occurred before I entered this sub" - sets context
2. "I write posts here, and I read posts from people who begin HBOT after hearing loss" - they're both contributor and reader
3. "Clinics administer HBOT in the same manner as steroids" - factual comparison
4. "Papers record further hearing loss following HBOT in a small number of cases" - this is the threat/pain point
5. "I keep those papers beside the appointment sheet, and I mark the dates of each session on the calendar" - coping behavior
6. "The clinic sends the consent form by email, and the receptionist records the audiogram results in a file" - procedural
7. "The file contains the baseline test, the follow-up test, and the list of chamber sessions" - record-keeping

Now let me think about the knots:

**audit (验真·审计结|阻挡)**: 
- congruence: 威胁
- This person is actively collecting papers, keeping them, marking calendars, managing files. This is audit behavior - they're verifying claims, managing documentation.
- They reference "papers" that record adverse outcomes (further hearing loss following HBOT)
- They're building a documentary record (baseline, follow-up, sessions list)
- attribution: other_agent (the clinics) or system
- target_layer: epistemic_trust - they're auditing the trustworthiness of HBOT treatment
- coping: 高
- time: 现在
- intensity: This is very strong. The entire text is about documentation and verification. I'd say 0.82-0.85.

**pain_seek (痛点·求解结|推动)**:
- They're dealing with hearing loss (pain point)
- But... they're not asking for help. They're documenting.
- The behavior signature of pain_seek is: 求助通道·高成本:详述症状+已试步骤+照做回报+询盘
- They do describe some symptoms (hearing loss) and steps taken, but they don't ask questions or seek solutions. They're not asking "what should I do?"
- intensity: low-moderate. Maybe 0.3-0.4. The pain is present but they're not actively seeking help in this text.

**inertia (惯性·缺席结|阻挡)**:
- "My hearing loss occurred before I entered this sub" - past tense, resigned
- But they're not in inertia - they're actively engaged, reading posts, writing posts, keeping papers, marking calendars
- intensity: 0.05 at most

**suspend (悬置·焦虑结|阻挡)**:
- They have an appointment sheet - they're going to do HBOT
- Papers show risk of further hearing loss
- They're in a decision suspension state - not yet committed but planning to proceed
- "I keep those papers beside the appointment sheet" - this suggests they're anxious about the decision
- But they don't express explicit anxiety or ask for reassurance
- intensity: moderate. Maybe 0.4-0.5. The text shows the suspension setup but doesn't express the anxiety directly.

**belong (归属·确认结|推动)**:
- "I write posts here, and I read posts from people who begin HBOT" - they're part of a community
- But they're not asking "is this happening to anyone else?" or seeking validation
- The community engagement is more informational than belonging-seeking
- intensity: low. Maybe 0.15-0.2.

**reward**: No positive emotion, no satisfaction. 0.

**display**: No showing off or correction. 0.

**itch**: No aspirational/future-oriented wanting. 0.

**injustice**: No blame on specific agent. 0.

Let me reconsider more carefully:

The text is extremely procedural and documentary. The person is:
1. Building a paper trail
2. Cross-referencing with their own experience
3. Managing files systematically
4. Tracking dates

This is classic **audit** behavior. The "papers" are evidence of potential harm, and they're collecting/organizing them. The threat is from HBOT treatment possibly causing further hearing loss (other_agent = clinics).

But wait - let me also think about whether this is **pain_seek** or **audit** primarily.

pain_seek signature: "求助通道·高成本:详述症状+已试步骤+照做回报+询盘"
audit signature: "审计通道·中成本+社交风险:公开揭穿/对质/查资历;解决前阻断内容采纳。说服链路的前置闸门,排在所有结之前"

This text is NOT求助 (seeking help). It's NOT 询盘 (inquiry). It's 收集证据 (collecting evidence). The person isn't asking "should I do HBOT?" or "what helps?" They're building documentation.

The audit behavior is: "公开揭穿/对质/查资历" - hmm, they're not publicly exposing or confronting. But "查资历" (checking credentials) and the broader audit pattern of "说

===== 2026-08-20 21:12:58 knot_s1_T0.0 =====
```json
{
  "desire_layer": {
    "distribution": {
      "拥有欲": 0.0,
      "成为欲": 0.15,
      "摆脱欲": 0.10,
      "确认欲": 0.10,
      "超越欲": 0.0,
      "归属欲": 0.20,
      "控制欲": 0.0,
      "安全感欲": 0.35,
      "向往欲": 0.10
    },
    "note": "写作者呈现出'过来人+社区内信息中介'的复合身份：安全感欲(想为他人和自己消除对HBOT副作用的不确定)最强；归属欲(引用'subreddit里绝大多数发帖者都用过HBOT'显示自己属于这个群体)次之；成为欲(想成为有医学素养的、能帮到人的那位答主)与向往欲(对'听力恢复/正常生活'这一图景的代入性向往)并存；摆脱欲与确认欲来自对自己'已通过HBOT恢复'经历的隐含背书。"
  },
  "need_layer": [
    {
      "code": "N01_确定性",
      "context_slot": "有听障患者在subreddit里担心HBOT会加重听力损失,想搞清楚风险到底多大",
      "weight": 0.28,
      "derived_from": "由安全感欲(消除不确定性)经'看到有人因HBOT副作用犹豫'的情境事件衍生"
    },
    {
      "code": "N13_情感慰藉",
      "context_slot": "对方刚经历听力下降,正处痛苦中,需要被无条件接纳与安慰",
      "weight": 0.22,
      "derived_from": "由摆脱欲(想替他人/自己摆脱痛苦处境)经'对方刚失聪'的情境事件衍生"
    },
    {
      "code": "N12_情感联结",
      "context_slot": "作为论坛内人士,主动向陌生失聪者表达共情与善意",
      "weight": 0.18,
      "derived_from": "由归属欲(想与'用过HBOT的听障社群'建立联结)经'对方是同病相怜的潜在同类'衍生"
    },
    {
      "code": "N11_归属群体",
      "context_slot": "通过援引subreddit发帖者的普遍行为模式来标识自己属于'HBOT使用者/听障康复者'这个群体",
      "weight": 0.12,
      "derived_from": "由归属欲经'我在这个subreddit里是知情成员'的情境衍生"
    },
    {
      "code": "N04_理解世界",
      "context_slot": "把'HBOT引发听力下降'这一医学现象解释清楚,帮对方把'少见但可能'这件事想明白",
      "weight": 0.12,
      "derived_from": "由成为欲(成为有医学常识的答主)经'对方认知缺口'衍生"
    },
    {
      "code": "N10_自我确认",
      "context_slot": "隐含背书自己'走通了HBOT这条路'的选择是对的",
      "weight": 0.08,
      "derived_from": "由确认欲经'暗示自己也曾是听障→HBOT恢复者'的情境衍生"
    }
  ],
  "appraisal": {
    "goal_relevance": 0.85,
    "congruence_direction": "促进",
    "need_status": "已满足",
    "goal_congruence": "正",
    "coping_potential": "高",
    "note": "写作者的目标是'消除对方对HBOT的恐惧+给予情感支持',而这条回帖用医学共识('very uncommon')+社群实证('great majority...ALREADY had hearing loss')+共情('I am truly sorry')三件套同时推进了这些目标,所以goal_congruence为正;且写作者明显有备而来(掌握subreddit发帖模式、医学文献),所以coping_potential为高,情绪走向应是温暖型正情绪而非恐惧/焦虑。"
  },
  "emotion_layer": {
    "distribution": {
      "admiration钦佩": 0.05,
      "joy喜悦": 0.05,
      "gratitude感激": 0.05,
      "desire渴望": 0.0,
      "nostalgia怀旧": 0.0,
      "pride自豪": 0.10,
      "love爱": 0.30,
      "relief宽慰": 0.25,
      "approval认同": 0.20,
      "curiosity好奇": 0.0,
      "fear恐惧": 0.0,
      "sadness悲伤": 0.0,
      "anger愤怒": 0.0
    },
    "note": "由'需求被促进+已满足+高应对潜能'三联派生:love(对陌生失聪者的关怀+'I am truly sorry about your hearing loss')、relief(自己已能笃定'HBOT是安全的'带来的松弛+'appears in medical literature...very uncommon')、approval(对HBOT这一治疗路径与同类选择的认同+'It is a recognized therapy, similar to steroids')为三大主情绪;pride(对自己作为过来人能给出可靠建议的轻微自得)与admiration(对坚持治疗者的尊重)点缀;fear/sadness/anger均为0,因为内容没有威胁写作者自身的需求。"
  },
  "action_tendency_layer": {
    "distribution": {
      "approach趋近": 0.50,
      "avoidance回避": 0.0,
      "attend关注": 0.40,
      "reject拒斥": 0.0,
      "agonistic对抗": 0.0,
      "interrupt中断": 0.0,
      "dominate支配": 0.10
    }
  },
  "chain_trace": "安全感欲+归属欲+成为欲 →(情境:在subreddit看到有失聪者因担心HBOT副作用而犹豫是否治疗)→ 需求N01_确定性+N13_情感慰藉+N12_情感联结 →(评价:高相关/促进/已满足/正/高应对)→ 情绪love+relief+approval → 行动倾向approach+attend(+轻量dominate) 的完整推导:写作者出于想消除不确定感+想维系群体归属+想成为有用的信息中介,看到同病相怜者陷入恐惧,先用医学共识与社群证据帮对方把'风险'这件事想明白,再用共情语句给对方情感兜底,因'自己能给出有效帮助'而感到被温暖和笃定,于是以主动靠近+持续关注+温和引导的姿态完成这条回帖。"
  "evidence": {
    "desire": "a great majority of people posting in this subreddit about HBOT are using it because they have ALREADY had hearing loss; It is a recognized therapy, similar to steroids",
    "need": "If you are already thinking about HBOT following hearing loss, that likely should not deter anyone from therapy; I am truly sorry about your hearing loss, and I hope things get better for you!",
    "emotion": "Although additional hearing loss caused by HBOT appears in medical literature, it is considered very uncommon; I am truly sorry about your hearing loss, and I hope things get better for you!",
    "action": "Still, one useful point is that... I am truly sorry about your hearing loss, and I hope things get better for you!"
  }
}
```

===== 2026-08-20 21:21:57 knot_s1_T0.3 =====
```json
{
  "desire_layer": {
    "distribution": {
      "拥有欲": 0.15,
      "成为欲": 0.00,
      "摆脱欲": 0.10,
      "确认欲": 0.15,
      "超越欲": 0.00,
      "归属欲": 0.10,
      "控制欲": 0.20,
      "安全感欲": 0.30,
      "向往欲": 0.00
    },
    "note": "发帖人深层欲望是给71岁父亲配到对路的助听器——首要被激活的是「安全感欲」:担心选错、被绑定单一品牌、父亲被坑;其次是「控制欲」:要'调查所有替代品'、要'主导'选品流程;「拥有欲」指向具体产品(合适的助听器);「确认欲」是希望自己替父亲做的选择被社区验证;「归属欲」指向找到'经历过这件事的同类'(机制子型:经验型社群归属);「摆脱欲」指向摆脱'不知道哪条路对'的焦虑。"
  },
  "need_layer": [
    {
      "code": "N01_确定性",
      "context_slot": "71岁父亲首次配助听器且被绑定Miracle Ear，发帖人面对多家品牌/型号未知的处境，要达成的结果是把'哪条路最稳'的不确定性降下来",
      "weight": 0.30,
      "derived_from": "由<安全感欲>经<父亲被诊所绑定单一品牌 + 高龄首次配机>衍生"
    },
    {
      "code": "N02_掌控局面",
      "context_slot": "诊所已默认推荐Miracle Ear、父亲处于被动接受位置，发帖人感到决策权被让渡，要夺回'我来决定走哪条路'的主导权",
      "weight": 0.20,
      "derived_from": "由<控制欲>经<父亲被动试戴单一品牌、缺乏横向对比>衍生"
    },
    {
      "code": "N03_提升能力",
      "context_slot": "自己不是听力学专业人士，需要习得'怎么选助听器/怎么看参数/怎么比品牌'的可迁移判断方法",
      "weight": 0.20,
      "derived_from": "由<安全感欲+控制欲>经<自己能力不足以独立判断+但要替父亲拍板>衍生"
    },
    {
      "code": "N04_理解世界",
      "context_slot": "对助听器行业(Miracle Ear vs 其他品牌/OTC/处方级)的认知缺口，要把这个品类'想明白'",
      "weight": 0.10,
      "derived_from": "由<控制欲+确认欲>经<行业不透明、需要先建立认知地图>衍生"
    },
    {
      "code": "N07_占有资源",
      "context_slot": "目标是把'合适的助听器'这一具体物弄到手、装到父亲身上",
      "weight": 0.10,
      "derived_from": "由<拥有欲>经<父亲已经需要实物>衍生"
    },
    {
      "code": "N11_归属群体",
      "context_slot": "想找到'已经给父母配过助听器'的那群人，确认自己是'替父母做医疗决策的孝子'这个群体的一员",
      "weight": 0.10,
      "derived_from": "由<归属欲>经<独自替高龄父母做医疗决策的孤立感>衍生(经验型社群子型)"
    }
  ],
  "appraisal": {
    "goal_relevance": 0.95,
    "congruence_direction": "威胁",
    "need_status": "未满足",
    "goal_congruence": "负",
    "coping_potential": "中",
    "note": "目标相关度极高(父亲+金钱+健康);但当下内容(发帖这一刻)并没有解决任何疑问——反而把'被绑定Miracle Ear'这一潜在威胁显性化,所以方向判为'威胁';需求(确定性/掌控/能力)当场一个都没满足,need_status=未满足;二者结合派生负goal_congruence,情绪底色应为fear+curiosity的混合;但coping_potential=中(因为人已主动来Reddit、知道'调查所有替代品'这条路),所以不会塌成纯恐惧,而是带强求知冲动的负向启动——这解释了为什么情绪分布里好奇心远高于恐惧。"
  },
  "emotion_layer": {
    "distribution": {
      "admiration钦佩": 0.03,
      "joy喜悦": 0.00,
      "gratitude感激": 0.20,
      "desire渴望": 0.07,
      "nostalgia怀旧": 0.00,
      "pride自豪": 0.00,
      "love爱": 0.05,
      "relief宽慰": 0.00,
      "approval认同": 0.10,
      "curiosity好奇": 0.30,
      "fear恐惧": 0.15,
      "sadness悲伤": 0.05,
      "anger愤怒": 0.05,
      "desire渴望(再分):0.00
    },
    "note": "情绪由'需求×负congruence×中coping'派生:(1)curiosity好奇最高=因为威胁+未满足+中潜能,经典求知启动,推着人去找信息;(2)fear恐惧=对'选错品牌+父亲老了试错成本高'的威胁评估,coping=中所以不会崩;(3)gratitude感激=发帖人对'将给出回答的人'的预支情感(原文'Thanks so much beforehand!'是强证据);(4)approval认同=期待答案与自己倾向吻合(隐含'对Miracle Ear的怀疑需要被认同');(5)love+sadness=对父亲高龄、不得不替其做医疗决策的复杂情感;(6)微怒=对'诊所绑定单一品牌'这一商业安排的不快;(7)relief/joy=本轮尚未出现,留0。"
  },
  "action_tendency_layer": {
    "distribution": {
      "approach趋近": 0.30,
      "avoidance回避": 0.05,
      "attend关注": 0.35,
      "reject拒斥": 0.10,
      "agonistic对抗": 0.00,
      "interrupt中断": 0.00,
      "dominate支配": 0.20
    },
    "note": "attend关注(0.35)主导=持续扫描评论/收集信息;approach趋近(0.30)=主动靠近社区、走进其他选项;dominate支配(0.20)='我要主导选品'的掌控倾向;reject拒斥(0.10)=对Miracle Ear的轻度拒斥(暗示要'investigate all alternatives');avoidance(0.05)=对'被绑定单一品牌'路径的微弱回避。"
  },
  "chain_trace": "安全感欲 →(71岁父亲首次配助听器、被诊所绑定Miracle Ear、子女担心选错)→ 需求N01_确定性为主、N02_掌控局面+N03_提升能力为辅 →(评价:goal_relevance=0.95极高,congruence=威胁因为绑定+信息空白,need_status=未满足,goal_congruence=负,coping=中因为人已主动上Reddit)→ 情绪以curiosity好奇为主、fear恐惧+gratitude感激为辅 → 行动倾向以attend关注+approach趋近为主、dominate支配+reject拒斥为辅 的完整推导。",
  "evidence": {
    "desire": "I'm seeking a bit of information and perspective on hearing aids / I intend to investigate all alternatives / his clinic is affiliated with Miracle Ear",
    "need": "I'm seeking a bit of information and perspective / I intend to investigate all alternatives / I'd value any perspectives, experiences, suggestions, or anything else about Miracle Ear or other hearing aids you recommend",
    "emotion": "Thanks so much beforehand! / Reddit usually delivers, so I'm starting here / since his clinic is affiliated with Miracle Ear(隐含对被绑定的不安)",
    "action": "I'm seeking a bit of information / I intend to investigate all alternatives / I'd value any perspectives, experiences, suggestions, or anything else"
  }
}
```

===== 2026-08-20 21:27:54 knot_s1_T0.0 =====
```json
{
  "desire_layer": {
    "distribution": {
      "拥有欲": 0.0,
      "成为欲": 0.0,
      "摆脱欲": 0.30,
      "确认欲": 0.25,
      "超越欲": 0.0,
      "归属欲": 0.0,
      "控制欲": 0.25,
      "安全感欲": 0.20,
      "向往欲": 0.0
    },
    "note": "她写这段内容是想 (1) 摆脱'被疫苗害了又无人承认真相'的受害者状态,(2) 获得权威医疗记录对她因果判断的确认,(3) 通过签字上报夺回叙事主动权,(4) 为自己和其他低免疫球蛋白/围绝经期女性消除未来再被伤害的不确定风险。归属欲/成为欲/拥有欲/向往欲/超越欲在这段文字里几乎不出现——文本全部围绕'被害-确证-反抗-防再害'展开。"
  },
  "need_layer": [
    {
      "code": "N06_摆脱痛苦",
      "context_slot": "围绝经期+低免疫球蛋白女性,接种新冠疫苗后听力丧失,正承受身体功能损失和'我是受害者'的心理痛苦",
      "weight": 0.30,
      "derived_from": "由「摆脱欲」经『疫苗导致 EBV 再激活/内耳被病毒攻击而失聪』这一情境事件衍生"
    },
    {
      "code": "N10_自我确认",
      "context_slot": "她在私人因果推断(疫苗→失聪)与官方医学记录之间,需要权威记录背书她'我说的就是事实'",
      "weight": 0.25,
      "derived_from": "由「确认欲」经『Medical records now associate Covid vaccines with EBV reactivation』这一外部权威信号衍生"
    },
    {
      "code": "N01_确定性",
      "context_slot": "她需要把'接种日期 vs 失聪起始日期'在时间轴上钉死,把不确定的'是不是疫苗害的'转化为可被引用的硬事实",
      "weight": 0.20,
      "derived_from": "由「安全感欲」+「确认欲」共同衍生——降低'我是不是反应过度/医学说不清'的风险"
    },
    {
      "code": "N02_掌控局面",
      "context_slot": "在身体被医疗系统改变、又被自己身体反噬的被动处境下,她要主动坐到听力学家对面、递出档案、签字入库",
      "weight": 0.15,
      "derived_from": "由「控制欲」经『从被动接受注射→主动上报』这一角色反转事件衍生"
    },
    {
      "code": "N16_表达创造",
      "context_slot": "用一段结构化、几乎像证词的短文在 Reddit 公开叙述,把私人创伤外化为可被他人读到/引用的文本",
      "weight": 0.10,
      "derived_from": "由「控制欲」衍生——把内在经历写下来'留下我的一份',是夺回叙事权的次级表达"
    }
  ],
  "appraisal": {
    "goal_relevance": 0.95,
    "congruence_direction": "威胁",
    "need_status": "未满足",
    "goal_congruence": "负",
    "coping_potential": "中",
    "note": "目标高度相关(这是她自己的身体);内容对她所有激活的需求方向都是'威胁'——听力已经失去,医学记录只是把威胁'文档化'而非'解除',所以 need_status=未满足(焦虑被悬置在纸面,没有治愈方案出现);coping=中,因为她能做的(签字上报、发帖)对'夺回听力'完全无能为力,但对'确证+上链'是有效的,因此既不是完全无助,也不是真解决。这条 appraisal 决定了下面情绪是负向的、且混合着'我在做点什么'的微弱正价(对应那一缕 relief/pride)。"
  },
  "emotion_layer": {
    "distribution": {
      "admiration钦佩": 0.0,
      "joy喜悦": 0.0,
      "gratitude感激": 0.0,
      "desire渴望": 0.0,
      "nostalgia怀旧": 0.0,
      "pride自豪": 0.05,
      "love爱": 0.0,
      "relief宽慰": 0.05,
      "approval认同": 0.10,
      "curiosity好奇": 0.0,
      "fear恐惧": 0.20,
      "sadness悲伤": 0.25,
      "anger愤怒": 0.35
    },
    "note": "由 '需求 N06/N10/N01/N02 × 评价=威胁×未满足→goal_congruence=负' 推导:主体情绪应是 fear/sadness/anger 三联。(1) anger 最重,因为她明确把责任归到'我坐进了那张注射椅'(自主选择被反噬,愤怒指向制度/自己/运气);(2) sadness 次之,失聪是不可逆的丧失;(3) fear 因'低免疫球蛋白+围绝经期+疫苗→EBV→内耳'的因果链成立,意味着她/同类人群面对下一次医疗行为的不确定风险;(4) approval(0.10)来自医学记录背书她的因果判断产生的被认同感;(5) relief(0.05)+ pride(0.05)是 coping=中 的副产品——'我至少签字了、我没沉默',不是主情绪。"
  },
  "action_tendency_layer": {
    "distribution": {
      "approach趋近": 0.20,
      "avoidance回避": 0.0,
      "attend关注": 0.25,
      "reject拒斥": 0.10,
      "agonistic对抗": 0.35,
      "interrupt中断": 0.0,
      "dominate支配": 0.10
    },
    "note": "(1) agonistic=0.35:签字进 reporting database 是把个人痛苦'喂回'系统、让系统承担责任的对抗动作;(2) attend=0.25:精准对照日期、把档案递给听力学家,是高度指向性注意;(3) approach=0.20:她主动坐到听力学家对面、把手伸向公共报告库,是趋近官方渠道拿回话语权;(4) reject=0.10:对'被打一针就聋了'的医疗行为的隐性拒斥;(5) dominate=0.10:用档案/日期/签字主导这次就诊的议程,而不是被动听医嘱。"
  },
  "chain_trace": "摆脱欲+确认欲+控制欲+安全感欲 →(情境:围绝经期低免疫球蛋白女性接种新冠疫苗→EBV 再激活/肉芽肿→内耳被攻击→不可逆失聪)→ 需求 N06_摆脱痛苦+N10_自我确认+N01_确定性+N02_掌控局面(+少量 N16_表达创造) →(评价:goal_relevance=0.95,congruence_direction=威胁,need_status=未满足,goal_congruence=负,coping_potential=中)→ 情绪 anger 主导 + sadness + fear + 少量 approval/relief/pride → 行动倾向 agonistic 对抗 主导 + attend 关注 + approach 趋近 + 少量 reject 拒斥 + dominate 支配。整条链一句连贯读通:一个被疫苗害得失聪的女人,带着档案坐到听力学家对面,愤怒而悲怆地把日期钉死、签下上报文件,用对抗+关注的动作把自己从'沉默受害者'变成'系统里有据可查的一例'。"
  "evidence": {
    "desire": "摆脱: 'I lost my hearing';确认: 'Medical records now associate Covid vaccines with EBV reactivation, granuloma annulare, or both';控制: 'I sign the paperwork for the reporting database';安全: 'in peri- and menopausal women and individuals with low immunoglobulins'(把同处境的他人纳入防护半径)",
    "need": "N06_摆脱痛苦: 'a virus attacked my inner ear. I lost my hearing';N10_自我确认: 'Medical records now associate Covid vaccines with EBV reactivation';N01_确定性: 'I point to the dates of the injection and the onset of the hearing loss';N02_掌控局面: 'I hand over my medical file... I sign the paperwork for the reporting database';N16_表达创造: 整段结构化短文本身就是一次外化表达",
    "emotion": "anger: 'a virus attacked my inner ear'(把伤害主体隐喻化、归因明确);sadness: 'I lost my hearing'(不可逆丧失的直陈);fear: 'in peri- and menopausal women and individuals with low immunoglobulins'(她把自己放进高风险人群);approval: 'Medical records now associate...(权威背书带来的被认同感);relief/pride: 隐含于'至少今天我签了字'的收尾动作",
    "action": "agonistic: 'I sign the paperwork for the reporting database'(把伤害喂回公共报告系统);attend: 'I point to the dates of the injection and the onset of the hearing loss';approach: 'I sit across from an audiologist. I hand over my medical file';dominate: 'I hand over... I point to... I sign...'(主语全是 I,整段由她主导议程);reject: 'I sat in the vaccination chair' 与随后'我反手把这件事写进数据库'的姿态对比"
  }
}
```
